route_id,route_code,route_name,route_color,troncal_id,troncal_name,troncal_zone,schedule_mon_sat,schedule_sun_hol,station_sequence,station_id,station_code,station_name,station_address
684,1,Portal Eldorado,#D5B079,10,Calle 26,K,4:30 AM - 11:00 PM,4:30 AM - 10:00 PM,1,6111,TM0122,Universidades CityU,KR 3 - CL 22
684,1,Portal Eldorado,#D5B079,10,Calle 26,K,4:30 AM - 11:00 PM,4:30 AM - 10:00 PM,2,6109,TM0123,Centro Memoria,AV. Eldorado - KR 19B
684,1,Portal Eldorado,#D5B079,10,Calle 26,K,4:30 AM - 11:00 PM,4:30 AM - 10:00 PM,3,6108,TM0124,Concejo de Bogotá,AV. Eldorado - KR 28
684,1,Portal Eldorado,#D5B079,10,Calle 26,K,4:30 AM - 11:00 PM,4:30 AM - 10:00 PM,4,6107,TM0125,Ciudad Universitaria- Lotería de Bogotá,AV. Eldorado - KR 33A
684,1,Portal Eldorado,#D5B079,10,Calle 26,K,4:30 AM - 11:00 PM,4:30 AM - 10:00 PM,5,6106,TM0126,Corferias,AV. Eldorado - KR 40
684,1,Portal Eldorado,#D5B079,10,Calle 26,K,4:30 AM - 11:00 PM,4:30 AM - 10:00 PM,6,6105,TM0127,Quinta Paredes,AV. Eldorado - KR 45
684,1,Portal Eldorado,#D5B079,10,Calle 26,K,4:30 AM - 11:00 PM,4:30 AM - 10:00 PM,7,6104,TM0128,Gobernacion,AV. Eldorado - KR 54
684,1,Portal Eldorado,#D5B079,10,Calle 26,K,4:30 AM - 11:00 PM,4:30 AM - 10:00 PM,8,6103,TM0129,CAN - British Council,AV. Eldorado - KR 59
684,1,Portal Eldorado,#D5B079,10,Calle 26,K,4:30 AM - 11:00 PM,4:30 AM - 10:00 PM,9,6102,TM0130,Salitre El Greco - Vive Claro,AV. Eldorado - KR 66
684,1,Portal Eldorado,#D5B079,10,Calle 26,K,4:30 AM - 11:00 PM,4:30 AM - 10:00 PM,10,6101,TM0131,El Tiempo - Cámara De Comercio De Bogotá,AV. Eldorado - KR 69
684,1,Portal Eldorado,#D5B079,10,Calle 26,K,4:30 AM - 11:00 PM,4:30 AM - 10:00 PM,11,6100,TM0132,Av. Rojas - UNISALESIANA,AV. Eldorado - KR 69D
684,1,Portal Eldorado,#D5B079,10,Calle 26,K,4:30 AM - 11:00 PM,4:30 AM - 10:00 PM,12,6002,TM0133,Normandia,AV. Eldorado - KR 74
684,1,Portal Eldorado,#D5B079,10,Calle 26,K,4:30 AM - 11:00 PM,4:30 AM - 10:00 PM,13,6001,TM0134,Modelia,AV. Eldorado - KR 82
684,1,Portal Eldorado,#D5B079,10,Calle 26,K,4:30 AM - 11:00 PM,4:30 AM - 10:00 PM,14,6000,TM0135,Portal El Dorado – C.C Nuestro Bogotá,AV. Eldorado - KR 91
697,1,Universidades,#E1A2AC,9,Eje Ambiental,J,4:30 AM - 11:00 PM,4:30 AM - 10:00 PM,1,6000,TM0135,Portal El Dorado – C.C Nuestro Bogotá,AV. Eldorado - KR 91
697,1,Universidades,#E1A2AC,9,Eje Ambiental,J,4:30 AM - 11:00 PM,4:30 AM - 10:00 PM,2,6001,TM0134,Modelia,AV. Eldorado - KR 82
697,1,Universidades,#E1A2AC,9,Eje Ambiental,J,4:30 AM - 11:00 PM,4:30 AM - 10:00 PM,3,6002,TM0133,Normandia,AV. Eldorado - KR 74
697,1,Universidades,#E1A2AC,9,Eje Ambiental,J,4:30 AM - 11:00 PM,4:30 AM - 10:00 PM,4,6100,TM0132,Av. Rojas - UNISALESIANA,AV. Eldorado - KR 69D
697,1,Universidades,#E1A2AC,9,Eje Ambiental,J,4:30 AM - 11:00 PM,4:30 AM - 10:00 PM,5,6101,TM0131,El Tiempo - Cámara De Comercio De Bogotá,AV. Eldorado - KR 69
697,1,Universidades,#E1A2AC,9,Eje Ambiental,J,4:30 AM - 11:00 PM,4:30 AM - 10:00 PM,6,6102,TM0130,Salitre El Greco - Vive Claro,AV. Eldorado - KR 66
697,1,Universidades,#E1A2AC,9,Eje Ambiental,J,4:30 AM - 11:00 PM,4:30 AM - 10:00 PM,7,6103,TM0129,CAN - British Council,AV. Eldorado - KR 59
697,1,Universidades,#E1A2AC,9,Eje Ambiental,J,4:30 AM - 11:00 PM,4:30 AM - 10:00 PM,8,6104,TM0128,Gobernacion,AV. Eldorado - KR 54
697,1,Universidades,#E1A2AC,9,Eje Ambiental,J,4:30 AM - 11:00 PM,4:30 AM - 10:00 PM,9,6105,TM0127,Quinta Paredes,AV. Eldorado - KR 45
697,1,Universidades,#E1A2AC,9,Eje Ambiental,J,4:30 AM - 11:00 PM,4:30 AM - 10:00 PM,10,6106,TM0126,Corferias,AV. Eldorado - KR 40
697,1,Universidades,#E1A2AC,9,Eje Ambiental,J,4:30 AM - 11:00 PM,4:30 AM - 10:00 PM,11,6107,TM0125,Ciudad Universitaria- Lotería de Bogotá,AV. Eldorado - KR 33A
697,1,Universidades,#E1A2AC,9,Eje Ambiental,J,4:30 AM - 11:00 PM,4:30 AM - 10:00 PM,12,6108,TM0124,Concejo de Bogotá,AV. Eldorado - KR 28
697,1,Universidades,#E1A2AC,9,Eje Ambiental,J,4:30 AM - 11:00 PM,4:30 AM - 10:00 PM,13,6109,TM0123,Centro Memoria,AV. Eldorado - KR 19B
697,1,Universidades,#E1A2AC,9,Eje Ambiental,J,4:30 AM - 11:00 PM,4:30 AM - 10:00 PM,14,6111,TM0122,Universidades CityU,KR 3 - CL 22
569,10-1,Avenida Bosa,#009944,7,NQS Sur,G,,,1,7000,TM0099,Portal Sur - JFK Coop. Financiera,Autopista Sur - KR 73
569,10-1,Avenida Bosa,#009944,7,NQS Sur,G,,,2,51064,012A09,Br. Villa Nhora,CL 59 Sur - KR 78B
569,10-1,Avenida Bosa,#009944,7,NQS Sur,G,,,3,51062,010A09,Br. José Antonio Galán,CL 59 Sur - KR 78L
569,10-1,Avenida Bosa,#009944,7,NQS Sur,G,,,4,51532,238A09,Br. La Sultana del Sur,CL 60 Sur - KR 80D
569,10-1,Avenida Bosa,#009944,7,NQS Sur,G,,,5,52118,608A09,Br. El Limonar,KR 80K - CL 63 Sur
569,10-1,Avenida Bosa,#009944,7,NQS Sur,G,,,6,52117,606A09,Br. La Paz,KR 82A - CL 61 Sur
569,10-1,Avenida Bosa,#009944,7,NQS Sur,G,,,7,51673,289A09,Br. La Paz,AV. C. de Cali - CL 61A Sur
569,10-1,Avenida Bosa,#009944,7,NQS Sur,G,,,8,52187,646A09,Colegio Claretiano,AV. Bosa - KR 80H
568,10-2,Bosa Centro,#009944,7,NQS Sur,G,4:00 AM - 12:30 AM,4:00 AM - 11:30 PM,1,7000,TM0099,Portal Sur - JFK Coop. Financiera,Autopista Sur - KR 73
568,10-2,Bosa Centro,#009944,7,NQS Sur,G,4:00 AM - 12:30 AM,4:00 AM - 11:30 PM,2,51156,046A09,Hsp. Pablo VI Bosa,CL 63 Sur - KR 77G
568,10-2,Bosa Centro,#009944,7,NQS Sur,G,4:00 AM - 12:30 AM,4:00 AM - 11:30 PM,3,51149,040A09,Br. La Estación,CL 63 Sur - KR 78C
568,10-2,Bosa Centro,#009944,7,NQS Sur,G,4:00 AM - 12:30 AM,4:00 AM - 11:30 PM,4,51150,041A09,C.R. La Capilla,CL 63 Sur - KR 79B
13028,10-2,Portal Sur,#009944,,,,4:00 AM - 12:30 AM,4:00 AM - 11:30 PM,1,51186,052A09,Zona Recreativa La Avenida Bosa,CL 65 Sur - KR 79C
13028,10-2,Portal Sur,#009944,,,,4:00 AM - 12:30 AM,4:00 AM - 11:30 PM,2,51181,049B09,Br. La Amistad Bosa,CL 65 Sur - KR 78H
13028,10-2,Portal Sur,#009944,,,,4:00 AM - 12:30 AM,4:00 AM - 11:30 PM,3,51157,047A09,Br. Gualoche,CL 65 Sur - KR 77M
13028,10-2,Portal Sur,#009944,,,,4:00 AM - 12:30 AM,4:00 AM - 11:30 PM,4,7000,TM0099,Portal Sur - JFK Coop. Financiera,Autopista Sur - KR 73
567,10-3,Alban Carbonell,#009944,7,NQS Sur,G,4:00 AM - 12:30 AM,4:00 AM - 11:30 PM,1,7000,TM0099,Portal Sur - JFK Coop. Financiera,Autopista Sur - KR 73
567,10-3,Alban Carbonell,#009944,7,NQS Sur,G,4:00 AM - 12:30 AM,4:00 AM - 11:30 PM,2,51496,212B09,Urbanización El Llano de Bosa,KR 78C - CL 68A Sur
567,10-3,Alban Carbonell,#009944,7,NQS Sur,G,4:00 AM - 12:30 AM,4:00 AM - 11:30 PM,3,51453,178A09,Br. Piamonte Naranjos,KR 78C - CL 70 Sur
567,10-3,Alban Carbonell,#009944,7,NQS Sur,G,4:00 AM - 12:30 AM,4:00 AM - 11:30 PM,4,51447,167A09,Calle 71D,TV 78D - CL 71D Sur
567,10-3,Alban Carbonell,#009944,7,NQS Sur,G,4:00 AM - 12:30 AM,4:00 AM - 11:30 PM,5,51956,490A09,Br. Gran Colombiano,TV 79D - CL 73B Sur
567,10-3,Alban Carbonell,#009944,7,NQS Sur,G,4:00 AM - 12:30 AM,4:00 AM - 11:30 PM,6,51408,137A09,Dg 73H,KR 79D - DG 73H Sur
567,10-3,Alban Carbonell,#009944,7,NQS Sur,G,4:00 AM - 12:30 AM,4:00 AM - 11:30 PM,7,51416,150A09,Br. Grancolombiano I,CL 75 Sur – KR 80M
567,10-3,Alban Carbonell,#009944,7,NQS Sur,G,4:00 AM - 12:30 AM,4:00 AM - 11:30 PM,8,51456,189A09,Br. Grancolombiano II Sector,KR 81 - CL 73A Sur
567,10-3,Alban Carbonell,#009944,7,NQS Sur,G,4:00 AM - 12:30 AM,4:00 AM - 11:30 PM,9,51486,203A09,Br. Piamonte Sector II,KR 81 - CL 70 B Sur
567,10-3,Alban Carbonell,#009944,7,NQS Sur,G,4:00 AM - 12:30 AM,4:00 AM - 11:30 PM,10,51491,208A09,Br. Piamonte Sector II,KR 81 - CL 68 Sur
567,10-3,Alban Carbonell,#009944,7,NQS Sur,G,4:00 AM - 12:30 AM,4:00 AM - 11:30 PM,11,52143,613A09,Br. Jiménez de Quesada II Sector,KR 81 – DG 65A Sur
567,10-3,Alban Carbonell,#009944,7,NQS Sur,G,4:00 AM - 12:30 AM,4:00 AM - 11:30 PM,12,51189,053A09,Col Inmaculado Corazón de María,CL 65 Sur - KR 80I
567,10-3,Alban Carbonell,#009944,7,NQS Sur,G,4:00 AM - 12:30 AM,4:00 AM - 11:30 PM,13,51527,227A09,Parque Central de Bosa,KR 80H – CL 60 Sur
710,10-3C,Alameda,#009944,7,NQS Sur,G,4:00 AM - 12:30 AM,4:00 AM - 11:30 PM,1,7000,TM0099,Portal Sur - JFK Coop. Financiera,Autopista Sur - KR 73
710,10-3C,Alameda,#009944,7,NQS Sur,G,4:00 AM - 12:30 AM,4:00 AM - 11:30 PM,2,51656,273A09,Br. La Estación,KR 77J - CL 69B Sur
710,10-3C,Alameda,#009944,7,NQS Sur,G,4:00 AM - 12:30 AM,4:00 AM - 11:30 PM,3,73878,701A09,Alameda del Parque,CL 74 Sur - KR 83A
710,10-3C,Alameda,#009944,7,NQS Sur,G,4:00 AM - 12:30 AM,4:00 AM - 11:30 PM,4,51449,168B09,Br. Villa Anny I,TV 79D - DG 73B Sur
710,10-3C,Alameda,#009944,7,NQS Sur,G,4:00 AM - 12:30 AM,4:00 AM - 11:30 PM,5,52157,634B09,Br. José María Carbonell,TV 78D - CL 71C Sur
710,10-3C,Alameda,#009944,7,NQS Sur,G,4:00 AM - 12:30 AM,4:00 AM - 11:30 PM,6,51452,177B09,Br. Nueva Granada Bosa,KR 78C - CL 70B Sur
710,10-3C,Alameda,#009944,7,NQS Sur,G,4:00 AM - 12:30 AM,4:00 AM - 11:30 PM,7,51494,211B09,Br. Nueva Granada Bosa,KR 78C - CL 69B Bis SurKR 78C - CL 69B Bis Sur
710,10-3C,Alameda,#009944,7,NQS Sur,G,4:00 AM - 12:30 AM,4:00 AM - 11:30 PM,8,51528,228A09,Urbanización La Amistad,KR 78C - CL 65J Sur
2462,10-4,Portal Sur,#009944,,,,,4:00 AM - 11:30 PM,1,51532,238A09,Br. La Sultana del Sur,CL 60 Sur - KR 80D
2462,10-4,Portal Sur,#009944,,,,,4:00 AM - 11:30 PM,2,52118,608A09,Br. El Limonar,KR 80K - CL 63 Sur
2462,10-4,Portal Sur,#009944,,,,,4:00 AM - 11:30 PM,3,51525,225A09,Br. Piamonte Etapa I,CL 68A Sur - KR 80K
2462,10-4,Portal Sur,#009944,,,,,4:00 AM - 11:30 PM,4,51487,204A09,Pq. Paso Ancho,KR 81 - CL 70A Sur
2462,10-4,Portal Sur,#009944,,,,,4:00 AM - 11:30 PM,5,51457,190A09,Br. Grancolombiano II Sector,KR 81 - CL 73A Sur
2462,10-4,Portal Sur,#009944,,,,,4:00 AM - 11:30 PM,6,52191,650A09,Pq. Laureles Alborada,AV. C. de Cali - KR 81F
2462,10-4,Portal Sur,#009944,,,,,4:00 AM - 11:30 PM,7,52187,646A09,Colegio Claretiano,AV. Bosa - KR 80H
2462,10-4,Portal Sur,#009944,,,,,4:00 AM - 11:30 PM,8,51061,009A09,Urbanización La Capilla,CL 59 Sur - KR 78L
2462,10-4,Portal Sur,#009944,,,,,4:00 AM - 11:30 PM,9,51063,011A09,Br. La Estancia,CL 59 Sur - KR 78B
2462,10-4,Portal Sur,#009944,,,,,4:00 AM - 11:30 PM,10,7000,TM0099,Portal Sur - JFK Coop. Financiera,Autopista Sur - KR 73
2460,10-4,Bosa Laureles,#009944,7,NQS Sur,G,,4:00 AM - 11:30 PM,1,7000,TM0099,Portal Sur - JFK Coop. Financiera,Autopista Sur - KR 73
2460,10-4,Bosa Laureles,#009944,7,NQS Sur,G,,4:00 AM - 11:30 PM,2,51064,012A09,Br. Villa Nhora,CL 59 Sur - KR 78B
2460,10-4,Bosa Laureles,#009944,7,NQS Sur,G,,4:00 AM - 11:30 PM,3,51062,010A09,Br. José Antonio Galán,CL 59 Sur - KR 78L
2460,10-4,Bosa Laureles,#009944,7,NQS Sur,G,,4:00 AM - 11:30 PM,4,51532,238A09,Br. La Sultana del Sur,CL 60 Sur - KR 80D
2460,10-4,Bosa Laureles,#009944,7,NQS Sur,G,,4:00 AM - 11:30 PM,5,52118,608A09,Br. El Limonar,KR 80K - CL 63 Sur
2460,10-4,Bosa Laureles,#009944,7,NQS Sur,G,,4:00 AM - 11:30 PM,6,51525,225A09,Br. Piamonte Etapa I,CL 68A Sur - KR 80K
2460,10-4,Bosa Laureles,#009944,7,NQS Sur,G,,4:00 AM - 11:30 PM,7,51487,204A09,Pq. Paso Ancho,KR 81 - CL 70A Sur
2460,10-4,Bosa Laureles,#009944,7,NQS Sur,G,,4:00 AM - 11:30 PM,8,51457,190A09,Br. Grancolombiano II Sector,KR 81 - CL 73A Sur
2460,10-4,Bosa Laureles,#009944,7,NQS Sur,G,,4:00 AM - 11:30 PM,9,52191,650A09,Pq. Laureles Alborada,AV. C. de Cali - KR 81F
2460,10-4,Bosa Laureles,#009944,7,NQS Sur,G,,4:00 AM - 11:30 PM,10,52187,646A09,Colegio Claretiano,AV. Bosa - KR 80H
10918,10-5,Terminal Sur Extensión,#009944,,,,4:00 AM - 9:00 AM,,1,7000,TM0099,Portal Sur - JFK Coop. Financiera,Autopista Sur - KR 73
10918,10-5,Terminal Sur Extensión,#009944,,,,4:00 AM - 9:00 AM,,2,52144,614A09,Terminal del Sur,Terminal Sur
10918,10-5,Terminal Sur Extensión,#009944,,,,4:00 AM - 9:00 AM,,3,51341,109B09,Cementerio Jardines del Apogeo,CL 59 Sur - KR 77K
10918,10-5,Terminal Sur Extensión,#009944,,,,4:00 AM - 9:00 AM,,4,51061,009A09,Urbanización La Capilla,CL 59 Sur - KR 78L
10918,10-5,Terminal Sur Extensión,#009944,,,,4:00 AM - 9:00 AM,,5,51063,011A09,Br. La Estancia,CL 59 Sur - KR 78B
10918,10-5,Terminal Sur Extensión,#009944,,,,4:00 AM - 9:00 AM,,6,74248,013A09,Barrio La Estancia,CL 59 Sur - KR 77L Bis
10918,10-5,Terminal Sur Extensión,#009944,,,,4:00 AM - 9:00 AM,,7,7000,TM0099,Portal Sur - JFK Coop. Financiera,Autopista Sur - KR 73
2481,10-5,Terminal Sur,#009944,,,,9:00 AM - 10:30 PM,04:00 AM - 10:00 PM,1,7000,TM0099,Portal Sur - JFK Coop. Financiera,Autopista Sur - KR 73
2481,10-5,Terminal Sur,#009944,,,,9:00 AM - 10:30 PM,04:00 AM - 10:00 PM,2,52144,614A09,Terminal del Sur,Terminal Sur
2481,10-5,Terminal Sur,#009944,,,,9:00 AM - 10:30 PM,04:00 AM - 10:00 PM,3,51341,109B09,Cementerio Jardines del Apogeo,CL 59 Sur - KR 77K
2481,10-5,Terminal Sur,#009944,,,,9:00 AM - 10:30 PM,04:00 AM - 10:00 PM,4,74248,013A09,Barrio La Estancia,CL 59 Sur - KR 77L Bis
2481,10-5,Terminal Sur,#009944,,,,9:00 AM - 10:30 PM,04:00 AM - 10:00 PM,5,7000,TM0099,Portal Sur - JFK Coop. Financiera,Autopista Sur - KR 73
4198,10-8,Olarte,#009944,7,NQS Sur,G,,4:00 AM - 7:00 PM,1,7000,TM0099,Portal Sur - JFK Coop. Financiera,Autopista Sur - KR 73
4198,10-8,Olarte,#009944,7,NQS Sur,G,,4:00 AM - 7:00 PM,2,51112,024A09,Br. Villa del Río,AV. V/cio - CL 54B Sur
4198,10-8,Olarte,#009944,7,NQS Sur,G,,4:00 AM - 7:00 PM,3,51782,367A09,Br. Jaqueline,CL 45 Sur - KR 73D
4198,10-8,Olarte,#009944,7,NQS Sur,G,,4:00 AM - 7:00 PM,4,51963,501A09,Br. Timiza A,CL 43 Sur - KR 73A
4198,10-8,Olarte,#009944,7,NQS Sur,G,,4:00 AM - 7:00 PM,5,51450,169A09,Lagos de Timiza II,TV 74A - AV. V/cio
4198,10-8,Olarte,#009944,7,NQS Sur,G,,4:00 AM - 7:00 PM,6,51797,382A09,Br. Tocarema,KR 78 - CL 43A Sur
4198,10-8,Olarte,#009944,7,NQS Sur,G,,4:00 AM - 7:00 PM,7,51964,502A09,Br. Timiza B,CL 45 Sur - KR 77Q
4198,10-8,Olarte,#009944,7,NQS Sur,G,,4:00 AM - 7:00 PM,8,52116,603A09,Urb. Olarte,KR 72A - CL 55B Sur
4198,10-8,Olarte,#009944,7,NQS Sur,G,,4:00 AM - 7:00 PM,9,7000,TM0099,Portal Sur - JFK Coop. Financiera,Autopista Sur - KR 73
531,1-1,Álamos,#009944,4,Calle 80,D,,4:30 AM - 11:30 PM,1,4000,TM0058,Portal 80,Portal 80 - AC 80 - KR 96
531,1-1,Álamos,#009944,4,Calle 80,D,,4:30 AM - 11:30 PM,2,51592,252A04,Br. Villas del Madrigal,KR 100B - CL 77B
531,1-1,Álamos,#009944,4,Calle 80,D,,4:30 AM - 11:30 PM,3,51582,233A04,Br. Villas del Madrigal,KR 100B - CL 75
531,1-1,Álamos,#009944,4,Calle 80,D,,4:30 AM - 11:30 PM,4,51514,203A04,Br. Álamos Norte,KR 101 - CL 72A
531,1-1,Álamos,#009944,4,Calle 80,D,,4:30 AM - 11:30 PM,5,51394,126A04,Pq. Público Plazuelas del Virrey,AC 72 - TV 106
531,1-1,Álamos,#009944,4,Calle 80,D,,4:30 AM - 11:30 PM,6,53039,385A05,Br. Plazuelas del Virrey,KR 105F - CL 70F
531,1-1,Álamos,#009944,4,Calle 80,D,,4:30 AM - 11:30 PM,7,53038,384A05,Br. Garcés Navas,KR 105A - CL 70D Bis A
531,1-1,Álamos,#009944,4,Calle 80,D,,4:30 AM - 11:30 PM,8,51632,311A04,Br. Molino del Viento,KR 103 - CL 73
531,1-1,Álamos,#009944,4,Calle 80,D,,4:30 AM - 11:30 PM,9,51633,312A04,Br. Molino del Viento,KR 103 - CL 77
531,1-1,Álamos,#009944,4,Calle 80,D,,4:30 AM - 11:30 PM,10,4000,TM0058,Portal 80,Portal 80 - AC 80 - KR 96
522,1-10,Bolivia Bochica II,#009944,4,Calle 80,D,4:30 AM - 12:30 AM,4:30 AM - 11:30 PM,1,4000,TM0058,Portal 80,Portal 80 - AC 80 - KR 96
522,1-10,Bolivia Bochica II,#009944,4,Calle 80,D,4:30 AM - 12:30 AM,4:30 AM - 11:30 PM,2,51588,246A04,Br. Bochica IV Etapa,KR 102 - CL 83
522,1-10,Bolivia Bochica II,#009944,4,Calle 80,D,4:30 AM - 12:30 AM,4:30 AM - 11:30 PM,3,51438,150A04,Br. Bolivia Oriental,DG 86A - KR 103C
522,1-10,Bolivia Bochica II,#009944,4,Calle 80,D,4:30 AM - 12:30 AM,4:30 AM - 11:30 PM,4,51612,287A04,Br. Bolivia Oriental II Etapa,KR 103D - CL 86
522,1-10,Bolivia Bochica II,#009944,4,Calle 80,D,4:30 AM - 12:30 AM,4:30 AM - 11:30 PM,5,51509,196A04,Br. Bolivia Oriental II Etapa,KR 103D - CL 83
522,1-10,Bolivia Bochica II,#009944,4,Calle 80,D,4:30 AM - 12:30 AM,4:30 AM - 11:30 PM,6,51443,155A04,Br. Bochica II,CL 83 - KR 103B
13032,11-6,Portal Suba,#009944,,,,4:30 AM - 12:30 AM,4:30 AM - 11:30 PM,1,54913,424A03,IED Nicolás Buenaventura,AV. C. de Cali - AC 153
13032,11-6,Portal Suba,#009944,,,,4:30 AM - 12:30 AM,4:30 AM - 11:30 PM,2,54918,433A03,Las Mercedes I,AK 104 - CL 162
13032,11-6,Portal Suba,#009944,,,,4:30 AM - 12:30 AM,4:30 AM - 11:30 PM,3,54329,022A03,Br. El Carmen Tuna Baja,CL 153 - KR 108
13032,11-6,Portal Suba,#009944,,,,4:30 AM - 12:30 AM,4:30 AM - 11:30 PM,4,55116,621A03,Portal de la Fontana,KR 11A - CL 152C
13032,11-6,Portal Suba,#009944,,,,4:30 AM - 12:30 AM,4:30 AM - 11:30 PM,5,54512,119A03,Urbanización Los Almendros Norte,CL 152B - KR 114 D
13032,11-6,Portal Suba,#009944,,,,4:30 AM - 12:30 AM,4:30 AM - 11:30 PM,6,54511,118A03,Urbanización Camino Verde,CL 152 - KR 116
13032,11-6,Portal Suba,#009944,,,,4:30 AM - 12:30 AM,4:30 AM - 11:30 PM,7,57651,410A00,Br. Rincón de Santa Inés,KR 117 - CL 151C
13032,11-6,Portal Suba,#009944,,,,4:30 AM - 12:30 AM,4:30 AM - 11:30 PM,8,55117,622A03,Br. Rincón de Santa Inés,CL 151B - KR 115
13032,11-6,Portal Suba,#009944,,,,4:30 AM - 12:30 AM,4:30 AM - 11:30 PM,9,54513,120A03,Br. Los Almendros Norte,KR 115 - CL 151 D
13032,11-6,Portal Suba,#009944,,,,4:30 AM - 12:30 AM,4:30 AM - 11:30 PM,10,57650,409A00,Br. Pinos de Lombardía,CL 152B - KR 114A
13032,11-6,Portal Suba,#009944,,,,4:30 AM - 12:30 AM,4:30 AM - 11:30 PM,11,54729,242A03,C.R. Fontana Grande,KR 111A - CL 151A
13032,11-6,Portal Suba,#009944,,,,4:30 AM - 12:30 AM,4:30 AM - 11:30 PM,12,58247,654A03,Pinos de Lombardia,CL 151A - KR 107
13032,11-6,Portal Suba,#009944,,,,4:30 AM - 12:30 AM,4:30 AM - 11:30 PM,13,3000,TM0045,Portal Suba,AV. Suba - AV. Ciudad de Cali
530,1-2,Garces Navas,#009944,4,Calle 80,D,4:30 AM - 12:30 AM,5:30 AM - 11:30 PM,1,4000,TM0058,Portal 80,Portal 80 - AC 80 - KR 96
530,1-2,Garces Navas,#009944,4,Calle 80,D,4:30 AM - 12:30 AM,5:30 AM - 11:30 PM,2,51475,170A04,Br. Garcés Navas,KR 107 - CL 78
530,1-2,Garces Navas,#009944,4,Calle 80,D,4:30 AM - 12:30 AM,5:30 AM - 11:30 PM,3,57649,406A00,Br. Garcés Navas,KR 107 - CL 76
530,1-2,Garces Navas,#009944,4,Calle 80,D,4:30 AM - 12:30 AM,5:30 AM - 11:30 PM,4,51467,158A04,Br. Garcés Navas,TV 106 - CL 73
530,1-2,Garces Navas,#009944,4,Calle 80,D,4:30 AM - 12:30 AM,5:30 AM - 11:30 PM,5,51474,169A04,Br. Garcés Navas,TV 106 - CL 75C
530,1-2,Garces Navas,#009944,4,Calle 80,D,4:30 AM - 12:30 AM,5:30 AM - 11:30 PM,6,51706,407A04,Br. Garcés Navas,TV 106 - CL 77D
530,1-2,Garces Navas,#009944,4,Calle 80,D,4:30 AM - 12:30 AM,5:30 AM - 11:30 PM,7,51435,147A04,Br. Garcés Navas,KR 107 - CL 78C
530,1-2,Garces Navas,#009944,4,Calle 80,D,4:30 AM - 12:30 AM,5:30 AM - 11:30 PM,8,4000,TM0058,Portal 80,Portal 80 - AC 80 - KR 96
2627,1-3,Villas de Granada,#009944,4,Calle 80,D,,5:30 AM - 11:30 PM,1,4000,TM0058,Portal 80,Portal 80 - AC 80 - KR 96
2627,1-3,Villas de Granada,#009944,4,Calle 80,D,,5:30 AM - 11:30 PM,2,51136,033A04,Br. Villas de Granada I,KR 110 - CL 77C
2627,1-3,Villas de Granada,#009944,4,Calle 80,D,,5:30 AM - 11:30 PM,3,51476,172A04,Br. Villas de Granada,CL 77 - KR 110A
2627,1-3,Villas de Granada,#009944,4,Calle 80,D,,5:30 AM - 11:30 PM,4,74145,901V04,Parque Villas de Granada,CL 77 - KR 112
2627,1-3,Villas de Granada,#009944,4,Calle 80,D,,5:30 AM - 11:30 PM,5,51748,436A04,Br. Bosques de Granada,KR 113 - CL 75
2627,1-3,Villas de Granada,#009944,4,Calle 80,D,,5:30 AM - 11:30 PM,6,51749,437A04,Br. Bosques de Granada,KR 113 - CL 72F
2627,1-3,Villas de Granada,#009944,4,Calle 80,D,,5:30 AM - 11:30 PM,7,51271,091A04,Salón Comunal La Perla,CL 72F - KR 111C
2627,1-3,Villas de Granada,#009944,4,Calle 80,D,,5:30 AM - 11:30 PM,8,51471,166A04,Br. Garcés Navas Sur,CL 73 - KR 110B
2627,1-3,Villas de Granada,#009944,4,Calle 80,D,,5:30 AM - 11:30 PM,9,51139,036A04,Gimnasio Moderno Montesoriano,KR 110 - CL 75B
2627,1-3,Villas de Granada,#009944,4,Calle 80,D,,5:30 AM - 11:30 PM,10,51137,034A04,Br. Garcés Navas,KR 110 - CL 77A
2627,1-3,Villas de Granada,#009944,4,Calle 80,D,,5:30 AM - 11:30 PM,11,4000,TM0058,Portal 80,Portal 80 - AC 80 - KR 96
600,13-10,Villa del Cerro,#009944,11,Carrera 10,L,,4:30 AM - 11:20 PM,1,10000,TM0145,Portal 20  de Julio,KR 5A - CL 30D Sur
600,13-10,Villa del Cerro,#009944,11,Carrera 10,L,,4:30 AM - 11:20 PM,2,55233,034A13,Br. Guacamayas I,AV. V/cio - KR 1 Bis
600,13-10,Villa del Cerro,#009944,11,Carrera 10,L,,4:30 AM - 11:20 PM,3,55198,016A13,Br. La Victoria,AV. V/cio - KR 3B Este
600,13-10,Villa del Cerro,#009944,11,Carrera 10,L,,4:30 AM - 11:20 PM,4,55282,069A13,Br. La Victoria,KR 4 Este - CL 39 Sur
600,13-10,Villa del Cerro,#009944,11,Carrera 10,L,,4:30 AM - 11:20 PM,5,55201,019A13,Cl 41 Sur,KR 4 E - CL 41 Sur
600,13-10,Villa del Cerro,#009944,11,Carrera 10,L,,4:30 AM - 11:20 PM,6,55467,165A13,Cl 44 Sur,TV 3C E - CL 44-27 Sur
600,13-10,Villa del Cerro,#009944,11,Carrera 10,L,,4:30 AM - 11:20 PM,7,55466,164A13,Urb. Villa del Cerro,KR 3 E - CL 46A Sur
600,13-10,Villa del Cerro,#009944,11,Carrera 10,L,,4:30 AM - 11:20 PM,8,55465,163A13,Br. Villa del Cerro,KR 3B E - CL 46 Sur
600,13-10,Villa del Cerro,#009944,11,Carrera 10,L,,4:30 AM - 11:20 PM,9,55468,166A13,Br. La Gloria Oriental,TV 3C E - CL 44 Sur
600,13-10,Villa del Cerro,#009944,11,Carrera 10,L,,4:30 AM - 11:20 PM,10,55200,018A13,Cl 41 A Bis Sur,AK 4 E - CL 41 A BIS Sur
600,13-10,Villa del Cerro,#009944,11,Carrera 10,L,,4:30 AM - 11:20 PM,11,55235,036A13,Br. La Victoria,KR 6 Este - CL 39 A Sur
600,13-10,Villa del Cerro,#009944,11,Carrera 10,L,,4:30 AM - 11:20 PM,12,55199,017A13,Br. La Victoria,AV. V/cio - KR 6 Este
600,13-10,Villa del Cerro,#009944,11,Carrera 10,L,,4:30 AM - 11:20 PM,13,55232,033A13,Br. Atenas,AV. V/cio - KR 0
600,13-10,Villa del Cerro,#009944,11,Carrera 10,L,,4:30 AM - 11:20 PM,14,10000,TM0145,Portal 20  de Julio,KR 5A - CL 30D Sur
606,13-12,Libertadores,#009944,11,Carrera 10,L,4:00 AM - 12:30 AM,4:30 AM - 11:20 PM,1,10000,TM0145,Portal 20  de Julio,KR 5A - CL 30D Sur
606,13-12,Libertadores,#009944,11,Carrera 10,L,4:00 AM - 12:30 AM,4:30 AM - 11:20 PM,2,55236,037A13,Br. Bellavista Sur,AV. V/cio - CL 38 Sur
606,13-12,Libertadores,#009944,11,Carrera 10,L,4:00 AM - 12:30 AM,4:30 AM - 11:20 PM,3,55238,039A13,Pq. La Herradura,AV. V/cio - CL 41A Sur
606,13-12,Libertadores,#009944,11,Carrera 10,L,4:00 AM - 12:30 AM,4:30 AM - 11:20 PM,4,55240,041A13,Pq. Bellavista Sur Oriental,AV. V/cio - CL 39 Sur
606,13-12,Libertadores,#009944,11,Carrera 10,L,4:00 AM - 12:30 AM,4:30 AM - 11:20 PM,5,57986,049A13,La Y,AV. De los Cerros - CL 37 Sur
606,13-12,Libertadores,#009944,11,Carrera 10,L,4:00 AM - 12:30 AM,4:30 AM - 11:20 PM,6,55265,051A13,Bosque de Los Alpes,AV. Circunvalar - CL 40A Sur
606,13-12,Libertadores,#009944,11,Carrera 10,L,4:00 AM - 12:30 AM,4:30 AM - 11:20 PM,7,55267,053A13,Hsp. San Cristóbal,AV. V/Cio - CL 42A BIS A Sur
606,13-12,Libertadores,#009944,11,Carrera 10,L,4:00 AM - 12:30 AM,4:30 AM - 11:20 PM,8,55269,055A13,Br. Altamira,AV. V/Cio - CL 45B Sur
606,13-12,Libertadores,#009944,11,Carrera 10,L,4:00 AM - 12:30 AM,4:30 AM - 11:20 PM,9,55271,057A13,Quebrada Chiguaza,AV. Circunvalar - CL 46G Sur
606,13-12,Libertadores,#009944,11,Carrera 10,L,4:00 AM - 12:30 AM,4:30 AM - 11:20 PM,10,55918,511A13,Br. El Pinar,AV. Circunvalar - CL 48 Sur
606,13-12,Libertadores,#009944,11,Carrera 10,L,4:00 AM - 12:30 AM,4:30 AM - 11:20 PM,11,55274,060A13,Pq. Los Pinares,AV. Circunvalar - CL 48B BIS Sur
606,13-12,Libertadores,#009944,11,Carrera 10,L,4:00 AM - 12:30 AM,4:30 AM - 11:20 PM,12,55459,154A13,Los Libertadores Sec San Ignacio,CL 56 Sur - KR 14D Bis E
606,13-12,Libertadores,#009944,11,Carrera 10,L,4:00 AM - 12:30 AM,4:30 AM - 11:20 PM,13,55457,152A13,Br. Los Libertadores,TV 14A E - DG 57 Sur
606,13-12,Libertadores,#009944,11,Carrera 10,L,4:00 AM - 12:30 AM,4:30 AM - 11:20 PM,14,55913,506A13,Br. Los Libertadores,KR 11B E - DG 60A Sur
606,13-12,Libertadores,#009944,11,Carrera 10,L,4:00 AM - 12:30 AM,4:30 AM - 11:20 PM,15,55458,153A13,Pq. Los Libertadores,CL 56 Sur - KR 14D Bis E
606,13-12,Libertadores,#009944,11,Carrera 10,L,4:00 AM - 12:30 AM,4:30 AM - 11:20 PM,16,55273,059A13,Pq. Los Pinares,AV. Circunvalar - CL 49 Sur
606,13-12,Libertadores,#009944,11,Carrera 10,L,4:00 AM - 12:30 AM,4:30 AM - 11:20 PM,17,55272,058A13,Quebrada Chiguaza,AV. Circunvalar - CL 46G Sur
606,13-12,Libertadores,#009944,11,Carrera 10,L,4:00 AM - 12:30 AM,4:30 AM - 11:20 PM,18,55270,056A13,Br. Puente Colorado,AV. V/cio - CL 45 Sur
606,13-12,Libertadores,#009944,11,Carrera 10,L,4:00 AM - 12:30 AM,4:30 AM - 11:20 PM,19,55268,054A13,Hsp. San Cristóbal,AV. V/Cio - CL 42A Bis Sur
606,13-12,Libertadores,#009944,11,Carrera 10,L,4:00 AM - 12:30 AM,4:30 AM - 11:20 PM,20,55266,052A13,Bosque de Los Alpes,AV. V/Cio - CL 40A Sur
606,13-12,Libertadores,#009944,11,Carrera 10,L,4:00 AM - 12:30 AM,4:30 AM - 11:20 PM,21,57970,050A13,Pq. Nueva España,AV. Circunvalar - CL 37 Sur
606,13-12,Libertadores,#009944,11,Carrera 10,L,4:00 AM - 12:30 AM,4:30 AM - 11:20 PM,22,55241,042A13,Pq. Bellavista,AV. V/cio - CL 39 Sur
606,13-12,Libertadores,#009944,11,Carrera 10,L,4:00 AM - 12:30 AM,4:30 AM - 11:20 PM,23,55239,040A13,Pq. La Herradura,AV. V/cio - CL 41 Sur
606,13-12,Libertadores,#009944,11,Carrera 10,L,4:00 AM - 12:30 AM,4:30 AM - 11:20 PM,24,55237,038A13,Br. Bellavista,AV. V/cio - CL 38 Sur
606,13-12,Libertadores,#009944,11,Carrera 10,L,4:00 AM - 12:30 AM,4:30 AM - 11:20 PM,25,10000,TM0145,Portal 20  de Julio,KR 5A - CL 30D Sur
2613,13-13,Resurrección,#009944,11,Carrera 10,L,4:00 AM - 12:30 AM,4:30 AM - 11:20 PM,1,74263,20JulAlim,Portal 20 de Julio Alimentación,Portal 20 de Julio
2613,13-13,Resurrección,#009944,11,Carrera 10,L,4:00 AM - 12:30 AM,4:30 AM - 11:20 PM,2,53403,072A12,IED Enrique Olaya Herrera,AK 10 - CL 34 Sur
2613,13-13,Resurrección,#009944,11,Carrera 10,L,4:00 AM - 12:30 AM,4:30 AM - 11:20 PM,3,53861,316A12,Br. Los Pijaos,DG 35 Sur - KR 11
2613,13-13,Resurrección,#009944,11,Carrera 10,L,4:00 AM - 12:30 AM,4:30 AM - 11:20 PM,4,53806,301A12,Las Lomas,TV 11A - DG 38G Sur
2613,13-13,Resurrección,#009944,11,Carrera 10,L,4:00 AM - 12:30 AM,4:30 AM - 11:20 PM,5,53799,291A12,Las Lomas,CL 37 Sur - KR 12A
2613,13-13,Resurrección,#009944,11,Carrera 10,L,4:00 AM - 12:30 AM,4:30 AM - 11:20 PM,6,53856,311A12,La Resurrección,DG 32C BIS A Sur - TV 12D
2613,13-13,Resurrección,#009944,11,Carrera 10,L,4:00 AM - 12:30 AM,4:30 AM - 11:20 PM,7,53854,309A12,Br. Granjas de Santa Sofía,CL 33 Bis Sur - KR 14
2613,13-13,Resurrección,#009944,11,Carrera 10,L,4:00 AM - 12:30 AM,4:30 AM - 11:20 PM,8,53929,353A12,Las Colinas,DG 32H Sur - KR 15A
2613,13-13,Resurrección,#009944,11,Carrera 10,L,4:00 AM - 12:30 AM,4:30 AM - 11:20 PM,9,53930,354A12,Las Colinas,TV 15B - DG 32Bis Sur
2613,13-13,Resurrección,#009944,11,Carrera 10,L,4:00 AM - 12:30 AM,4:30 AM - 11:20 PM,10,53931,355A12,Las Colinas - Sector Divino Niño,CL 32 Bis Sur - KR 14D
2613,13-13,Resurrección,#009944,11,Carrera 10,L,4:00 AM - 12:30 AM,4:30 AM - 11:20 PM,11,53932,356A12,Bosque San Carlos,CL 31A Sur - KR 13A
2613,13-13,Resurrección,#009944,11,Carrera 10,L,4:00 AM - 12:30 AM,4:30 AM - 11:20 PM,12,53933,357A12,Fundación Hospital San Carlos,CL 31A Sur - KR 12B
2613,13-13,Resurrección,#009944,11,Carrera 10,L,4:00 AM - 12:30 AM,4:30 AM - 11:20 PM,13,53859,314A12,Colegio Carmen Teresiano,KR 12 Bis - CL 34 Sur
2613,13-13,Resurrección,#009944,11,Carrera 10,L,4:00 AM - 12:30 AM,4:30 AM - 11:20 PM,14,53807,302A12,Urb. Las Lomas I y II Sector,CL 36 Sur - KR 11
2613,13-13,Resurrección,#009944,11,Carrera 10,L,4:00 AM - 12:30 AM,4:30 AM - 11:20 PM,15,74263,20JulAlim,Portal 20 de Julio Alimentación,Portal 20 de Julio
604,13-6,Juan Rey,#009944,11,Carrera 10,L,4:00 AM - 12:30 AM,4:30 AM - 11:20 PM,1,10000,TM0145,Portal 20  de Julio,KR 5A - CL 30D Sur
604,13-6,Juan Rey,#009944,11,Carrera 10,L,4:00 AM - 12:30 AM,4:30 AM - 11:20 PM,2,55498,179A13,Br. Altos del Poblado,KR 11 E - CL 40 Sur
604,13-6,Juan Rey,#009944,11,Carrera 10,L,4:00 AM - 12:30 AM,4:30 AM - 11:20 PM,3,55297,084A13,Br. Altamira,DG 46 Sur - KR 11 Bis A E
604,13-6,Juan Rey,#009944,11,Carrera 10,L,4:00 AM - 12:30 AM,4:30 AM - 11:20 PM,4,55913,506A13,Br. Los Libertadores,KR 11B E - DG 60A Sur
604,13-6,Juan Rey,#009944,11,Carrera 10,L,4:00 AM - 12:30 AM,4:30 AM - 11:20 PM,5,55286,073A13,Br. La Belleza,TV 11A E - CL 64 Sur
604,13-6,Juan Rey,#009944,11,Carrera 10,L,4:00 AM - 12:30 AM,4:30 AM - 11:20 PM,6,55283,070A13,Quebrada La Nutria,KR 11A E - CL 67 Sur
604,13-6,Juan Rey,#009944,11,Carrera 10,L,4:00 AM - 12:30 AM,4:30 AM - 11:20 PM,7,55427,137A13,Br. Valparaíso,CL 68 Sur - KR 11B Este
604,13-6,Juan Rey,#009944,11,Carrera 10,L,4:00 AM - 12:30 AM,4:30 AM - 11:20 PM,8,55428,140A13,Br. Juan Rey,CL 68 Sur - KR 12 Este
604,13-6,Juan Rey,#009944,11,Carrera 10,L,4:00 AM - 12:30 AM,4:30 AM - 11:20 PM,9,55431,144A13,Br. Juan Rey,CL 68 Sur - AV. Circunvalar
604,13-6,Juan Rey,#009944,11,Carrera 10,L,4:00 AM - 12:30 AM,4:30 AM - 11:20 PM,10,55757,441A13,Br. Juan Rey,CL 69 Sur - KR 13B Este
604,13-6,Juan Rey,#009944,11,Carrera 10,L,4:00 AM - 12:30 AM,4:30 AM - 11:20 PM,11,55758,442A13,Br. Juan Rey,CL 69 Sur - KR 11D Este
604,13-6,Juan Rey,#009944,11,Carrera 10,L,4:00 AM - 12:30 AM,4:30 AM - 11:20 PM,12,55426,136A13,Br. Los Pinos,DG 68 Sur - KR 11B E
604,13-6,Juan Rey,#009944,11,Carrera 10,L,4:00 AM - 12:30 AM,4:30 AM - 11:20 PM,13,55284,071A13,Quebrada La Nutria,KR 11A E - CL 67 Sur
604,13-6,Juan Rey,#009944,11,Carrera 10,L,4:00 AM - 12:30 AM,4:30 AM - 11:20 PM,14,55285,072A13,Br. La Belleza,TV 11A E - CL 64 Sur
604,13-6,Juan Rey,#009944,11,Carrera 10,L,4:00 AM - 12:30 AM,4:30 AM - 11:20 PM,15,74270,913V13,Br. Los Libertadores,KR 12B Este - CL 56 Sur
604,13-6,Juan Rey,#009944,11,Carrera 10,L,4:00 AM - 12:30 AM,4:30 AM - 11:20 PM,16,55298,085A13,Br. Altamira,DG 46 Sur - KR 11 Bis A E
604,13-6,Juan Rey,#009944,11,Carrera 10,L,4:00 AM - 12:30 AM,4:30 AM - 11:20 PM,17,55499,180A13,Br. San José Sur Oriental,KR 11 E - CL 39 Sur
604,13-6,Juan Rey,#009944,11,Carrera 10,L,4:00 AM - 12:30 AM,4:30 AM - 11:20 PM,18,10000,TM0145,Portal 20  de Julio,KR 5A - CL 30D Sur
603,13-7,Peninsula,#009944,11,Carrera 10,L,4:00 AM - 12:30 AM,4:30 AM - 11:20 PM,1,10000,TM0145,Portal 20  de Julio,KR 5A - CL 30D Sur
603,13-7,Peninsula,#009944,11,Carrera 10,L,4:00 AM - 12:30 AM,4:30 AM - 11:20 PM,2,55242,043A13,Br. Las Lomas,KR 4C - CL 36B Sur
603,13-7,Peninsula,#009944,11,Carrera 10,L,4:00 AM - 12:30 AM,4:30 AM - 11:20 PM,3,55228,029A13,Br. Las Guacamayas,AV. V/cio - KR 3G
603,13-7,Peninsula,#009944,11,Carrera 10,L,4:00 AM - 12:30 AM,4:30 AM - 11:20 PM,4,55502,184A13,Urb. Las Guacamayas,CL 37A Sur - KR 2C
603,13-7,Peninsula,#009944,11,Carrera 10,L,4:00 AM - 12:30 AM,4:30 AM - 11:20 PM,5,55670,368A13,Br. Las Guacamayas,KR 2A - CL 37C
603,13-7,Peninsula,#009944,11,Carrera 10,L,4:00 AM - 12:30 AM,4:30 AM - 11:20 PM,6,55668,366A13,Br. Las Guacamayas,KR 1B - CL 38 - 39 Sur
603,13-7,Peninsula,#009944,11,Carrera 10,L,4:00 AM - 12:30 AM,4:30 AM - 11:20 PM,7,55463,160A13,Br. San Martín de Loba,KR 1A - CL 41 Sur
603,13-7,Peninsula,#009944,11,Carrera 10,L,4:00 AM - 12:30 AM,4:30 AM - 11:20 PM,8,55461,158A13,Quebrada La Chiguaza,KR 1A - CL 43A Sur
603,13-7,Peninsula,#009944,11,Carrera 10,L,4:00 AM - 12:30 AM,4:30 AM - 11:20 PM,9,55914,507A13,Br. La Península El Paraíso,KR 1 - CL 48 Sur
603,13-7,Peninsula,#009944,11,Carrera 10,L,4:00 AM - 12:30 AM,4:30 AM - 11:20 PM,10,55712,410A13,Br. La Península,TV 1 Bis - CL 47 Sur
603,13-7,Peninsula,#009944,11,Carrera 10,L,4:00 AM - 12:30 AM,4:30 AM - 11:20 PM,11,55460,157A13,Quebrada La Chiguaza,KR 1A - CL 43A- 24 Sur
603,13-7,Peninsula,#009944,11,Carrera 10,L,4:00 AM - 12:30 AM,4:30 AM - 11:20 PM,12,55462,159A13,Br. San Martín,KR 1A - CL 41 Sur
603,13-7,Peninsula,#009944,11,Carrera 10,L,4:00 AM - 12:30 AM,4:30 AM - 11:20 PM,13,55669,367A13,Br. Las Guacamayas,KR 1B - CL 38 - 20 Sur
603,13-7,Peninsula,#009944,11,Carrera 10,L,4:00 AM - 12:30 AM,4:30 AM - 11:20 PM,14,55671,369A13,CAI Guacamayas,KR 2A - CL 37B
603,13-7,Peninsula,#009944,11,Carrera 10,L,4:00 AM - 12:30 AM,4:30 AM - 11:20 PM,15,55503,185A13,Urb. Las Guacamayas,CL 37A Sur - KR 2C - 10
603,13-7,Peninsula,#009944,11,Carrera 10,L,4:00 AM - 12:30 AM,4:30 AM - 11:20 PM,16,55231,032A13,Br. Villa de Los Alpes,AV. V/cio  - KR 1B
603,13-7,Peninsula,#009944,11,Carrera 10,L,4:00 AM - 12:30 AM,4:30 AM - 11:20 PM,17,55229,030A13,Br. Villa de Los Alpes,KR 3B - CL 36 BIS Sur
603,13-7,Peninsula,#009944,11,Carrera 10,L,4:00 AM - 12:30 AM,4:30 AM - 11:20 PM,18,10000,TM0145,Portal 20  de Julio,KR 5A - CL 30D Sur
602,13-9,Tihuaque,#009944,11,Carrera 10,L,4:00 AM - 12:30 AM,4:30 AM - 11:20 PM,1,10000,TM0145,Portal 20  de Julio,KR 5A - CL 30D Sur
602,13-9,Tihuaque,#009944,11,Carrera 10,L,4:00 AM - 12:30 AM,4:30 AM - 11:20 PM,2,55454,149A13,Br. Nueva Delhi,AV. Cerros - CL 61 Sur
602,13-9,Tihuaque,#009944,11,Carrera 10,L,4:00 AM - 12:30 AM,4:30 AM - 11:20 PM,3,57647,595A13,Mirador del Este,KR 15 Este - CL 64 Sur
602,13-9,Tihuaque,#009944,11,Carrera 10,L,4:00 AM - 12:30 AM,4:30 AM - 11:20 PM,4,55453,146A13,Cl 64A S,AV. Circunvalar - CL 64A Sur
602,13-9,Tihuaque,#009944,11,Carrera 10,L,4:00 AM - 12:30 AM,4:30 AM - 11:20 PM,5,55429,142A13,CED Juan Rey,AV. Circunvalar -CL 70 Sur
602,13-9,Tihuaque,#009944,11,Carrera 10,L,4:00 AM - 12:30 AM,4:30 AM - 11:20 PM,6,55424,134A13,Br. Yomasa,AV. V/Cio - CL 72A Sur Juan Rey
602,13-9,Tihuaque,#009944,11,Carrera 10,L,4:00 AM - 12:30 AM,4:30 AM - 11:20 PM,7,55416,126A13,Pq San Cayetano,AV. Circunvalar - CL 73A Sur
602,13-9,Tihuaque,#009944,11,Carrera 10,L,4:00 AM - 12:30 AM,4:30 AM - 11:20 PM,8,55418,128A13,Br. La Cabaña,AV. V/Cio - CL 77A Sur
602,13-9,Tihuaque,#009944,11,Carrera 10,L,4:00 AM - 12:30 AM,4:30 AM - 11:20 PM,9,55386,113A13,Br. Liliana,AV. Circunvalar - CL 81 Sur
602,13-9,Tihuaque,#009944,11,Carrera 10,L,4:00 AM - 12:30 AM,4:30 AM - 11:20 PM,10,55384,109A13,Cl 82 S,AV. Circunvalar - CL 82 Sur
602,13-9,Tihuaque,#009944,11,Carrera 10,L,4:00 AM - 12:30 AM,4:30 AM - 11:20 PM,11,55382,107A13,Br. Villa Diana,AV. Circunvalar - CL 86 Sur
602,13-9,Tihuaque,#009944,11,Carrera 10,L,4:00 AM - 12:30 AM,4:30 AM - 11:20 PM,12,55383,108A13,Br. Tihuaque,AV. Circunvalar - CL 87 Sur
602,13-9,Tihuaque,#009944,11,Carrera 10,L,4:00 AM - 12:30 AM,4:30 AM - 11:20 PM,13,55385,110A13,Br. San Pedro S,AV. V/Cio - CL 82 Sur
602,13-9,Tihuaque,#009944,11,Carrera 10,L,4:00 AM - 12:30 AM,4:30 AM - 11:20 PM,14,55387,114A13,Urb. Compartir,AV. V/Cio - CL 81 Sur
602,13-9,Tihuaque,#009944,11,Carrera 10,L,4:00 AM - 12:30 AM,4:30 AM - 11:20 PM,15,55419,129A13,Cl 77A S,AV. Circunvalar - CL 77A Sur
602,13-9,Tihuaque,#009944,11,Carrera 10,L,4:00 AM - 12:30 AM,4:30 AM - 11:20 PM,16,55423,133A13,Cl 75B S,AV. Circunvalar - CL 75B Sur
602,13-9,Tihuaque,#009944,11,Carrera 10,L,4:00 AM - 12:30 AM,4:30 AM - 11:20 PM,17,55417,127A13,Pq San Cayetano,AV. Circunvalar - CL 73A Sur
602,13-9,Tihuaque,#009944,11,Carrera 10,L,4:00 AM - 12:30 AM,4:30 AM - 11:20 PM,18,55425,135A13,Br. Juan Rey,AV. Circunvalar - CL 71B Sur Br. Juan Rey
602,13-9,Tihuaque,#009944,11,Carrera 10,L,4:00 AM - 12:30 AM,4:30 AM - 11:20 PM,19,55430,143A13,Br. Ciudad Londres I,AV. Circunvalar - CL 68 Sur
602,13-9,Tihuaque,#009944,11,Carrera 10,L,4:00 AM - 12:30 AM,4:30 AM - 11:20 PM,20,55432,145A13,CED la Chiguaza,AV. Circunvalar - CL 64 A Sur
602,13-9,Tihuaque,#009944,11,Carrera 10,L,4:00 AM - 12:30 AM,4:30 AM - 11:20 PM,21,55455,150A13,Br. Chiguaza,AV. V/Cio - CL 62A Sur
602,13-9,Tihuaque,#009944,11,Carrera 10,L,4:00 AM - 12:30 AM,4:30 AM - 11:20 PM,22,10000,TM0145,Portal 20  de Julio,KR 5A - CL 30D Sur
2637,1-4,Cortijo,#009944,4,Calle 80,D,4:30 AM - 12:30 AM,5:30 AM - 11:30 PM,1,4000,TM0058,Portal 80,Portal 80 - AC 80 - KR 96
2637,1-4,Cortijo,#009944,4,Calle 80,D,4:30 AM - 12:30 AM,5:30 AM - 11:30 PM,2,51587,245A04,Urb. Parque de los Sauces,CL 81 - KR 115
2637,1-4,Cortijo,#009944,4,Calle 80,D,4:30 AM - 12:30 AM,5:30 AM - 11:30 PM,3,51637,317A04,Br. El Cortijo,KR 116A - CL 82
2637,1-4,Cortijo,#009944,4,Calle 80,D,4:30 AM - 12:30 AM,5:30 AM - 11:30 PM,4,51638,318A04,Quintas de Santa Bárbara,KR 116A - CL 83A
2637,1-4,Cortijo,#009944,4,Calle 80,D,4:30 AM - 12:30 AM,5:30 AM - 11:30 PM,5,51424,135A04,Ciudadela Colsubsidio IV Sector,DG 89A - KR 115
2637,1-4,Cortijo,#009944,4,Calle 80,D,4:30 AM - 12:30 AM,5:30 AM - 11:30 PM,6,51425,136A04,Ciudadela Colsubsidio IV Sector,DG 89B - KR 115A
2637,1-4,Cortijo,#009944,4,Calle 80,D,4:30 AM - 12:30 AM,5:30 AM - 11:30 PM,7,51639,319A04,Conjunto Los Manzanos,KR 117 - CL 89A
2637,1-4,Cortijo,#009944,4,Calle 80,D,4:30 AM - 12:30 AM,5:30 AM - 11:30 PM,8,51403,134A04,Quintas de Santa Bárbara,KR 116A - CL 83A
2637,1-4,Cortijo,#009944,4,Calle 80,D,4:30 AM - 12:30 AM,5:30 AM - 11:30 PM,9,4000,TM0058,Portal 80,Portal 80 - AC 80 - KR 96
527,1-5,Ciudadela Colsubsidio,#009944,4,Calle 80,D,4:30 AM - 12:30 AM,4:30 AM - 11:30 PM,1,4000,TM0058,Portal 80,Portal 80 - AC 80 - KR 96
527,1-5,Ciudadela Colsubsidio,#009944,4,Calle 80,D,4:30 AM - 12:30 AM,4:30 AM - 11:30 PM,2,51223,083A04,Br. Portal del Mortiño,AC 80 - KR 109A
527,1-5,Ciudadela Colsubsidio,#009944,4,Calle 80,D,4:30 AM - 12:30 AM,4:30 AM - 11:30 PM,3,51603,267A04,Br. Portal del Mortiño,KR 111 CL 80A
527,1-5,Ciudadela Colsubsidio,#009944,4,Calle 80,D,4:30 AM - 12:30 AM,4:30 AM - 11:30 PM,4,51429,141A04,Pquia Ntra señora de la Reconcil,KR 111C - DG 82A
527,1-5,Ciudadela Colsubsidio,#009944,4,Calle 80,D,4:30 AM - 12:30 AM,4:30 AM - 11:30 PM,5,51430,142A04,Br. Ciudadela Colsubsidio,KR 111C - CL 86A
527,1-5,Ciudadela Colsubsidio,#009944,4,Calle 80,D,4:30 AM - 12:30 AM,4:30 AM - 11:30 PM,6,51579,229A04,Br. Ciudadela Colsubsidio,KR 112F - CL 89B
527,1-5,Ciudadela Colsubsidio,#009944,4,Calle 80,D,4:30 AM - 12:30 AM,4:30 AM - 11:30 PM,7,51600,264A04,C.C. Unicentro de Occidente,KR 112F - DG 86 Bis
527,1-5,Ciudadela Colsubsidio,#009944,4,Calle 80,D,4:30 AM - 12:30 AM,4:30 AM - 11:30 PM,8,51140,037A04,Br. Ciudadela Colsubsidio,KR 113 - CL 82
527,1-5,Ciudadela Colsubsidio,#009944,4,Calle 80,D,4:30 AM - 12:30 AM,4:30 AM - 11:30 PM,9,51601,265A04,Br. Ciudadela Colsubsidio,KR 112F - CL 82
527,1-5,Ciudadela Colsubsidio,#009944,4,Calle 80,D,4:30 AM - 12:30 AM,4:30 AM - 11:30 PM,10,51602,266A04,Br. Ciudadela Colsubsidio,CL 81 - KR 112F
527,1-5,Ciudadela Colsubsidio,#009944,4,Calle 80,D,4:30 AM - 12:30 AM,4:30 AM - 11:30 PM,11,4000,TM0058,Portal 80,Portal 80 - AC 80 - KR 96
2670,1-6,Bolivia Oriental,#009944,4,Calle 80,D,4:30 AM - 12:30 AM,4:30 AM - 11:30 PM,1,4000,TM0058,Portal 80,Portal 80 - AC 80 - KR 96
2670,1-6,Bolivia Oriental,#009944,4,Calle 80,D,4:30 AM - 12:30 AM,4:30 AM - 11:30 PM,2,51641,321A04,Br. Bochica,TV 94L - CL 82
2670,1-6,Bolivia Oriental,#009944,4,Calle 80,D,4:30 AM - 12:30 AM,4:30 AM - 11:30 PM,3,51436,148A04,Urb Terraza de San Antonio,AK 104 - CL 80A
2670,1-6,Bolivia Oriental,#009944,4,Calle 80,D,4:30 AM - 12:30 AM,4:30 AM - 11:30 PM,4,51620,298A04,Urb. Bochica III,CL 82 - KR 102
2670,1-6,Bolivia Oriental,#009944,4,Calle 80,D,4:30 AM - 12:30 AM,4:30 AM - 11:30 PM,5,4000,TM0058,Portal 80,Portal 80 - AC 80 - KR 96
2537,16-1,Tierra Grata,#009944,10,Calle 26,K,4:30 AM - 12:20 AM,4:30 AM - 11:30 PM,1,6000,TM0135,Portal El Dorado – C.C Nuestro Bogotá,AV. Eldorado - KR 91
2537,16-1,Tierra Grata,#009944,10,Calle 26,K,4:30 AM - 12:20 AM,4:30 AM - 11:30 PM,2,52926,306A05,Br. Álamos,TV 93 - CL 65
2537,16-1,Tierra Grata,#009944,10,Calle 26,K,4:30 AM - 12:20 AM,4:30 AM - 11:30 PM,3,53050,398A05,Br. Álamos III,CL 66 A - KR 96 A
2537,16-1,Tierra Grata,#009944,10,Calle 26,K,4:30 AM - 12:20 AM,4:30 AM - 11:30 PM,4,53051,399A05,Br. Álamos II,CL 66 A - KR 98
2537,16-1,Tierra Grata,#009944,10,Calle 26,K,4:30 AM - 12:20 AM,4:30 AM - 11:30 PM,5,53052,400A05,Br. Tierra Grata,KR 101 - CL 69
2537,16-1,Tierra Grata,#009944,10,Calle 26,K,4:30 AM - 12:20 AM,4:30 AM - 11:30 PM,6,53192,468A05,Parque de los Ángeles,CL 70 - KR 99
2537,16-1,Tierra Grata,#009944,10,Calle 26,K,4:30 AM - 12:20 AM,4:30 AM - 11:30 PM,7,53053,401A05,Br. Los Ángeles IV,KR 99 - CL 68 A
2537,16-1,Tierra Grata,#009944,10,Calle 26,K,4:30 AM - 12:20 AM,4:30 AM - 11:30 PM,8,53054,402A05,Br. Álamos I,CL 66 A - KR 96A
2537,16-1,Tierra Grata,#009944,10,Calle 26,K,4:30 AM - 12:20 AM,4:30 AM - 11:30 PM,9,52355,056A05,Los Ángeles,AK 96 - CL 65
2537,16-1,Tierra Grata,#009944,10,Calle 26,K,4:30 AM - 12:20 AM,4:30 AM - 11:30 PM,10,52760,201A05,Centro Artesanal El Dorado,AC 63 - AK 96
1577,16-12,Portal El Dorado,#009944,,,,4:30 AM - 12:30 AM,,1,53292,227A06,FUENGIROLA,KR 116 - CL 17D
1577,16-12,Portal El Dorado,#009944,,,,4:30 AM - 12:30 AM,,2,53561,438A06,Br. El Portal Fontibón,CL 17D - KR 119A
1577,16-12,Portal El Dorado,#009944,,,,4:30 AM - 12:30 AM,,3,53562,439A06,Br. San Pablo,CL 19 - KR 121
1577,16-12,Portal El Dorado,#009944,,,,4:30 AM - 12:30 AM,,4,53563,440A06,Br. San Pablo Jericó,CL 18A - KR 123
1577,16-12,Portal El Dorado,#009944,,,,4:30 AM - 12:30 AM,,5,53564,441A06,Br. San Pablo,KR 120 - CL 17
1577,16-12,Portal El Dorado,#009944,,,,4:30 AM - 12:30 AM,,6,53426,335A06,Br. San Pablo Jericó,CL 17D - KR 117
1577,16-12,Portal El Dorado,#009944,,,,4:30 AM - 12:30 AM,,7,53293,229A06,Urb. Batavia,AK 116 - CL 19
1577,16-12,Portal El Dorado,#009944,,,,4:30 AM - 12:30 AM,,8,53345,251A06,IED Atahualpa,AK 116 - CL 22F
1577,16-12,Portal El Dorado,#009944,,,,4:30 AM - 12:30 AM,,9,53390,302A06,Br. Atahualpa,CL 22I - KR 112A
1577,16-12,Portal El Dorado,#009944,,,,4:30 AM - 12:30 AM,,10,53388,300A06,Urb. El Chital,KR 111A - Calle 22J
1577,16-12,Portal El Dorado,#009944,,,,4:30 AM - 12:30 AM,,11,53387,297A06,Br. Versalles Fontibón,CL 23D - KR 111
1577,16-12,Portal El Dorado,#009944,,,,4:30 AM - 12:30 AM,,12,53394,316A06,Br. Versalles Fontibón,CL 23D - KR 108
1577,16-12,Portal El Dorado,#009944,,,,4:30 AM - 12:30 AM,,13,53395,317A06,Br. La Cabaña Fontibón,CL 23D - KR 104B
1577,16-12,Portal El Dorado,#009944,,,,4:30 AM - 12:30 AM,,14,53396,320A06,Br. La Cabaña Fontibón,CL 23D - KR 103
1577,16-12,Portal El Dorado,#009944,,,,4:30 AM - 12:30 AM,,15,53019,073A06,Br. La Cabaña,KR 103 - KR 23I
1577,16-12,Portal El Dorado,#009944,,,,4:30 AM - 12:30 AM,,16,53553,431A06,Br. San José De Fontibón,AC 26 - KR 96A
1577,16-12,Portal El Dorado,#009944,,,,4:30 AM - 12:30 AM,,17,6000,TM0135,Portal El Dorado – C.C Nuestro Bogotá,AV. Eldorado - KR 91
2560,16-14,Aeropuerto,#009944,10,Calle 26,K,4:30 AM - 12:20 AM,4:30 AM - 11:30 PM,1,6000,TM0135,Portal El Dorado – C.C Nuestro Bogotá,AV. Eldorado - KR 91
2560,16-14,Aeropuerto,#009944,10,Calle 26,K,4:30 AM - 12:20 AM,4:30 AM - 11:30 PM,2,53015,378A05,Villa del Mar,AC 26 - KR 100 Bis
2560,16-14,Aeropuerto,#009944,10,Calle 26,K,4:30 AM - 12:20 AM,4:30 AM - 11:30 PM,3,52733,194A05,CIAC,AC 26 - KR 103
2560,16-14,Aeropuerto,#009944,10,Calle 26,K,4:30 AM - 12:20 AM,4:30 AM - 11:30 PM,4,60140,380A05,Puente Aéreo,Puente Aéreo
2560,16-14,Aeropuerto,#009944,10,Calle 26,K,4:30 AM - 12:20 AM,4:30 AM - 11:30 PM,5,53037,383A05,Puente Aéreo,AC 26 - KR 106
2560,16-14,Aeropuerto,#009944,10,Calle 26,K,4:30 AM - 12:20 AM,4:30 AM - 11:30 PM,6,58727,377D05,Aeropuerto Eldorado,Aeropuerto Eldorado
2560,16-14,Aeropuerto,#009944,10,Calle 26,K,4:30 AM - 12:20 AM,4:30 AM - 11:30 PM,7,73769,382A06,CAC,AC 26 - KR 106
2560,16-14,Aeropuerto,#009944,10,Calle 26,K,4:30 AM - 12:20 AM,4:30 AM - 11:30 PM,8,73770,383A06,Aeronáutica Civil,AC 26 - KR 103
2560,16-14,Aeropuerto,#009944,10,Calle 26,K,4:30 AM - 12:20 AM,4:30 AM - 11:30 PM,9,6000,TM0135,Portal El Dorado – C.C Nuestro Bogotá,AV. Eldorado - KR 91
4789,16-2,Engativá Centro,#009944,10,Calle 26,K,,5:30 AM - 11:20 PM,1,6000,TM0135,Portal El Dorado – C.C Nuestro Bogotá,AV. Eldorado - KR 91
4789,16-2,Engativá Centro,#009944,10,Calle 26,K,,5:30 AM - 11:20 PM,2,52839,239A05,IED Antonio Villavicencio,KR 112 - CL 65
4789,16-2,Engativá Centro,#009944,10,Calle 26,K,,5:30 AM - 11:20 PM,3,53076,404A05,Br. El Porvenir,DG 66 - KR 112C
4789,16-2,Engativá Centro,#009944,10,Calle 26,K,,5:30 AM - 11:20 PM,4,53077,405A05,Br. Centro Engativá II,CL 67A - TV 113B Bis
4789,16-2,Engativá Centro,#009944,10,Calle 26,K,,5:30 AM - 11:20 PM,5,53008,370A05,Br. Nuevo Milenio,CL 67 - KR 115A
4789,16-2,Engativá Centro,#009944,10,Calle 26,K,,5:30 AM - 11:20 PM,6,52808,224A05,Br. La Cabaña,CL 67 - KR 116B
4789,16-2,Engativá Centro,#009944,10,Calle 26,K,,5:30 AM - 11:20 PM,7,52804,219A05,Br. Linterama,KR 116C - CL 64B
4789,16-2,Engativá Centro,#009944,10,Calle 26,K,,5:30 AM - 11:20 PM,8,53239,500A05,Br. Sabana del Dorado,KR 117 - CL 63D
4789,16-2,Engativá Centro,#009944,10,Calle 26,K,,5:30 AM - 11:20 PM,9,74170,530A05,Villa Gladys,AC 63 - KR 113A
4789,16-2,Engativá Centro,#009944,10,Calle 26,K,,5:30 AM - 11:20 PM,10,52772,208B05,Br. Marandú,AC 63 - KR 112
509,16-3,Álamos,#009944,10,Calle 26,K,,4:30 AM - 11:20 PM,1,6000,TM0135,Portal El Dorado – C.C Nuestro Bogotá,AV. Eldorado - KR 91
509,16-3,Álamos,#009944,10,Calle 26,K,,4:30 AM - 11:20 PM,2,52431,096A05,Pq. Empresarial El Dorado,TV 93 - CL 53
509,16-3,Álamos,#009944,10,Calle 26,K,,4:30 AM - 11:20 PM,3,52926,306A05,Br. Álamos,TV 93 - CL 65
509,16-3,Álamos,#009944,10,Calle 26,K,,4:30 AM - 11:20 PM,4,53042,389A05,Florida Blanca,CL 68A - TV95
509,16-3,Álamos,#009944,10,Calle 26,K,,4:30 AM - 11:20 PM,5,53191,467A05,IED Florida Blanca,CL 70A - KR 94
509,16-3,Álamos,#009944,10,Calle 26,K,,4:30 AM - 11:20 PM,6,52941,328A05,Br. Florida Blanca,CL 70A - KR 90
509,16-3,Álamos,#009944,10,Calle 26,K,,4:30 AM - 11:20 PM,7,52950,339A05,Br. La Florida,CL 70A - KR 87
509,16-3,Álamos,#009944,10,Calle 26,K,,4:30 AM - 11:20 PM,8,52337,034B05,Br. Florida Blanca,AV. C. de Cali - CL 68
509,16-3,Álamos,#009944,10,Calle 26,K,,4:30 AM - 11:20 PM,9,53181,453A05,Br. Pinar de los Álamos,AV. C. de Cali - CL 65 Bis
509,16-3,Álamos,#009944,10,Calle 26,K,,4:30 AM - 11:20 PM,10,52640,169A05,Br. La Isabela I Etapa,AV. C. de Cali - CL 64G
509,16-3,Álamos,#009944,10,Calle 26,K,,4:30 AM - 11:20 PM,11,53168,153A06,Centro Industrial La Rabida,AV. C. de Cali - DG 25G
508,16-4,El Muelle,#009944,10,Calle 26,K,,5:30 AM - 11:20 PM,1,6000,TM0135,Portal El Dorado – C.C Nuestro Bogotá,AV. Eldorado - KR 91
508,16-4,El Muelle,#009944,10,Calle 26,K,,5:30 AM - 11:20 PM,2,52361,063A05,Portal de Santa Inés,AC 63 - KR 98
508,16-4,El Muelle,#009944,10,Calle 26,K,,5:30 AM - 11:20 PM,3,52763,203A05,Br. Alameda,AC 63 - KR 105
508,16-4,El Muelle,#009944,10,Calle 26,K,,5:30 AM - 11:20 PM,4,52844,244A05,Br. El Muelle,KR 106A - CL 64
508,16-4,El Muelle,#009944,10,Calle 26,K,,5:30 AM - 11:20 PM,5,52846,249A05,Br. Las Mercedes,KR 106A - CL 67A
508,16-4,El Muelle,#009944,10,Calle 26,K,,5:30 AM - 11:20 PM,6,52851,258A05,Br. Centauro Danubio,CL 68 - KR 105G
508,16-4,El Muelle,#009944,10,Calle 26,K,,5:30 AM - 11:20 PM,7,52812,228A05,Br. Alameda,KR 105 - CL 64
508,16-4,El Muelle,#009944,10,Calle 26,K,,5:30 AM - 11:20 PM,8,52762,202A05,Portal de Santa Inés,AC 63 - KR 97C
4791,16-6,La Faena,#009944,10,Calle 26,K,,5:30 AM - 11:20 PM,1,6000,TM0135,Portal El Dorado – C.C Nuestro Bogotá,AV. Eldorado - KR 91
4791,16-6,La Faena,#009944,10,Calle 26,K,,5:30 AM - 11:20 PM,2,52364,067A05,Terminal TUYO,CL 64 - KR 113D
4791,16-6,La Faena,#009944,10,Calle 26,K,,5:30 AM - 11:20 PM,3,52367,069A05,C.C. Muisca,CL 64 - KR 118B
4791,16-6,La Faena,#009944,10,Calle 26,K,,5:30 AM - 11:20 PM,4,52371,071A05,Pq. Engativá,CL 64 - KR 122A
4791,16-6,La Faena,#009944,10,Calle 26,K,,5:30 AM - 11:20 PM,5,53089,417A05,Br. Engativá Zona Urbana,KR 125 - CL 64
4791,16-6,La Faena,#009944,10,Calle 26,K,,5:30 AM - 11:20 PM,6,52957,350A05,IED General Santander,CL 66B - KR 123
4791,16-6,La Faena,#009944,10,Calle 26,K,,5:30 AM - 11:20 PM,7,53088,416A05,JAC Engativá Centro Sede Comunal,CL 66B - KR 121
4791,16-6,La Faena,#009944,10,Calle 26,K,,5:30 AM - 11:20 PM,8,52806,222A05,Hospital de Engativá Emaús,KR 121 - CL 64B
4791,16-6,La Faena,#009944,10,Calle 26,K,,5:30 AM - 11:20 PM,9,52365,068A05,Liceo Salomón Sabio,KR 121 - CL 63G
4791,16-6,La Faena,#009944,10,Calle 26,K,,5:30 AM - 11:20 PM,10,52442,110A05,Br. Sabana del Dorado,CL 63B - KR 119C
3904,16-7,Portal Eldorado,#009944,,,,4:30 AM - 12:30 AM,4:30 AM - 11:20 PM,1,56689,136A07,Praderas de Fontibón,KR 123 - CL 14
3904,16-7,Portal Eldorado,#009944,,,,4:30 AM - 12:30 AM,4:30 AM - 11:20 PM,2,56619,339A07,Br. El Charco,CL 14B - KR 123
3904,16-7,Portal Eldorado,#009944,,,,4:30 AM - 12:30 AM,4:30 AM - 11:20 PM,3,56478,222A07,Urb La Estancia,KR 119A - CL 14B
3904,16-7,Portal Eldorado,#009944,,,,4:30 AM - 12:30 AM,4:30 AM - 11:20 PM,4,56569,291A07,Urb. La Estancia,KR 123 - CL 15
3904,16-7,Portal Eldorado,#009944,,,,4:30 AM - 12:30 AM,4:30 AM - 11:20 PM,5,56482,229A07,Br. El Charco,KR 123 - AV. Centenario
3904,16-7,Portal Eldorado,#009944,,,,4:30 AM - 12:30 AM,4:30 AM - 11:20 PM,6,53426,335A06,Br. San Pablo Jericó,CL 17D - KR 117
3904,16-7,Portal Eldorado,#009944,,,,4:30 AM - 12:30 AM,4:30 AM - 11:20 PM,7,53293,229A06,Urb. Batavia,AK 116 - CL 19
3904,16-7,Portal Eldorado,#009944,,,,4:30 AM - 12:30 AM,4:30 AM - 11:20 PM,8,53345,251A06,IED Atahualpa,AK 116 - CL 22F
3904,16-7,Portal Eldorado,#009944,,,,4:30 AM - 12:30 AM,4:30 AM - 11:20 PM,9,53386,294A06,Parque Zonal Atahualpa,CL 23B - KR 114A
3904,16-7,Portal Eldorado,#009944,,,,4:30 AM - 12:30 AM,4:30 AM - 11:20 PM,10,52974,047A06,Br. San José De Fontibón,KR 103 - KR 24B
3904,16-7,Portal Eldorado,#009944,,,,4:30 AM - 12:30 AM,4:30 AM - 11:20 PM,11,52975,049A06,Urb. Parque Afir,KR 103 - CL 25CBisA
3904,16-7,Portal Eldorado,#009944,,,,4:30 AM - 12:30 AM,4:30 AM - 11:20 PM,12,6000,TM0135,Portal El Dorado – C.C Nuestro Bogotá,AV. Eldorado - KR 91
1508,16-8,Portal Eldorado,#009944,,,,4:30 AM - 12:30 AM,4:30 AM - 11:20 PM,1,56685,132A07,Zona Franca,KR 106 - AV. Centenario
1508,16-8,Portal Eldorado,#009944,,,,4:30 AM - 12:30 AM,4:30 AM - 11:20 PM,2,57648,405A00,CAI Sabana Grande,KR 106 - DG 15 A
1508,16-8,Portal Eldorado,#009944,,,,4:30 AM - 12:30 AM,4:30 AM - 11:20 PM,3,56571,294A07,Br. Zona Franca,KR 106 - CL 14
1508,16-8,Portal Eldorado,#009944,,,,4:30 AM - 12:30 AM,4:30 AM - 11:20 PM,4,56479,225A07,Br. Predio Caldas,DG 15A - KR 104
1508,16-8,Portal Eldorado,#009944,,,,4:30 AM - 12:30 AM,4:30 AM - 11:20 PM,5,59155,381B07,Pq. Urb. Sabanagrande,_Pq. Urb. Sabanagrande
1508,16-8,Portal Eldorado,#009944,,,,4:30 AM - 12:30 AM,4:30 AM - 11:20 PM,6,56480,226A07,Urb. Pq Empresarial Santa Helena,DG 15A - KR 98A
1508,16-8,Portal Eldorado,#009944,,,,4:30 AM - 12:30 AM,4:30 AM - 11:20 PM,7,56572,296A07,Br. Cundinamarca Dg 15,DG 15A - KR 104
1508,16-8,Portal Eldorado,#009944,,,,4:30 AM - 12:30 AM,4:30 AM - 11:20 PM,8,56481,227A07,Br. Sabana Grande,KR 104 - DG 15A
1508,16-8,Portal Eldorado,#009944,,,,4:30 AM - 12:30 AM,4:30 AM - 11:20 PM,9,53513,412A06,Br. La Laguna Fontibón,KR 104 - DG 16B
1508,16-8,Portal Eldorado,#009944,,,,4:30 AM - 12:30 AM,4:30 AM - 11:20 PM,10,53440,372A06,Br. El Carmen Fontibón,KR 105 - CL 16I
1508,16-8,Portal Eldorado,#009944,,,,4:30 AM - 12:30 AM,4:30 AM - 11:20 PM,11,52984,062A06,Col Militar José Antonio Galán,CL 17 - KR 103B
1508,16-8,Portal Eldorado,#009944,,,,4:30 AM - 12:30 AM,4:30 AM - 11:20 PM,12,53204,167A06,Br. El Carmen Fontibón,CL 17 - KR 100
1508,16-8,Portal Eldorado,#009944,,,,4:30 AM - 12:30 AM,4:30 AM - 11:20 PM,13,52983,061A06,Los Cambulos,CL 17 - KR 96H
1508,16-8,Portal Eldorado,#009944,,,,4:30 AM - 12:30 AM,4:30 AM - 11:20 PM,14,53023,080A06,IED Costa Rica,AC 22 - KR 98A
1508,16-8,Portal Eldorado,#009944,,,,4:30 AM - 12:30 AM,4:30 AM - 11:20 PM,15,53175,158A06,Br. San José De Fontibón,KR 100 - AV. Esperanza
1508,16-8,Portal Eldorado,#009944,,,,4:30 AM - 12:30 AM,4:30 AM - 11:20 PM,16,6000,TM0135,Portal El Dorado – C.C Nuestro Bogotá,AV. Eldorado - KR 91
2669,1-7,Quirigua,#009944,4,Calle 80,D,4:30 AM - 12:30 AM,5:30 AM - 11:30 PM,1,4000,TM0058,Portal 80,Portal 80 - AC 80 - KR 96
2669,1-7,Quirigua,#009944,4,Calle 80,D,4:30 AM - 12:30 AM,5:30 AM - 11:30 PM,2,51442,154B04,IED Miguel Antonio Caro,TV 94 - CL 82A
2669,1-7,Quirigua,#009944,4,Calle 80,D,4:30 AM - 12:30 AM,5:30 AM - 11:30 PM,3,51642,322A04,Br. Quirigua Central,KR 94H - CL 84
2669,1-7,Quirigua,#009944,4,Calle 80,D,4:30 AM - 12:30 AM,5:30 AM - 11:30 PM,4,51616,292A04,Br. Bachué I y II,CL 86 - KR 95
2669,1-7,Quirigua,#009944,4,Calle 80,D,4:30 AM - 12:30 AM,5:30 AM - 11:30 PM,5,51590,248A04,Ciudad Bachué I Etapa,KR 95G - CL 88
2669,1-7,Quirigua,#009944,4,Calle 80,D,4:30 AM - 12:30 AM,5:30 AM - 11:30 PM,6,51126,023A04,Br. Ciudad Bachué I Etapa,AC 90 - KR 95F Br. Ciudad Bachue
2669,1-7,Quirigua,#009944,4,Calle 80,D,4:30 AM - 12:30 AM,5:30 AM - 11:30 PM,7,51109,021B04,Br. Ciudad Bachué I Etapa,AC 90 - TV 94L
2669,1-7,Quirigua,#009944,4,Calle 80,D,4:30 AM - 12:30 AM,5:30 AM - 11:30 PM,8,51631,310A04,Br. Ciudad Bachué I Etapa,TV 94L - CL 87
2669,1-7,Quirigua,#009944,4,Calle 80,D,4:30 AM - 12:30 AM,5:30 AM - 11:30 PM,9,51441,153A04,Br. Bochica,TV 94L - CL 84 Bis
2669,1-7,Quirigua,#009944,4,Calle 80,D,4:30 AM - 12:30 AM,5:30 AM - 11:30 PM,10,51440,152A04,Br. Bochica,TV 94L - CL 82
5337,17-3,Estacion Av Rojas,#009944,,,,4:30 AM - 12:30 AM,4:30 AM - 11:20 PM,1,50418,402A06,Urb. Capellanía,KR 91 - CL 20A
5337,17-3,Estacion Av Rojas,#009944,,,,4:30 AM - 12:30 AM,4:30 AM - 11:20 PM,2,53505,403A06,Urb. Prado Grande,CL 19A - KR 89 Urb. Prado Grande
5337,17-3,Estacion Av Rojas,#009944,,,,4:30 AM - 12:30 AM,4:30 AM - 11:20 PM,3,53506,404A06,Urb. Prado Grande,TV 88 - CL 19A
5337,17-3,Estacion Av Rojas,#009944,,,,4:30 AM - 12:30 AM,4:30 AM - 11:20 PM,4,53210,181A06,Br. Ferrocaja,AC 22 - KR 88A
5337,17-3,Estacion Av Rojas,#009944,,,,4:30 AM - 12:30 AM,4:30 AM - 11:20 PM,5,53209,180A06,Br. Ciudad Hayuelos,AC 22 - KR 81
5337,17-3,Estacion Av Rojas,#009944,,,,4:30 AM - 12:30 AM,4:30 AM - 11:20 PM,6,53432,354A06,Br. Capellanía,KR 80A BIS - CL 22A
5337,17-3,Estacion Av Rojas,#009944,,,,4:30 AM - 12:30 AM,4:30 AM - 11:20 PM,7,53301,247A06,Br. Capellanía,KR 80ABIS - CL 22D
5337,17-3,Estacion Av Rojas,#009944,,,,4:30 AM - 12:30 AM,4:30 AM - 11:20 PM,8,53433,355A06,Br. Capellanía,KR 75 - CL 23B-62
5337,17-3,Estacion Av Rojas,#009944,,,,4:30 AM - 12:30 AM,4:30 AM - 11:20 PM,9,53434,356A06,Br. Capellanía,KR 75 - CL 23G
5337,17-3,Estacion Av Rojas,#009944,,,,4:30 AM - 12:30 AM,4:30 AM - 11:20 PM,10,58128,347A06.,347A06 Br. Modelia,KR 75 - CL 24D
5337,17-3,Estacion Av Rojas,#009944,,,,4:30 AM - 12:30 AM,4:30 AM - 11:20 PM,11,58129,280A06.,280A06 Br. Modelia2,KR 75 - CL 25F
5337,17-3,Estacion Av Rojas,#009944,,,,4:30 AM - 12:30 AM,4:30 AM - 11:20 PM,12,53464,376A06,Estación Normandía,AC 26 - KR 74
5337,17-3,Estacion Av Rojas,#009944,,,,4:30 AM - 12:30 AM,4:30 AM - 11:20 PM,13,50417,375B06,Estación Av. Rojas,AC 26 - KR 69D Bis Estación Av. Rojas
2659,1-8,Puente Guadua,#009944,4,Calle 80,D,4:30 AM - 12:30 AM,4:30 AM - 11:30 PM,1,4000,TM0058,Portal 80,Portal 80 - AC 80 - KR 96
2659,1-8,Puente Guadua,#009944,4,Calle 80,D,4:30 AM - 12:30 AM,4:30 AM - 11:30 PM,2,51434,146A04,Br. Bolivia Occidental,AC 80 - KR 107
2659,1-8,Puente Guadua,#009944,4,Calle 80,D,4:30 AM - 12:30 AM,4:30 AM - 11:30 PM,3,73998,144A04,Br. Garcés Navas,_TM
2659,1-8,Puente Guadua,#009944,4,Calle 80,D,4:30 AM - 12:30 AM,4:30 AM - 11:30 PM,4,51428,140A04,Br. Ciudadela Colsubsidio,AC 80 - KR 111C
2659,1-8,Puente Guadua,#009944,4,Calle 80,D,4:30 AM - 12:30 AM,4:30 AM - 11:30 PM,5,51426,137A04,Br. El Cortijo,AC 80 - KR 114
2659,1-8,Puente Guadua,#009944,4,Calle 80,D,4:30 AM - 12:30 AM,4:30 AM - 11:30 PM,6,58609,396B04,Puente de Guadua,AC 80 - KR 119
2659,1-8,Puente Guadua,#009944,4,Calle 80,D,4:30 AM - 12:30 AM,4:30 AM - 11:30 PM,7,58505,138B04,Br. El Cortijo,AC 80 - KR 114
2659,1-8,Puente Guadua,#009944,4,Calle 80,D,4:30 AM - 12:30 AM,4:30 AM - 11:30 PM,8,58517,159B04,Villas de Granada,AC 80 - KR 112 Bis
2659,1-8,Puente Guadua,#009944,4,Calle 80,D,4:30 AM - 12:30 AM,4:30 AM - 11:30 PM,9,51431,143A04,Br. Garcés Navas,AC 80 - KR 110
2659,1-8,Puente Guadua,#009944,4,Calle 80,D,4:30 AM - 12:30 AM,4:30 AM - 11:30 PM,10,51433,145A04,Br. Garcés Navas Oriental,AC 80 - TV 106
2659,1-8,Puente Guadua,#009944,4,Calle 80,D,4:30 AM - 12:30 AM,4:30 AM - 11:30 PM,11,4000,TM0058,Portal 80,Portal 80 - AC 80 - KR 96
4706,18-3,Germania Ciclovía,#FF6319,,,,,04:00 AM - 2:00 pm,1,57894,665B00,Estación Universidades,KR 3 - CL 20
4706,18-3,Germania Ciclovía,#FF6319,,,,,04:00 AM - 2:00 pm,2,57884,656A00,Planetario de Bogotá,AK 7 - CL 27
4706,18-3,Germania Ciclovía,#FF6319,,,,,04:00 AM - 2:00 pm,3,57898,675A00,Estación Museo Nacional,AK 7 - CL 29
4706,18-3,Germania Ciclovía,#FF6319,,,,,04:00 AM - 2:00 pm,4,57858,777A00,C.C. San Martín,AK 7 - CL 32
4706,18-3,Germania Ciclovía,#FF6319,,,,,04:00 AM - 2:00 pm,5,57859,778A00,Br. La Merced,AK 7 - CL 35
4706,18-3,Germania Ciclovía,#FF6319,,,,,04:00 AM - 2:00 pm,6,57630,386A00,Parque Nacional,AK 7 - CL 36
4706,18-3,Germania Ciclovía,#FF6319,,,,,04:00 AM - 2:00 pm,7,57628,384A00,Universidad Javeriana,AK 7 - CL 40
4706,18-3,Germania Ciclovía,#FF6319,,,,,04:00 AM - 2:00 pm,8,57627,383A00,Universidad Javeriana,AK 7 - CL 43
4706,18-3,Germania Ciclovía,#FF6319,,,,,04:00 AM - 2:00 pm,9,57626,381A00,Br. Pardo Rubio,AK 7 - CL 46
4706,18-3,Germania Ciclovía,#FF6319,,,,,04:00 AM - 2:00 pm,10,57625,380A00,Br. Pardo Rubio,AK 7 - CL 48A
4706,18-3,Germania Ciclovía,#FF6319,,,,,04:00 AM - 2:00 pm,11,57623,377A00,Dirección de Sanidad,AK 7 - CL 52
4706,18-3,Germania Ciclovía,#FF6319,,,,,04:00 AM - 2:00 pm,12,57631,387A00,Br. Bosque Calderón,AK 7 - CL 56
4706,18-3,Germania Ciclovía,#FF6319,,,,,04:00 AM - 2:00 pm,13,57620,374A00,Universidad De La Salle,AK 7 - CL 58
4706,18-3,Germania Ciclovía,#FF6319,,,,,04:00 AM - 2:00 pm,14,57804,825A00,Br. La Salle,AK 7 - CL 60A
4706,18-3,Germania Ciclovía,#FF6319,,,,,04:00 AM - 2:00 pm,15,57619,373A00,Col Sag Corazón de Jesús Bethlem,AK 7 - CL 64
4706,18-3,Germania Ciclovía,#FF6319,,,,,04:00 AM - 2:00 pm,16,57805,826A00,Clínica La Inmaculada,AK 7 - CL 68
4706,18-3,Germania Ciclovía,#FF6319,,,,,04:00 AM - 2:00 pm,17,57806,827A00,Br. Emaús,AK 7 - CL 70
4706,18-3,Germania Ciclovía,#FF6319,,,,,04:00 AM - 2:00 pm,18,56922,049A00,Br. Bellavista,AK 7 - CL 72 Bis
4706,18-3,Germania Ciclovía,#FF6319,,,,,04:00 AM - 2:00 pm,19,57616,368A00,Br. Bellavista,AK 7 - CL 74
4706,18-3,Germania Ciclovía,#FF6319,,,,,04:00 AM - 2:00 pm,20,57614,366A00,Pq. el Nogal,AK 7 - CL 76
4706,18-3,Germania Ciclovía,#FF6319,,,,,04:00 AM - 2:00 pm,21,56887,041A00,Embajada del Perú,AK 7 - CL 81
4706,18-3,Germania Ciclovía,#FF6319,,,,,04:00 AM - 2:00 pm,22,56886,040A00,Br. El Refugio,AK 7 - AC 85
4706,18-3,Germania Ciclovía,#FF6319,,,,,04:00 AM - 2:00 pm,23,56885,039A00,Br. Chicó Oriental,AK 7 - CL 88
4706,18-3,Germania Ciclovía,#FF6319,,,,,04:00 AM - 2:00 pm,24,57582,343A00,Seminario Conciliar de Bogotá,AK 7 - AC 94
4706,18-3,Germania Ciclovía,#FF6319,,,,,04:00 AM - 2:00 pm,25,56545,163A01,Escuela de Caballería,AK 7 - AC 100
4706,18-3,Germania Ciclovía,#FF6319,,,,,04:00 AM - 2:00 pm,26,56413,113A01,Cantón Norte,AK 7 - CL 104
4706,18-3,Germania Ciclovía,#FF6319,,,,,04:00 AM - 2:00 pm,27,56312,049A01,Br. Santa Ana,AK 7 - CL 110A
4706,18-3,Germania Ciclovía,#FF6319,,,,,04:00 AM - 2:00 pm,28,56310,048A01,C.C. Hacienda Santa Bárbara,AK 7 - CL 114
4706,18-3,Germania Ciclovía,#FF6319,,,,,04:00 AM - 2:00 pm,29,56557,169A01,Fundación Sagrado Corazón,AK 7 - AC 116
4706,18-3,Germania Ciclovía,#FF6319,,,,,04:00 AM - 2:00 pm,30,56585,171A01,Alcaldía de Usaquén,AK 7 - CL 119
4706,18-3,Germania Ciclovía,#FF6319,,,,,04:00 AM - 2:00 pm,31,56587,172A01,C.C. Paseo Real,AK 7 - CL 121
4706,18-3,Germania Ciclovía,#FF6319,,,,,04:00 AM - 2:00 pm,32,56593,175A01,Br. San Gabriel Norte II,AK 7 - CL 126
4706,18-3,Germania Ciclovía,#FF6319,,,,,04:00 AM - 2:00 pm,33,56784,252A01,Br. San Gabriel Norte,AK 7 - AC 127
4706,18-3,Germania Ciclovía,#FF6319,,,,,04:00 AM - 2:00 pm,34,56780,250A01,Br. Ginebra II,AK 7 - CL 127C
4706,18-3,Germania Ciclovía,#FF6319,,,,,04:00 AM - 2:00 pm,35,56776,248A01,Br. Ginebra,AK 7 - CL 130
4706,18-3,Germania Ciclovía,#FF6319,,,,,04:00 AM - 2:00 pm,36,56729,246A01,Br. Bosques de Medina,AK 7 - CL 132
4706,18-3,Germania Ciclovía,#FF6319,,,,,04:00 AM - 2:00 pm,37,56308,047A01,Br. Segundo Contador,AK 7 - CL 135
4706,18-3,Germania Ciclovía,#FF6319,,,,,04:00 AM - 2:00 pm,38,56724,243A01,C.C. Palatino,AK 7 - CL 140
4706,18-3,Germania Ciclovía,#FF6319,,,,,04:00 AM - 2:00 pm,39,56721,241A01,Br. Bosque de Pinos I,AK 7 - CL 145
4706,18-3,Germania Ciclovía,#FF6319,,,,,04:00 AM - 2:00 pm,40,56717,239A01,Colegio Pureza de María,AK 7 - CL 147
4706,18-3,Germania Ciclovía,#FF6319,,,,,04:00 AM - 2:00 pm,41,56714,237B01,Br. Bosque de Pinos III,AK 7 - CL 148
4706,18-3,Germania Ciclovía,#FF6319,,,,,04:00 AM - 2:00 pm,42,56713,237A01,Col Grecolatino-Br Bq Pinos III,AK 7 - CL 148
4706,18-3,Germania Ciclovía,#FF6319,,,,,04:00 AM - 2:00 pm,43,57407,660B01,Br. Cedro Salazar,AK 7 - CL 152
4706,18-3,Germania Ciclovía,#FF6319,,,,,04:00 AM - 2:00 pm,44,57406,660A01,Br. Cedro Salazar,AK 7 - CL 152
4706,18-3,Germania Ciclovía,#FF6319,,,,,04:00 AM - 2:00 pm,45,56711,236A01,IED Agustín Fernández,AK 7 - CL 155
4706,18-3,Germania Ciclovía,#FF6319,,,,,04:00 AM - 2:00 pm,46,56707,234A01,Br. Bosque de Pinos III,AK 7 - CL 156
4706,18-3,Germania Ciclovía,#FF6319,,,,,04:00 AM - 2:00 pm,47,56306,046A01,Br. Ibiza,AK 7 - CL 160
4706,18-3,Germania Ciclovía,#FF6319,,,,,04:00 AM - 2:00 pm,48,57483,232A01,CAI Villa Nidia,AK 7 - CL 162A
4706,18-3,Germania Ciclovía,#FF6319,,,,,04:00 AM - 2:00 pm,49,57489,230A01,Br. Servitá,AK 7 - CL 165
4706,18-3,Germania Ciclovía,#FF6319,,,,,04:00 AM - 2:00 pm,50,56300,043A01,IED Cristóbal Colón-Col Ma Inmac,AK 7 - CL 166
4706,18-3,Germania Ciclovía,#FF6319,,,,,04:00 AM - 2:00 pm,51,57562,228A01,IED Friedrich Naumann-Br J Bosco,AK 7 - CL 170B
4706,18-3,Germania Ciclovía,#FF6319,,,,,04:00 AM - 2:00 pm,52,56971,321A01,Br. El Redil,AK 7 - CL 174
4706,18-3,Germania Ciclovía,#FF6319,,,,,04:00 AM - 2:00 pm,53,56914,316A01,Colegio Claustro Moderno,AK 7 - CL 178
4706,18-3,Germania Ciclovía,#FF6319,,,,,04:00 AM - 2:00 pm,54,56367,061A01,IED El Codito (Codabas),AK 7 - CL 181A
4706,18-3,Germania Ciclovía,#FF6319,,,,,04:00 AM - 2:00 pm,55,56371,063A01,Br. Horizontes Norte,AK 7 - CL 182
4706,18-3,Germania Ciclovía,#FF6319,,,,,04:00 AM - 2:00 pm,56,56374,065A01,Horizontes Usaquén,AK 7 - CL 186
4706,18-3,Germania Ciclovía,#FF6319,,,,,04:00 AM - 2:00 pm,57,56376,067A01,Br. Buenavista,AK 7 - CL 188C
4706,18-3,Germania Ciclovía,#FF6319,,,,,04:00 AM - 2:00 pm,58,56378,069A01,Colegio Ruíz de Alarcón,AK 7 - CL 191
4706,18-3,Germania Ciclovía,#FF6319,,,,,04:00 AM - 2:00 pm,59,57129,468A01,Br. Tibabita,CL 193 - KR 7A
4706,18-3,Germania Ciclovía,#FF6319,,,,,04:00 AM - 2:00 pm,60,56986,343A01,Br. Tibabita,CL 193 - KR 8
4706,18-3,Germania Ciclovía,#FF6319,,,,,04:00 AM - 2:00 pm,61,57124,460A01,Br. Los Pinos,CL 192 - KR 11A
4706,18-3,Germania Ciclovía,#FF6319,,,,,04:00 AM - 2:00 pm,62,56988,345A01,Colegio San Carlos,CL 192 - KR 14
4706,18-3,Germania Ciclovía,#FF6319,,,,,04:00 AM - 2:00 pm,63,57067,423A01,Canal Río Torca,CL 192 - KR 18
4706,18-3,Germania Ciclovía,#FF6319,,,,,04:00 AM - 2:00 pm,64,57068,424A01,Makro,CL 193 - KR 19
4706,18-3,Germania Ciclovía,#FF6319,,,,,04:00 AM - 2:00 pm,65,56808,274A01,Br. Canaima,Auto Norte - CL 193
4706,18-3,Germania Ciclovía,#FF6319,,,,,04:00 AM - 2:00 pm,66,55788,102A02,Club Campestre el Rancho,Auto Norte - CL 194
4706,18-3,Germania Ciclovía,#FF6319,,,,,04:00 AM - 2:00 pm,67,58221,973V02,Estación Terminal Norte,Auto Norte - CL 191 Terminal Norte
4705,18-3,Est. Terminal Norte Ciclovía,#FF6319,,,,,5:00 AM - 02:00 PM,1,58221,973V02,Estación Terminal Norte,Auto Norte - CL 191 Terminal Norte
4705,18-3,Est. Terminal Norte Ciclovía,#FF6319,,,,,5:00 AM - 02:00 PM,2,55772,089A02,C. C.  Santafé,Auto Norte - CL 187
4705,18-3,Est. Terminal Norte Ciclovía,#FF6319,,,,,5:00 AM - 02:00 PM,3,56505,150A01,Br. San Antonio Noroccidental,AC 183 - KR 19A
4705,18-3,Est. Terminal Norte Ciclovía,#FF6319,,,,,5:00 AM - 02:00 PM,4,57238,574A01,Urb Terraza de San Antonio,AC 183 - KR 16
4705,18-3,Est. Terminal Norte Ciclovía,#FF6319,,,,,5:00 AM - 02:00 PM,5,56974,323A01,Ciudad Cooperativa La Libertad,AC 183 - KR 11
4705,18-3,Est. Terminal Norte Ciclovía,#FF6319,,,,,5:00 AM - 02:00 PM,6,56461,131A01,Br. Verbenal San Antonio,AC 183 - KR 9A
4705,18-3,Est. Terminal Norte Ciclovía,#FF6319,,,,,5:00 AM - 02:00 PM,7,56976,327A01,Br. Tibabita,AC 183 - KR 8A
4705,18-3,Est. Terminal Norte Ciclovía,#FF6319,,,,,5:00 AM - 02:00 PM,8,56463,133A01,Br. Zulima,AC 183 - KR 7A
4705,18-3,Est. Terminal Norte Ciclovía,#FF6319,,,,,5:00 AM - 02:00 PM,9,56369,062A01,IED Friedrich Naumann,AK 7 - CL 182
4705,18-3,Est. Terminal Norte Ciclovía,#FF6319,,,,,5:00 AM - 02:00 PM,10,56365,060A01,Centro de Abastos del Norte,AK 7 - CL 181
4705,18-3,Est. Terminal Norte Ciclovía,#FF6319,,,,,5:00 AM - 02:00 PM,11,56635,190B01,Univ. de La Salle Sede Floresta,AK 7 - CL 175
4705,18-3,Est. Terminal Norte Ciclovía,#FF6319,,,,,5:00 AM - 02:00 PM,12,56969,320A01,Br. El Redil,AK 7 - CL 173
4705,18-3,Est. Terminal Norte Ciclovía,#FF6319,,,,,5:00 AM - 02:00 PM,13,57594,227A01,Clínica San Juan Bosco,AK 7 - AC 170
4705,18-3,Est. Terminal Norte Ciclovía,#FF6319,,,,,5:00 AM - 02:00 PM,14,56302,044A01,CUN Sede Norte,AK 7 - CL 166
4705,18-3,Est. Terminal Norte Ciclovía,#FF6319,,,,,5:00 AM - 02:00 PM,15,57487,229A01,Br. Servitá,AK 7 - CL 165
4705,18-3,Est. Terminal Norte Ciclovía,#FF6319,,,,,5:00 AM - 02:00 PM,16,57481,231A01,IED Divino Maestro,AK 7 - CL 163
4705,18-3,Est. Terminal Norte Ciclovía,#FF6319,,,,,5:00 AM - 02:00 PM,17,57485,233A01,Br. Barrancas Norte,AK 7 - CL 159C
4705,18-3,Est. Terminal Norte Ciclovía,#FF6319,,,,,5:00 AM - 02:00 PM,18,56709,235A01,Br. Barrancas Norte,AK 7 - CL 156 Clínica El Bosque
4705,18-3,Est. Terminal Norte Ciclovía,#FF6319,,,,,5:00 AM - 02:00 PM,19,56304,045A01,SENA Usaquén,AK 7 - AC 153
4705,18-3,Est. Terminal Norte Ciclovía,#FF6319,,,,,5:00 AM - 02:00 PM,20,56379,070A01,Museo Fco de Paula Santander,AK 7 - CL 150
4705,18-3,Est. Terminal Norte Ciclovía,#FF6319,,,,,5:00 AM - 02:00 PM,21,56715,238A01,C.C. Show Place,AK 7 - AC 147
4705,18-3,Est. Terminal Norte Ciclovía,#FF6319,,,,,5:00 AM - 02:00 PM,22,56719,240A01,Br. Cedro Narváez,AK 7 - CL 144
4705,18-3,Est. Terminal Norte Ciclovía,#FF6319,,,,,5:00 AM - 02:00 PM,23,56797,264A01,C.C. Palatino,AK 7 - CL 140
4705,18-3,Est. Terminal Norte Ciclovía,#FF6319,,,,,5:00 AM - 02:00 PM,24,56728,245A01,Br. Ginebra,AK 7 - AC 134
4705,18-3,Est. Terminal Norte Ciclovía,#FF6319,,,,,5:00 AM - 02:00 PM,25,56774,247A01,Br. Bella Suiza,AK 7 - CL 129
4705,18-3,Est. Terminal Norte Ciclovía,#FF6319,,,,,5:00 AM - 02:00 PM,26,56778,249A01,Pq. Ginebra,AK 7 - CL 127C Bis
4705,18-3,Est. Terminal Norte Ciclovía,#FF6319,,,,,5:00 AM - 02:00 PM,27,56782,251A01,Br. Bella Suiza,AK 7 - CL 127A
4705,18-3,Est. Terminal Norte Ciclovía,#FF6319,,,,,5:00 AM - 02:00 PM,28,71695,174A01,K7 -  CL124,K7 -  CL124
4705,18-3,Est. Terminal Norte Ciclovía,#FF6319,,,,,5:00 AM - 02:00 PM,29,56590,173B01,Br. Santa Bárbara Oriental,AK 7 - CL 123
4705,18-3,Est. Terminal Norte Ciclovía,#FF6319,,,,,5:00 AM - 02:00 PM,30,56452,123A01,Instituto Carlos Ardila Lülle,AK 7 - CL 119A
4705,18-3,Est. Terminal Norte Ciclovía,#FF6319,,,,,5:00 AM - 02:00 PM,31,57870,170A01,Fundación Santa Fe de Bogotá,AK 7 - CL 117
4705,18-3,Est. Terminal Norte Ciclovía,#FF6319,,,,,5:00 AM - 02:00 PM,32,56555,168A01,C.C. Hacienda Santa Bárbara,AK 7 - CL 113
4705,18-3,Est. Terminal Norte Ciclovía,#FF6319,,,,,5:00 AM - 02:00 PM,33,56553,167A01,Br. Santa Ana Occidental,AK 7 - CL 110
4705,18-3,Est. Terminal Norte Ciclovía,#FF6319,,,,,5:00 AM - 02:00 PM,34,56536,157A01,Canal Molinos,AK 7 - CL 108A
4705,18-3,Est. Terminal Norte Ciclovía,#FF6319,,,,,5:00 AM - 02:00 PM,35,56549,165A01,Escuela de Caballería,AK 7 - CL 106
4705,18-3,Est. Terminal Norte Ciclovía,#FF6319,,,,,5:00 AM - 02:00 PM,36,56547,164A01,Br. El Pedregal,AK 7 - CL 101
4705,18-3,Est. Terminal Norte Ciclovía,#FF6319,,,,,5:00 AM - 02:00 PM,37,56543,162A01,Escuela de Infantería,AC 100 - KR 8 Bis A
4705,18-3,Est. Terminal Norte Ciclovía,#FF6319,,,,,5:00 AM - 02:00 PM,38,56541,161A01,Urb. Conjunto de La 100,AC 100 - KR 8A
4705,18-3,Est. Terminal Norte Ciclovía,#FF6319,,,,,5:00 AM - 02:00 PM,39,57310,218A00,Br. Chicó Norte II Sector,AK 11 - CL 97A
4705,18-3,Est. Terminal Norte Ciclovía,#FF6319,,,,,5:00 AM - 02:00 PM,40,57311,219A00,Br. Chicó Norte,AK 11 - CL 94A
4705,18-3,Est. Terminal Norte Ciclovía,#FF6319,,,,,5:00 AM - 02:00 PM,41,57313,220A00,Parque de la 93,AK 11 - CL 93A
4705,18-3,Est. Terminal Norte Ciclovía,#FF6319,,,,,5:00 AM - 02:00 PM,42,56891,044B00,Embajada de Francia,AK 11 - CL 93
4705,18-3,Est. Terminal Norte Ciclovía,#FF6319,,,,,5:00 AM - 02:00 PM,43,57315,221A00,Br. Chicó Norte,AK 11 - CL 90
4705,18-3,Est. Terminal Norte Ciclovía,#FF6319,,,,,5:00 AM - 02:00 PM,44,57317,222A00,Pquia. La Inmaculada Concepción,AK 11 - CL 87
4705,18-3,Est. Terminal Norte Ciclovía,#FF6319,,,,,5:00 AM - 02:00 PM,45,57319,223A00,C.C. Andino,AK 11 - AC 82
4705,18-3,Est. Terminal Norte Ciclovía,#FF6319,,,,,5:00 AM - 02:00 PM,46,57321,224A00,Br. Espartillal,AK 11 - CL 78
4705,18-3,Est. Terminal Norte Ciclovía,#FF6319,,,,,5:00 AM - 02:00 PM,47,57323,225A00,Br. Porciúncula,AK 11 - CL 74
4705,18-3,Est. Terminal Norte Ciclovía,#FF6319,,,,,5:00 AM - 02:00 PM,48,57325,226A00,U. Pedagógica Nacional,AK 11 - AC 72
4705,18-3,Est. Terminal Norte Ciclovía,#FF6319,,,,,5:00 AM - 02:00 PM,49,57327,227A00,Clín de Traumatología y Ortopedi,AK 11 - CL 70A
4705,18-3,Est. Terminal Norte Ciclovía,#FF6319,,,,,5:00 AM - 02:00 PM,50,57329,228A00,Br. Quinta Camacho,AK 11 - CL 69
4705,18-3,Est. Terminal Norte Ciclovía,#FF6319,,,,,5:00 AM - 02:00 PM,51,57331,229A00,Clínica del Niño,AK 11 - CL 67
4705,18-3,Est. Terminal Norte Ciclovía,#FF6319,,,,,5:00 AM - 02:00 PM,52,57333,230A00,Centro Cosmos 64,AK 13 - CL 64
4705,18-3,Est. Terminal Norte Ciclovía,#FF6319,,,,,5:00 AM - 02:00 PM,53,57335,231A00,Pq. Lourdes,AK 13 - CL 63A
4705,18-3,Est. Terminal Norte Ciclovía,#FF6319,,,,,5:00 AM - 02:00 PM,54,57337,232A00,Cuerpo Of de Bomberos de Bogotá,AK 13 - CL 60 Bis
4705,18-3,Est. Terminal Norte Ciclovía,#FF6319,,,,,5:00 AM - 02:00 PM,55,56967,098A00,Br. Chapinero Central,AK 13 - CL 57
4705,18-3,Est. Terminal Norte Ciclovía,#FF6319,,,,,5:00 AM - 02:00 PM,56,57340,233A00,Tecnoparque SENA,AK 13 - CL 54
4705,18-3,Est. Terminal Norte Ciclovía,#FF6319,,,,,5:00 AM - 02:00 PM,57,57254,198A00,Fundación Oftalmológica Nacional,AK 13 - CL 50
4705,18-3,Est. Terminal Norte Ciclovía,#FF6319,,,,,5:00 AM - 02:00 PM,58,57343,234A00,Universidad Piloto,AK 13 - CL 46
4705,18-3,Est. Terminal Norte Ciclovía,#FF6319,,,,,5:00 AM - 02:00 PM,59,57371,235A00,Universidad La Gran Colombia,AK 13 - CL 42A
4705,18-3,Est. Terminal Norte Ciclovía,#FF6319,,,,,5:00 AM - 02:00 PM,60,57373,236A00,Br. Sucre,AK 13 - CL 40
4705,18-3,Est. Terminal Norte Ciclovía,#FF6319,,,,,5:00 AM - 02:00 PM,61,57375,237A00,RCN Radio,AK 13 - CL 38
4705,18-3,Est. Terminal Norte Ciclovía,#FF6319,,,,,5:00 AM - 02:00 PM,62,57862,782A00,Br. La Merced,KR 5 - CL 33A
4705,18-3,Est. Terminal Norte Ciclovía,#FF6319,,,,,5:00 AM - 02:00 PM,63,57890,662A00,Br. San Martín,KR 5 - CL 30A
4705,18-3,Est. Terminal Norte Ciclovía,#FF6319,,,,,5:00 AM - 02:00 PM,64,57891,663A00,Plaza de Toros La Santamaría,KR 5 - CL 26
4705,18-3,Est. Terminal Norte Ciclovía,#FF6319,,,,,5:00 AM - 02:00 PM,65,57892,664A00,Estación Universidades,KR 3 - CL 21
523,1-9,Villas del dorado,#009944,4,Calle 80,D,4:30 AM - 12:30 AM,5:30 AM - 11:30 PM,1,4000,TM0058,Portal 80,Portal 80 - AC 80 - KR 96
523,1-9,Villas del dorado,#009944,4,Calle 80,D,4:30 AM - 12:30 AM,5:30 AM - 11:30 PM,2,52930,311A05,Pq. Público Bosques de Mariana,KR 106A - CL 71A
523,1-9,Villas del dorado,#009944,4,Calle 80,D,4:30 AM - 12:30 AM,5:30 AM - 11:30 PM,3,52856,262A05,Colegio Endrich,KR 106A - CL 70B
523,1-9,Villas del dorado,#009944,4,Calle 80,D,4:30 AM - 12:30 AM,5:30 AM - 11:30 PM,4,52854,261A05,Br. Bolivia,CL 70 - KR 107A Bis
523,1-9,Villas del dorado,#009944,4,Calle 80,D,4:30 AM - 12:30 AM,5:30 AM - 11:30 PM,5,52944,332A05,Br. Bolivia,KR 110 - CL 70
523,1-9,Villas del dorado,#009944,4,Calle 80,D,4:30 AM - 12:30 AM,5:30 AM - 11:30 PM,6,52342,040A05,Br. Garcés Navas,KR 110 - CL 70D
523,1-9,Villas del dorado,#009944,4,Calle 80,D,4:30 AM - 12:30 AM,5:30 AM - 11:30 PM,7,51643,323A04,Br. Villa Amalia,KR 110 - CL 72B
523,1-9,Villas del dorado,#009944,4,Calle 80,D,4:30 AM - 12:30 AM,5:30 AM - 11:30 PM,8,51135,032A04,Br. Garcés Navas,KR 110 - CL 78F Bis
523,1-9,Villas del dorado,#009944,4,Calle 80,D,4:30 AM - 12:30 AM,5:30 AM - 11:30 PM,9,4000,TM0058,Portal 80,Portal 80 - AC 80 - KR 96
698,2,Museo Nacional,#E1A2AC,9,Eje Ambiental,J,4:30 AM - 11:00 PM,4:30 AM - 10:00 PM,1,10000,TM0145,Portal 20  de Julio,KR 5A - CL 30D Sur
698,2,Museo Nacional,#E1A2AC,9,Eje Ambiental,J,4:30 AM - 11:00 PM,4:30 AM - 10:00 PM,2,10001,TM0144,Country Sur,AK 10 - CL 27 Sur
698,2,Museo Nacional,#E1A2AC,9,Eje Ambiental,J,4:30 AM - 11:00 PM,4:30 AM - 10:00 PM,3,10002,TM0143,Av. Primero de Mayo,AK 10 - CL 17 Sur
698,2,Museo Nacional,#E1A2AC,9,Eje Ambiental,J,4:30 AM - 11:00 PM,4:30 AM - 10:00 PM,4,10003,TM0142,Ciudad Jardín - UAN,AK 10 - CL 11 Sur
698,2,Museo Nacional,#E1A2AC,9,Eje Ambiental,J,4:30 AM - 11:00 PM,4:30 AM - 10:00 PM,5,10004,TM0141,Policarpa,AK 10 - CL 2 Sur
698,2,Museo Nacional,#E1A2AC,9,Eje Ambiental,J,4:30 AM - 11:00 PM,4:30 AM - 10:00 PM,6,10010,TM0140,Estación San Bernardo,AK 10 - CL 1
698,2,Museo Nacional,#E1A2AC,9,Eje Ambiental,J,4:30 AM - 11:00 PM,4:30 AM - 10:00 PM,7,10005,TM0139,Bicentenario,AK 10 - CL 6
698,2,Museo Nacional,#E1A2AC,9,Eje Ambiental,J,4:30 AM - 11:00 PM,4:30 AM - 10:00 PM,8,10006,TM0138,San Victorino,AK 10 - CL 11
698,2,Museo Nacional,#E1A2AC,9,Eje Ambiental,J,4:30 AM - 11:00 PM,4:30 AM - 10:00 PM,9,10007,TM0137,Las Nieves,AK 10 - AC 19
698,2,Museo Nacional,#E1A2AC,9,Eje Ambiental,J,4:30 AM - 11:00 PM,4:30 AM - 10:00 PM,10,10008,TM0136,San Diego,AK 10 - CL 23
698,2,Museo Nacional,#E1A2AC,9,Eje Ambiental,J,4:30 AM - 11:00 PM,4:30 AM - 10:00 PM,11,10009,TM0146,Museo Nacional,KR 7 - CL 29
685,2,Portal 20 de Julio,#009A9D,11,Carrera 10,L,,4:30 AM - 10:00 PM,1,10009,TM0146,Museo Nacional,KR 7 - CL 29
685,2,Portal 20 de Julio,#009A9D,11,Carrera 10,L,,4:30 AM - 10:00 PM,2,10008,TM0136,San Diego,AK 10 - CL 23
685,2,Portal 20 de Julio,#009A9D,11,Carrera 10,L,,4:30 AM - 10:00 PM,3,10007,TM0137,Las Nieves,AK 10 - AC 19
685,2,Portal 20 de Julio,#009A9D,11,Carrera 10,L,,4:30 AM - 10:00 PM,4,10006,TM0138,San Victorino,AK 10 - CL 11
685,2,Portal 20 de Julio,#009A9D,11,Carrera 10,L,,4:30 AM - 10:00 PM,5,10005,TM0139,Bicentenario,AK 10 - CL 6
685,2,Portal 20 de Julio,#009A9D,11,Carrera 10,L,,4:30 AM - 10:00 PM,6,10010,TM0140,Estación San Bernardo,AK 10 - CL 1
685,2,Portal 20 de Julio,#009A9D,11,Carrera 10,L,,4:30 AM - 10:00 PM,7,10004,TM0141,Policarpa,AK 10 - CL 2 Sur
685,2,Portal 20 de Julio,#009A9D,11,Carrera 10,L,,4:30 AM - 10:00 PM,8,10003,TM0142,Ciudad Jardín - UAN,AK 10 - CL 11 Sur
685,2,Portal 20 de Julio,#009A9D,11,Carrera 10,L,,4:30 AM - 10:00 PM,9,10002,TM0143,Av. Primero de Mayo,AK 10 - CL 17 Sur
685,2,Portal 20 de Julio,#009A9D,11,Carrera 10,L,,4:30 AM - 10:00 PM,10,10001,TM0144,Country Sur,AK 10 - CL 27 Sur
685,2,Portal 20 de Julio,#009A9D,11,Carrera 10,L,,4:30 AM - 10:00 PM,11,10000,TM0145,Portal 20  de Julio,KR 5A - CL 30D Sur
2654,2-1,Mirandela,#009944,2,Autonorte,B,,5:30 AM - 11:30 PM,1,2000,TM0029,Portal Norte - Unicervantes,Autopista Norte - CL 172A
2654,2-1,Mirandela,#009944,2,Autonorte,B,,5:30 AM - 11:30 PM,2,56059,285A02,Br. Tejares del Norte II,CL 187 – KR 49
2654,2-1,Mirandela,#009944,2,Autonorte,B,,5:30 AM - 11:30 PM,3,56060,286A02,San Pedro Plaza,CL 187 - KR 55
2654,2-1,Mirandela,#009944,2,Autonorte,B,,5:30 AM - 11:30 PM,4,56128,333A02,Urb. San Pedro,CL 188 – KR 55A
2654,2-1,Mirandela,#009944,2,Autonorte,B,,5:30 AM - 11:30 PM,5,56061,287A02,Br. Santa Amalia,CL 186 – KR 54D
2654,2-1,Mirandela,#009944,2,Autonorte,B,,5:30 AM - 11:30 PM,6,55886,169A02,Patio del Norte,AC 183 – KR 54D
2654,2-1,Mirandela,#009944,2,Autonorte,B,,5:30 AM - 11:30 PM,7,57285,597A01,C.C. Santafé,AC 183 – Auto Norte
2588,2-10,Verbenal,#009944,2,Autonorte,B,4:15 AM - 12:15 AM,4:15 AM - 11:40 PM,1,2000,TM0029,Portal Norte - Unicervantes,Autopista Norte - CL 172A
2588,2-10,Verbenal,#009944,2,Autonorte,B,4:15 AM - 12:15 AM,4:15 AM - 11:40 PM,2,57093,425A01,Br. el Verbenal,CL 187 - KR 20
2588,2-10,Verbenal,#009944,2,Autonorte,B,4:15 AM - 12:15 AM,4:15 AM - 11:40 PM,3,57095,429A01,Br. el Verbenal,CL 187 - KR 17B
2588,2-10,Verbenal,#009944,2,Autonorte,B,4:15 AM - 12:15 AM,4:15 AM - 11:40 PM,4,57098,431B01,Br. El Verbenal II Sector,KR 16 – CL 186D
2588,2-10,Verbenal,#009944,2,Autonorte,B,4:15 AM - 12:15 AM,4:15 AM - 11:40 PM,5,56503,148B01,Br. El Verbenal III Sector,KR 16 – CL 184
2588,2-10,Verbenal,#009944,2,Autonorte,B,4:15 AM - 12:15 AM,4:15 AM - 11:40 PM,6,57195,519A01,Canal Río Torca,AC 183 - KR 19
512,2-11,Andalucia,#009944,2,Autonorte,B,,,1,2000,TM0029,Portal Norte - Unicervantes,Autopista Norte - CL 172A
512,2-11,Andalucia,#009944,2,Autonorte,B,,,2,57105,439B01,Col Mayor José Celestino Mutis,CL 187 - KR 11
512,2-11,Andalucia,#009944,2,Autonorte,B,,,3,56977,329A01,Ciudad Cooperativa La Libertad,AC 183 - KR 11
512,2-11,Andalucia,#009944,2,Autonorte,B,,,4,56502,148A01,Urb Terraza de San Antonio,AC 183 - KR 16
512,2-11,Andalucia,#009944,2,Autonorte,B,,,5,57195,519A01,Canal Río Torca,AC 183 - KR 19
512,2-11,Andalucia,#009944,2,Autonorte,B,,,6,2000,TM0029,Portal Norte - Unicervantes,Autopista Norte - CL 172A
519,2-2,Jardines,#009944,2,Autonorte,B,,5:30 AM - 11:30 PM,1,2000,TM0029,Portal Norte - Unicervantes,Autopista Norte - CL 172A
519,2-2,Jardines,#009944,2,Autonorte,B,,5:30 AM - 11:30 PM,2,56809,274B01,Br. Canaima,Auto Norte - CL 193
519,2-2,Jardines,#009944,2,Autonorte,B,,5:30 AM - 11:30 PM,3,56810,275A01,San Andresito Norte,Auto Norte - CL 198
519,2-2,Jardines,#009944,2,Autonorte,B,,5:30 AM - 11:30 PM,4,56811,276A01,Jardines De Paz,Auto Norte - CL 207
518,2-3,San Antonio,#009944,2,Autonorte,B,,4:10 AM - 11:40 PM,1,2000,TM0029,Portal Norte - Unicervantes,Autopista Norte - CL 172A
518,2-3,San Antonio,#009944,2,Autonorte,B,,4:10 AM - 11:40 PM,2,57123,459A01,Gimnasio los Pinos,CL 192 - KR 11A
518,2-3,San Antonio,#009944,2,Autonorte,B,,4:10 AM - 11:40 PM,3,74266,901V01,Br. Tibabita,KR 8D - CL 192
518,2-3,San Antonio,#009944,2,Autonorte,B,,4:10 AM - 11:40 PM,4,57106,440A01,Br. Tibabita II,KR 8C - CL 187A
518,2-3,San Antonio,#009944,2,Autonorte,B,,4:10 AM - 11:40 PM,5,56975,326A01,Br. Tibabita,AC 183 - KR 8D
518,2-3,San Antonio,#009944,2,Autonorte,B,,4:10 AM - 11:40 PM,6,56460,130A01,Br. Verbenal San Antonio,AC 183 - KR 9A
518,2-3,San Antonio,#009944,2,Autonorte,B,,4:10 AM - 11:40 PM,7,56977,329A01,Ciudad Cooperativa La Libertad,AC 183 - KR 11
518,2-3,San Antonio,#009944,2,Autonorte,B,,4:10 AM - 11:40 PM,8,56502,148A01,Urb Terraza de San Antonio,AC 183 - KR 16
2539,2-4,El Codito,#009944,2,Autonorte,B,4:00 AM - 12:30 AM,4:00 AM - 12:00 AM,1,2000,TM0029,Portal Norte - Unicervantes,Autopista Norte - CL 172A
2539,2-4,El Codito,#009944,2,Autonorte,B,4:00 AM - 12:30 AM,4:00 AM - 12:00 AM,2,56918,319A01,Com Unid Hjs de María Auxiliador,AC 170 - KR 8G
2539,2-4,El Codito,#009944,2,Autonorte,B,4:00 AM - 12:30 AM,4:00 AM - 12:00 AM,3,57413,669A01,Centro María Auxiliadora,AC 170 - KR 8
2539,2-4,El Codito,#009944,2,Autonorte,B,4:00 AM - 12:30 AM,4:00 AM - 12:00 AM,4,57592,225A01,Centro María Auxiliadora,AC 170 - KR 8
2539,2-4,El Codito,#009944,2,Autonorte,B,4:00 AM - 12:30 AM,4:00 AM - 12:00 AM,5,57562,228A01,IED Friedrich Naumann-Br J Bosco,AK 7 - CL 170B
2539,2-4,El Codito,#009944,2,Autonorte,B,4:00 AM - 12:30 AM,4:00 AM - 12:00 AM,6,56972,321B01,Br. El Redil,AK 7 - CL 173
2539,2-4,El Codito,#009944,2,Autonorte,B,4:00 AM - 12:30 AM,4:00 AM - 12:00 AM,7,57111,445A01,Br. Santa Rosa El codito,KR 6 - CL 179
2539,2-4,El Codito,#009944,2,Autonorte,B,4:00 AM - 12:30 AM,4:00 AM - 12:00 AM,8,57114,447B01,Br. Horizontes Norte,KR 6 - CL 181B
2539,2-4,El Codito,#009944,2,Autonorte,B,4:00 AM - 12:30 AM,4:00 AM - 12:00 AM,9,57200,524A01,Br. Horizontes Norte,KR 4 - CL 182C Br. El Codito
2539,2-4,El Codito,#009944,2,Autonorte,B,4:00 AM - 12:30 AM,4:00 AM - 12:00 AM,10,57452,693A01,San Antonio Noroccidental,KR 20A - CL 173
2539,2-4,El Codito,#009944,2,Autonorte,B,4:00 AM - 12:30 AM,4:00 AM - 12:00 AM,11,57118,451A01,Br. La Estrellita I,KR 4 - CL 187D
2539,2-4,El Codito,#009944,2,Autonorte,B,4:00 AM - 12:30 AM,4:00 AM - 12:00 AM,12,57136,476A01,Br. Buenavista,KR 5 - CL 189
2539,2-4,El Codito,#009944,2,Autonorte,B,4:00 AM - 12:30 AM,4:00 AM - 12:00 AM,13,57132,471A01,IED Nuevo Horizonte,KR 5B - CL 189B
2539,2-4,El Codito,#009944,2,Autonorte,B,4:00 AM - 12:30 AM,4:00 AM - 12:00 AM,14,57134,473A01,Br. Buenavista,Kr5D - CL 188B
2539,2-4,El Codito,#009944,2,Autonorte,B,4:00 AM - 12:30 AM,4:00 AM - 12:00 AM,15,57130,469A01,Br. Buenavista,KR 6A - CL 188C
2539,2-4,El Codito,#009944,2,Autonorte,B,4:00 AM - 12:30 AM,4:00 AM - 12:00 AM,16,56373,064A01,Gimnasio Las Palmas,AK 7 - CL 186
2539,2-4,El Codito,#009944,2,Autonorte,B,4:00 AM - 12:30 AM,4:00 AM - 12:00 AM,17,56462,132A01,Br. Zulima,AC 183 - KR 7A
516,2-5,San Cristóbal Norte,#009944,2,Autonorte,B,,5:30 AM - 11:30 PM,1,2000,TM0029,Portal Norte - Unicervantes,Autopista Norte - CL 172A
516,2-5,San Cristóbal Norte,#009944,2,Autonorte,B,,5:30 AM - 11:30 PM,2,56703,220A01,Br. Toberín,AC 170 - KR 19A
516,2-5,San Cristóbal Norte,#009944,2,Autonorte,B,,5:30 AM - 11:30 PM,3,57597,223A01,Colegio San Facon,AC 170 - KR 17A
516,2-5,San Cristóbal Norte,#009944,2,Autonorte,B,,5:30 AM - 11:30 PM,4,56259,026A01,Villas de Aranjuez,AC 170 - KR 14
516,2-5,San Cristóbal Norte,#009944,2,Autonorte,B,,5:30 AM - 11:30 PM,5,57596,224A01,Br. Pradera Norte,AC 170 - AK 9
516,2-5,San Cristóbal Norte,#009944,2,Autonorte,B,,5:30 AM - 11:30 PM,6,57052,402A01,Br. Santa Teresa,KR 8G - AC 170
516,2-5,San Cristóbal Norte,#009944,2,Autonorte,B,,5:30 AM - 11:30 PM,7,56408,101A01,Br. San Cristóbal Norte,CL 165 - KR 8F
516,2-5,San Cristóbal Norte,#009944,2,Autonorte,B,,5:30 AM - 11:30 PM,8,56406,099A01,Gimnasio Campestre,CL 165 - KR 8A
516,2-5,San Cristóbal Norte,#009944,2,Autonorte,B,,5:30 AM - 11:30 PM,9,56404,097A01,San Cristóbal Norte 2,CL 165 - AK 7
516,2-5,San Cristóbal Norte,#009944,2,Autonorte,B,,5:30 AM - 11:30 PM,10,57482,231B01,IED Divino Maestro,AK 7 - CL 163A
516,2-5,San Cristóbal Norte,#009944,2,Autonorte,B,,5:30 AM - 11:30 PM,11,56978,330A01,CED Divino Maestro,CL 163A - KR 7D San Cristóbal Norte
516,2-5,San Cristóbal Norte,#009944,2,Autonorte,B,,5:30 AM - 11:30 PM,12,56409,102A01,Br. San Cristóbal Norte,CL 163A - KR 8C
516,2-5,San Cristóbal Norte,#009944,2,Autonorte,B,,5:30 AM - 11:30 PM,13,56806,272A01,Br. San Cristóbal Norte,CL 163A - KR 8G
516,2-5,San Cristóbal Norte,#009944,2,Autonorte,B,,5:30 AM - 11:30 PM,14,56456,126A01,Br. San Cristóbal Norte,AK 9 - CL 165A
516,2-5,San Cristóbal Norte,#009944,2,Autonorte,B,,5:30 AM - 11:30 PM,15,56459,129A01,Br. Pradera Norte,AK 9 - CL 168
516,2-5,San Cristóbal Norte,#009944,2,Autonorte,B,,5:30 AM - 11:30 PM,16,56258,025A01,Colegio de la Salle,AC 170 - KR 12
516,2-5,San Cristóbal Norte,#009944,2,Autonorte,B,,5:30 AM - 11:30 PM,17,57369,646A01,Br. La Alameda,AC 170 - KR 15
516,2-5,San Cristóbal Norte,#009944,2,Autonorte,B,,5:30 AM - 11:30 PM,18,56705,222A01,Colegio The English School,AC 170 - KR 17A
516,2-5,San Cristóbal Norte,#009944,2,Autonorte,B,,5:30 AM - 11:30 PM,19,2000,TM0029,Portal Norte - Unicervantes,Autopista Norte - CL 172A
13038,2-5,Portal Norte,#009944,,,,,5:30 AM - 11:30 PM,1,2000,TM0029,Portal Norte - Unicervantes,Autopista Norte - CL 172A
13038,2-5,Portal Norte,#009944,,,,,5:30 AM - 11:30 PM,2,56703,220A01,Br. Toberín,AC 170 - KR 19A
13038,2-5,Portal Norte,#009944,,,,,5:30 AM - 11:30 PM,3,57597,223A01,Colegio San Facon,AC 170 - KR 17A
13038,2-5,Portal Norte,#009944,,,,,5:30 AM - 11:30 PM,4,56259,026A01,Villas de Aranjuez,AC 170 - KR 14
13038,2-5,Portal Norte,#009944,,,,,5:30 AM - 11:30 PM,5,57596,224A01,Br. Pradera Norte,AC 170 - AK 9
13038,2-5,Portal Norte,#009944,,,,,5:30 AM - 11:30 PM,6,57052,402A01,Br. Santa Teresa,KR 8G - AC 170
13038,2-5,Portal Norte,#009944,,,,,5:30 AM - 11:30 PM,7,56408,101A01,Br. San Cristóbal Norte,CL 165 - KR 8F
13038,2-5,Portal Norte,#009944,,,,,5:30 AM - 11:30 PM,8,56406,099A01,Gimnasio Campestre,CL 165 - KR 8A
13038,2-5,Portal Norte,#009944,,,,,5:30 AM - 11:30 PM,9,56404,097A01,San Cristóbal Norte 2,CL 165 - AK 7
13038,2-5,Portal Norte,#009944,,,,,5:30 AM - 11:30 PM,10,57482,231B01,IED Divino Maestro,AK 7 - CL 163A
13038,2-5,Portal Norte,#009944,,,,,5:30 AM - 11:30 PM,11,56978,330A01,CED Divino Maestro,CL 163A - KR 7D San Cristóbal Norte
13038,2-5,Portal Norte,#009944,,,,,5:30 AM - 11:30 PM,12,56409,102A01,Br. San Cristóbal Norte,CL 163A - KR 8C
13038,2-5,Portal Norte,#009944,,,,,5:30 AM - 11:30 PM,13,56806,272A01,Br. San Cristóbal Norte,CL 163A - KR 8G
13038,2-5,Portal Norte,#009944,,,,,5:30 AM - 11:30 PM,14,56456,126A01,Br. San Cristóbal Norte,AK 9 - CL 165A
13038,2-5,Portal Norte,#009944,,,,,5:30 AM - 11:30 PM,15,56459,129A01,Br. Pradera Norte,AK 9 - CL 168
13038,2-5,Portal Norte,#009944,,,,,5:30 AM - 11:30 PM,16,56258,025A01,Colegio de la Salle,AC 170 - KR 12
13038,2-5,Portal Norte,#009944,,,,,5:30 AM - 11:30 PM,17,57369,646A01,Br. La Alameda,AC 170 - KR 15
13038,2-5,Portal Norte,#009944,,,,,5:30 AM - 11:30 PM,18,56705,222A01,Colegio The English School,AC 170 - KR 17A
515,2-7,San José,#009944,2,Autonorte,B,4:30 AM - 12:30 AM,2:00 PM - 12:00 AM,1,2000,TM0029,Portal Norte - Unicervantes,Autopista Norte - CL 172A
515,2-7,San José,#009944,2,Autonorte,B,4:30 AM - 12:30 AM,2:00 PM - 12:00 AM,2,55792,105A02,Uniagraria,AC 170 - KR 49B
515,2-7,San José,#009944,2,Autonorte,B,4:30 AM - 12:30 AM,2:00 PM - 12:00 AM,3,55878,164A02,Carrera 55,AC 170 - KR 54C
515,2-7,San José,#009944,2,Autonorte,B,4:30 AM - 12:30 AM,2:00 PM - 12:00 AM,4,55885,168A02,C. C. Portal 170,CL 169 B - KR 58
515,2-7,San José,#009944,2,Autonorte,B,4:30 AM - 12:30 AM,2:00 PM - 12:00 AM,5,56019,245A02,LICEO MODERNO CAMPESTRE,KR 62 - CL 168A
515,2-7,San José,#009944,2,Autonorte,B,4:30 AM - 12:30 AM,2:00 PM - 12:00 AM,6,56023,251A02,Gimnasio El Renuevo,CL 167 - KR 62-48 (AL LADO)
515,2-7,San José,#009944,2,Autonorte,B,4:30 AM - 12:30 AM,2:00 PM - 12:00 AM,7,55847,159A02,Pq Villa Olga,AV. Boyacá - CL 167
514,2-8,Expreso Oriental CL 170,#009944,2,Autonorte,B,,,1,2000,TM0029,Portal Norte - Unicervantes,Autopista Norte - CL 172A
514,2-8,Expreso Oriental CL 170,#009944,2,Autonorte,B,,,2,57052,402A01,Br. Santa Teresa,KR 8G - AC 170
514,2-8,Expreso Oriental CL 170,#009944,2,Autonorte,B,,,3,56456,126A01,Br. San Cristóbal Norte,AK 9 - CL 165A
514,2-8,Expreso Oriental CL 170,#009944,2,Autonorte,B,,,4,56459,129A01,Br. Pradera Norte,AK 9 - CL 168
514,2-8,Expreso Oriental CL 170,#009944,2,Autonorte,B,,,5,56258,025A01,Colegio de la Salle,AC 170 - KR 12
514,2-8,Expreso Oriental CL 170,#009944,2,Autonorte,B,,,6,57369,646A01,Br. La Alameda,AC 170 - KR 15
514,2-8,Expreso Oriental CL 170,#009944,2,Autonorte,B,,,7,56705,222A01,Colegio The English School,AC 170 - KR 17A
514,2-8,Expreso Oriental CL 170,#009944,2,Autonorte,B,,,8,2000,TM0029,Portal Norte - Unicervantes,Autopista Norte - CL 172A
686,3,Portal Tunal,#F18500,8,Caracas Sur,H,4:00 AM - 11:00 PM,4:00 AM - 10:00 PM,1,6106,TM0126,Corferias,AV. Eldorado - KR 40
686,3,Portal Tunal,#F18500,8,Caracas Sur,H,4:00 AM - 11:00 PM,4:00 AM - 10:00 PM,2,6107,TM0125,Ciudad Universitaria- Lotería de Bogotá,AV. Eldorado - KR 33A
686,3,Portal Tunal,#F18500,8,Caracas Sur,H,4:00 AM - 11:00 PM,4:00 AM - 10:00 PM,3,6108,TM0124,Concejo de Bogotá,AV. Eldorado - KR 28
686,3,Portal Tunal,#F18500,8,Caracas Sur,H,4:00 AM - 11:00 PM,4:00 AM - 10:00 PM,4,6109,TM0123,Centro Memoria,AV. Eldorado - KR 19B
686,3,Portal Tunal,#F18500,8,Caracas Sur,H,4:00 AM - 11:00 PM,4:00 AM - 10:00 PM,5,9113,TM0011,Calle 22,AV. Caracas - CL 22
686,3,Portal Tunal,#F18500,8,Caracas Sur,H,4:00 AM - 11:00 PM,4:00 AM - 10:00 PM,6,9110,TM0013,Avenida Jiménez,AV. Caracas - CL 11
686,3,Portal Tunal,#F18500,8,Caracas Sur,H,4:00 AM - 11:00 PM,4:00 AM - 10:00 PM,7,9107,TM0105,Hortúa,AV. Caracas - CL 1 Bis Sur
686,3,Portal Tunal,#F18500,8,Caracas Sur,H,4:00 AM - 11:00 PM,4:00 AM - 10:00 PM,8,9106,TM0106,Nariño,AV. Caracas - CL 10 Sur
686,3,Portal Tunal,#F18500,8,Caracas Sur,H,4:00 AM - 11:00 PM,4:00 AM - 10:00 PM,9,9105,TM0107,Fucha,AV. Caracas - CL 17A Sur
686,3,Portal Tunal,#F18500,8,Caracas Sur,H,4:00 AM - 11:00 PM,4:00 AM - 10:00 PM,10,9104,TM0108,Restrepo,AV. Caracas - CL 21 Sur
686,3,Portal Tunal,#F18500,8,Caracas Sur,H,4:00 AM - 11:00 PM,4:00 AM - 10:00 PM,11,9103,TM0109,Olaya,AV. Caracas - CL 27 Sur
686,3,Portal Tunal,#F18500,8,Caracas Sur,H,4:00 AM - 11:00 PM,4:00 AM - 10:00 PM,12,9101,TM0110,Quiroga,AV. Caracas - CL 33 Sur
686,3,Portal Tunal,#F18500,8,Caracas Sur,H,4:00 AM - 11:00 PM,4:00 AM - 10:00 PM,13,9100,TM0111,Calle 40 Sur,AV. Caracas - CL 40 Sur
686,3,Portal Tunal,#F18500,8,Caracas Sur,H,4:00 AM - 11:00 PM,4:00 AM - 10:00 PM,14,9004,TM0112,Santa Lucía,AV. Caracas - CL 46 Sur
686,3,Portal Tunal,#F18500,8,Caracas Sur,H,4:00 AM - 11:00 PM,4:00 AM - 10:00 PM,15,8002,TM0116,Biblioteca,KR 19C -  CL 51 Sur
686,3,Portal Tunal,#F18500,8,Caracas Sur,H,4:00 AM - 11:00 PM,4:00 AM - 10:00 PM,16,8001,TM0117,Parque,KR 19C - CL 56 Sur
686,3,Portal Tunal,#F18500,8,Caracas Sur,H,4:00 AM - 11:00 PM,4:00 AM - 10:00 PM,17,8000,TM0119,Portal Tunal,AV. Boyacá -  AV. Villavicencio
699,3,Corferias,#D5B079,10,Calle 26,K,4:30 AM - 11:00 PM,4:30 AM - 10:00 PM,1,8000,TM0119,Portal Tunal,AV. Boyacá -  AV. Villavicencio
699,3,Corferias,#D5B079,10,Calle 26,K,4:30 AM - 11:00 PM,4:30 AM - 10:00 PM,2,8001,TM0117,Parque,KR 19C - CL 56 Sur
699,3,Corferias,#D5B079,10,Calle 26,K,4:30 AM - 11:00 PM,4:30 AM - 10:00 PM,3,8002,TM0116,Biblioteca,KR 19C -  CL 51 Sur
699,3,Corferias,#D5B079,10,Calle 26,K,4:30 AM - 11:00 PM,4:30 AM - 10:00 PM,4,9004,TM0112,Santa Lucía,AV. Caracas - CL 46 Sur
699,3,Corferias,#D5B079,10,Calle 26,K,4:30 AM - 11:00 PM,4:30 AM - 10:00 PM,5,9100,TM0111,Calle 40 Sur,AV. Caracas - CL 40 Sur
699,3,Corferias,#D5B079,10,Calle 26,K,4:30 AM - 11:00 PM,4:30 AM - 10:00 PM,6,9101,TM0110,Quiroga,AV. Caracas - CL 33 Sur
699,3,Corferias,#D5B079,10,Calle 26,K,4:30 AM - 11:00 PM,4:30 AM - 10:00 PM,7,9103,TM0109,Olaya,AV. Caracas - CL 27 Sur
699,3,Corferias,#D5B079,10,Calle 26,K,4:30 AM - 11:00 PM,4:30 AM - 10:00 PM,8,9104,TM0108,Restrepo,AV. Caracas - CL 21 Sur
699,3,Corferias,#D5B079,10,Calle 26,K,4:30 AM - 11:00 PM,4:30 AM - 10:00 PM,9,9105,TM0107,Fucha,AV. Caracas - CL 17A Sur
699,3,Corferias,#D5B079,10,Calle 26,K,4:30 AM - 11:00 PM,4:30 AM - 10:00 PM,10,9106,TM0106,Nariño,AV. Caracas - CL 10 Sur
699,3,Corferias,#D5B079,10,Calle 26,K,4:30 AM - 11:00 PM,4:30 AM - 10:00 PM,11,9107,TM0105,Hortúa,AV. Caracas - CL 1 Bis Sur
699,3,Corferias,#D5B079,10,Calle 26,K,4:30 AM - 11:00 PM,4:30 AM - 10:00 PM,12,9110,TM0013,Avenida Jiménez,AV. Caracas - CL 11
699,3,Corferias,#D5B079,10,Calle 26,K,4:30 AM - 11:00 PM,4:30 AM - 10:00 PM,13,9113,TM0011,Calle 22,AV. Caracas - CL 22
699,3,Corferias,#D5B079,10,Calle 26,K,4:30 AM - 11:00 PM,4:30 AM - 10:00 PM,14,6109,TM0123,Centro Memoria,AV. Eldorado - KR 19B
699,3,Corferias,#D5B079,10,Calle 26,K,4:30 AM - 11:00 PM,4:30 AM - 10:00 PM,15,6108,TM0124,Concejo de Bogotá,AV. Eldorado - KR 28
699,3,Corferias,#D5B079,10,Calle 26,K,4:30 AM - 11:00 PM,4:30 AM - 10:00 PM,16,6107,TM0125,Ciudad Universitaria- Lotería de Bogotá,AV. Eldorado - KR 33A
699,3,Corferias,#D5B079,10,Calle 26,K,4:30 AM - 11:00 PM,4:30 AM - 10:00 PM,17,6106,TM0126,Corferias,AV. Eldorado - KR 40
13040,3-10,Portal Usme,#009944,,,,4:00 AM - 12:30 AM,4:30 AM - 11:30 PM,1,53450,091A12,Usme Rural,KR 3 - CL 139 Sur Br. Usme Pueblo
13040,3-10,Portal Usme,#009944,,,,4:00 AM - 12:30 AM,4:30 AM - 11:30 PM,2,53453,094A12,Plaza Central de Usme,KR 3 - CL 137B Sur
13040,3-10,Portal Usme,#009944,,,,4:00 AM - 12:30 AM,4:30 AM - 11:30 PM,3,73969,097B12,Centro Usme - La Esperanza,KR 3 - CL 136 Sur
13040,3-10,Portal Usme,#009944,,,,4:00 AM - 12:30 AM,4:30 AM - 11:30 PM,4,53459,099A12,Br. Centro Usme Urbano,KR 3 - CL 133C Sur
13040,3-10,Portal Usme,#009944,,,,4:00 AM - 12:30 AM,4:30 AM - 11:30 PM,5,54230,552A12,El Oasis,KR 14 - CL 133 Sur
13040,3-10,Portal Usme,#009944,,,,4:00 AM - 12:30 AM,4:30 AM - 11:30 PM,6,53461,101A12,Br. La Requilina,KR 3 - CL 131 Sur
13040,3-10,Portal Usme,#009944,,,,4:00 AM - 12:30 AM,4:30 AM - 11:30 PM,7,53482,103A12,El pedregal-La Lira,KR 3 - CL 129 Sur
13040,3-10,Portal Usme,#009944,,,,4:00 AM - 12:30 AM,4:30 AM - 11:30 PM,8,53484,105A12,El pedregal-La Lira,KR 2A - CL 123 Sur
13040,3-10,Portal Usme,#009944,,,,4:00 AM - 12:30 AM,4:30 AM - 11:30 PM,9,53488,107B12,Villa Anita Usme,KR 2A - CL 116A Sur
13040,3-10,Portal Usme,#009944,,,,4:00 AM - 12:30 AM,4:30 AM - 11:30 PM,10,53490,109A12,Bosque El Limonar,TV 1B - CL 112 Sur
13040,3-10,Portal Usme,#009944,,,,4:00 AM - 12:30 AM,4:30 AM - 11:30 PM,11,54009,399A12,Br. Brazuelos Sector Paraíso,KR 11 - CL 102 Sur
13040,3-10,Portal Usme,#009944,,,,4:00 AM - 12:30 AM,4:30 AM - 11:30 PM,12,53579,157A12,Br. Brazuelos,KR 1A - CL 102 Sur
13040,3-10,Portal Usme,#009944,,,,4:00 AM - 12:30 AM,4:30 AM - 11:30 PM,13,90004,TM0118,Portal Usme,AV. Caracas - CL 65 Sur
5396,3-3,Chuniza,#009944,,,,,4:30 AM - 11:30 PM,1,74269,Usme,Portal  Alimentacion Plat1,Portal
5396,3-3,Chuniza,#009944,,,,,4:30 AM - 11:30 PM,2,54123,499A12,C.C. Santa Librada,AV. Caracas - CL 75 Sur
5396,3-3,Chuniza,#009944,,,,,4:30 AM - 11:30 PM,3,53326,039A12,IED Miguel de Cervantes,AV. Caracas - CL 76B Sur
5396,3-3,Chuniza,#009944,,,,,4:30 AM - 11:30 PM,4,73904,041A12,Plaza de Mercado Santa Librada,Av Caracas - CL 78 Sur
5396,3-3,Chuniza,#009944,,,,,4:30 AM - 11:30 PM,5,53628,186A12,Br. El Virrey,CL 93 Sur - KR 12
5396,3-3,Chuniza,#009944,,,,,4:30 AM - 11:30 PM,6,53650,188A12,Br. Chuniza I,CL 91 Sur - KR 11
5396,3-3,Chuniza,#009944,,,,,4:30 AM - 11:30 PM,7,54115,487A12,Br. Chuniza I,KR 8 - CL 89B Sur
5396,3-3,Chuniza,#009944,,,,,4:30 AM - 11:30 PM,8,53653,192A12,Br. El Líbano,CL 89 Sur - KR 5
5396,3-3,Chuniza,#009944,,,,,4:30 AM - 11:30 PM,9,53661,200A12,Br. El Líbano,DG 88 Sur - TV 4A
5396,3-3,Chuniza,#009944,,,,,4:30 AM - 11:30 PM,10,53662,201A12,Br. Chicó Sur,CL 87B Sur - KR 2B Bellavista Sur
5396,3-3,Chuniza,#009944,,,,,4:30 AM - 11:30 PM,11,53663,202A12,Br. El Líbano,CL 87B Sur - TV 2C
5396,3-3,Chuniza,#009944,,,,,4:30 AM - 11:30 PM,12,53660,199A12,Br. El Líbano,DG 88 Sur - TV 4B
5396,3-3,Chuniza,#009944,,,,,4:30 AM - 11:30 PM,13,53659,198A12,Br. Chuniza I,CL 89 Sur - KR 5B
5396,3-3,Chuniza,#009944,,,,,4:30 AM - 11:30 PM,14,54116,488A12,Br. Chuniza I,KR 8 - CL 89 Sur
5396,3-3,Chuniza,#009944,,,,,4:30 AM - 11:30 PM,15,53652,191A12,Br. Chuniza I,CL 91 Sur - KR 9B
5396,3-3,Chuniza,#009944,,,,,4:30 AM - 11:30 PM,16,73905,042A12,Barrio Gran Yomasa,Av Caracas - Calle 79 Sur
5396,3-3,Chuniza,#009944,,,,,4:30 AM - 11:30 PM,17,53328,040A12,IED Miguel de Cervantes,AV. Caracas - CL 76B Sur
5396,3-3,Chuniza,#009944,,,,,4:30 AM - 11:30 PM,18,53325,038B12,C.C. Santa Librada,AV. Caracas - CL 75 Sur
5396,3-3,Chuniza,#009944,,,,,4:30 AM - 11:30 PM,19,74269,Usme,Portal  Alimentacion Plat1,Portal
5397,3-3,Chuniza,#009944,,,,,4:30 AM - 11:30 PM,1,74269,Usme,Portal  Alimentacion Plat1,Portal
5397,3-3,Chuniza,#009944,,,,,4:30 AM - 11:30 PM,2,54123,499A12,C.C. Santa Librada,AV. Caracas - CL 75 Sur
5397,3-3,Chuniza,#009944,,,,,4:30 AM - 11:30 PM,3,53326,039A12,IED Miguel de Cervantes,AV. Caracas - CL 76B Sur
5397,3-3,Chuniza,#009944,,,,,4:30 AM - 11:30 PM,4,73904,041A12,Plaza de Mercado Santa Librada,Av Caracas - CL 78 Sur
5397,3-3,Chuniza,#009944,,,,,4:30 AM - 11:30 PM,5,53628,186A12,Br. El Virrey,CL 93 Sur - KR 12
5397,3-3,Chuniza,#009944,,,,,4:30 AM - 11:30 PM,6,53650,188A12,Br. Chuniza I,CL 91 Sur - KR 11
5397,3-3,Chuniza,#009944,,,,,4:30 AM - 11:30 PM,7,54115,487A12,Br. Chuniza I,KR 8 - CL 89B Sur
5397,3-3,Chuniza,#009944,,,,,4:30 AM - 11:30 PM,8,53653,192A12,Br. El Líbano,CL 89 Sur - KR 5
5397,3-3,Chuniza,#009944,,,,,4:30 AM - 11:30 PM,9,53661,200A12,Br. El Líbano,DG 88 Sur - TV 4A
5397,3-3,Chuniza,#009944,,,,,4:30 AM - 11:30 PM,10,53662,201A12,Br. Chicó Sur,CL 87B Sur - KR 2B Bellavista Sur
5397,3-3,Chuniza,#009944,,,,,4:30 AM - 11:30 PM,11,53663,202A12,Br. El Líbano,CL 87B Sur - TV 2C
5397,3-3,Chuniza,#009944,,,,,4:30 AM - 11:30 PM,12,53660,199A12,Br. El Líbano,DG 88 Sur - TV 4B
5397,3-3,Chuniza,#009944,,,,,4:30 AM - 11:30 PM,13,53659,198A12,Br. Chuniza I,CL 89 Sur - KR 5B
5397,3-3,Chuniza,#009944,,,,,4:30 AM - 11:30 PM,14,54116,488A12,Br. Chuniza I,KR 8 - CL 89 Sur
5397,3-3,Chuniza,#009944,,,,,4:30 AM - 11:30 PM,15,53652,191A12,Br. Chuniza I,CL 91 Sur - KR 9B
5397,3-3,Chuniza,#009944,,,,,4:30 AM - 11:30 PM,16,73905,042A12,Barrio Gran Yomasa,Av Caracas - Calle 79 Sur
5397,3-3,Chuniza,#009944,,,,,4:30 AM - 11:30 PM,17,53328,040A12,IED Miguel de Cervantes,AV. Caracas - CL 76B Sur
5397,3-3,Chuniza,#009944,,,,,4:30 AM - 11:30 PM,18,53325,038B12,C.C. Santa Librada,AV. Caracas - CL 75 Sur
5397,3-3,Chuniza,#009944,,,,,4:30 AM - 11:30 PM,19,74269,Usme,Portal  Alimentacion Plat1,Portal
4143,3-4,Portal Usme,#009944,,,,4:00 AM - 12:30 AM,4:30 AM - 11:30 PM,1,53618,176A12,Br Alfonso López SecBuenos Aires,CL 91 Sur – KR 1C Bis
4143,3-4,Portal Usme,#009944,,,,4:00 AM - 12:30 AM,4:30 AM - 11:30 PM,2,53624,182A12,Br Alfonso López SecBuenos Aires,CL 91 Sur – KR 4 Este
4143,3-4,Portal Usme,#009944,,,,4:00 AM - 12:30 AM,4:30 AM - 11:30 PM,3,53622,180A12,Br. El Progreso,KR 6 Este – CL 97D Sur
4143,3-4,Portal Usme,#009944,,,,4:00 AM - 12:30 AM,4:30 AM - 11:30 PM,4,53616,174A12,Br. Villa Hermosa,DG 98 Sur - KR 6D Este Alfonso Lopez
4143,3-4,Portal Usme,#009944,,,,4:00 AM - 12:30 AM,4:30 AM - 11:30 PM,5,53627,185A12,Br Alfonso López Sec El Progreso,KR 7A Este – CL 97B Sur
4143,3-4,Portal Usme,#009944,,,,4:00 AM - 12:30 AM,4:30 AM - 11:30 PM,6,54093,466B12,Br. El Progreso,CL 90 Sur – KR 6 Este
4143,3-4,Portal Usme,#009944,,,,4:00 AM - 12:30 AM,4:30 AM - 11:30 PM,7,54096,469A12,Br. La Reforma,CL 90 Sur - KR 5C Bis Este
4143,3-4,Portal Usme,#009944,,,,4:00 AM - 12:30 AM,4:30 AM - 11:30 PM,8,53340,050A12,Br. Chapinerito,KR 1 - DG 82A Sur
4143,3-4,Portal Usme,#009944,,,,4:00 AM - 12:30 AM,4:30 AM - 11:30 PM,9,90004,TM0118,Portal Usme,AV. Caracas - CL 65 Sur
688,4,Héroes,#80BA27,2,Autonorte,B,4:00 AM - 11:00 PM,4:00 AM - 10:00 PM,1,7000,TM0099,Portal Sur - JFK Coop. Financiera,Autopista Sur - KR 73
688,4,Héroes,#80BA27,2,Autonorte,B,4:00 AM - 11:00 PM,4:00 AM - 10:00 PM,2,7001,TM0098,Perdomo,Autopista Sur - KR 72 Sur
688,4,Héroes,#80BA27,2,Autonorte,B,4:00 AM - 11:00 PM,4:00 AM - 10:00 PM,3,7002,TM0097,C.C Paseo Villa Del Rio - Madelena,Autopista Sur - KR 65
688,4,Héroes,#80BA27,2,Autonorte,B,4:00 AM - 11:00 PM,4:00 AM - 10:00 PM,4,7003,TM0096,Sevillana,Autopista Sur - KRA 61
688,4,Héroes,#80BA27,2,Autonorte,B,4:00 AM - 11:00 PM,4:00 AM - 10:00 PM,5,7004,TM0095,Venecia,Autopista Sur - KR 54A
688,4,Héroes,#80BA27,2,Autonorte,B,4:00 AM - 11:00 PM,4:00 AM - 10:00 PM,6,7005,TM0094,Alquería,Autopista Sur - KR 52A
688,4,Héroes,#80BA27,2,Autonorte,B,4:00 AM - 11:00 PM,4:00 AM - 10:00 PM,7,7006,TM0093,General Santander,Autopista Sur - KR 50A Bis
688,4,Héroes,#80BA27,2,Autonorte,B,4:00 AM - 11:00 PM,4:00 AM - 10:00 PM,8,7007,TM0092,NQS Calle 38A Sur,Autopista Sur - CL 38 Sur
688,4,Héroes,#80BA27,2,Autonorte,B,4:00 AM - 11:00 PM,4:00 AM - 10:00 PM,9,7008,TM0091,NQS Calle 30 SUR,Autopista Sur - CL 30 Sur
688,4,Héroes,#80BA27,2,Autonorte,B,4:00 AM - 11:00 PM,4:00 AM - 10:00 PM,10,7113,TM0089,Santa Isabel,AV. NQS - CL 1G
688,4,Héroes,#80BA27,2,Autonorte,B,4:00 AM - 11:00 PM,4:00 AM - 10:00 PM,11,7112,TM0088,Comuneros,AV. NQS -  CL 5
688,4,Héroes,#80BA27,2,Autonorte,B,4:00 AM - 11:00 PM,4:00 AM - 10:00 PM,12,7111,TM0069,Ricaurte,AV. NQS - CL 10
688,4,Héroes,#80BA27,2,Autonorte,B,4:00 AM - 11:00 PM,4:00 AM - 10:00 PM,13,7110,TM0068,Paloquemao,AV. NQS - CL 18A
688,4,Héroes,#80BA27,2,Autonorte,B,4:00 AM - 11:00 PM,4:00 AM - 10:00 PM,14,7109,TM0067,CAD,AV. NQS - CL 22C
688,4,Héroes,#80BA27,2,Autonorte,B,4:00 AM - 11:00 PM,4:00 AM - 10:00 PM,15,7108,TM0066,Av. Eldorado,AV. NQS - CL 40A
688,4,Héroes,#80BA27,2,Autonorte,B,4:00 AM - 11:00 PM,4:00 AM - 10:00 PM,16,7107,TM0065,Universidad Nacional,AV. NQS - CL 47
688,4,Héroes,#80BA27,2,Autonorte,B,4:00 AM - 11:00 PM,4:00 AM - 10:00 PM,17,7106,TM0064,Campin - UAN,AV. NQS - CL 53 Bis
688,4,Héroes,#80BA27,2,Autonorte,B,4:00 AM - 11:00 PM,4:00 AM - 10:00 PM,18,7105,TM0063,Movistar Arena,AV. NQS - CL 63
688,4,Héroes,#80BA27,2,Autonorte,B,4:00 AM - 11:00 PM,4:00 AM - 10:00 PM,19,7104,TM0062,7 de Agosto,AV. NQS - CL 63G
688,4,Héroes,#80BA27,2,Autonorte,B,4:00 AM - 11:00 PM,4:00 AM - 10:00 PM,20,7103,TM0061,Avenida Chile,AV. NQS - CL 71
688,4,Héroes,#80BA27,2,Autonorte,B,4:00 AM - 11:00 PM,4:00 AM - 10:00 PM,21,7102,TM0060,NQS Calle 75,AV. NQS - CL 75
688,4,Héroes,#80BA27,2,Autonorte,B,4:00 AM - 11:00 PM,4:00 AM - 10:00 PM,22,4107,TM0047,Escuela Militar,AC 80 - KR 51
688,4,Héroes,#80BA27,2,Autonorte,B,4:00 AM - 11:00 PM,4:00 AM - 10:00 PM,23,4108,TM0046,Polo - FINCOMERCIO,AC 80 - KR 27
688,4,Héroes,#80BA27,2,Autonorte,B,4:00 AM - 11:00 PM,4:00 AM - 10:00 PM,24,2304,TM0015,Héroes - Colmena Seguros,Autopista Norte - CL 81
687,4,Portal Sur,#009CDE,7,NQS Sur,G,4:00 AM - 11:00 PM,4:00 AM - 10:00 PM,1,2304,TM0015,Héroes - Colmena Seguros,Autopista Norte - CL 81
687,4,Portal Sur,#009CDE,7,NQS Sur,G,4:00 AM - 11:00 PM,4:00 AM - 10:00 PM,2,4108,TM0046,Polo - FINCOMERCIO,AC 80 - KR 27
687,4,Portal Sur,#009CDE,7,NQS Sur,G,4:00 AM - 11:00 PM,4:00 AM - 10:00 PM,3,4107,TM0047,Escuela Militar,AC 80 - KR 51
687,4,Portal Sur,#009CDE,7,NQS Sur,G,4:00 AM - 11:00 PM,4:00 AM - 10:00 PM,4,7102,TM0060,NQS Calle 75,AV. NQS - CL 75
687,4,Portal Sur,#009CDE,7,NQS Sur,G,4:00 AM - 11:00 PM,4:00 AM - 10:00 PM,5,7103,TM0061,Avenida Chile,AV. NQS - CL 71
687,4,Portal Sur,#009CDE,7,NQS Sur,G,4:00 AM - 11:00 PM,4:00 AM - 10:00 PM,6,7104,TM0062,7 de Agosto,AV. NQS - CL 63G
687,4,Portal Sur,#009CDE,7,NQS Sur,G,4:00 AM - 11:00 PM,4:00 AM - 10:00 PM,7,7105,TM0063,Movistar Arena,AV. NQS - CL 63
687,4,Portal Sur,#009CDE,7,NQS Sur,G,4:00 AM - 11:00 PM,4:00 AM - 10:00 PM,8,7106,TM0064,Campin - UAN,AV. NQS - CL 53 Bis
687,4,Portal Sur,#009CDE,7,NQS Sur,G,4:00 AM - 11:00 PM,4:00 AM - 10:00 PM,9,7107,TM0065,Universidad Nacional,AV. NQS - CL 47
687,4,Portal Sur,#009CDE,7,NQS Sur,G,4:00 AM - 11:00 PM,4:00 AM - 10:00 PM,10,7108,TM0066,Av. Eldorado,AV. NQS - CL 40A
687,4,Portal Sur,#009CDE,7,NQS Sur,G,4:00 AM - 11:00 PM,4:00 AM - 10:00 PM,11,7109,TM0067,CAD,AV. NQS - CL 22C
687,4,Portal Sur,#009CDE,7,NQS Sur,G,4:00 AM - 11:00 PM,4:00 AM - 10:00 PM,12,7110,TM0068,Paloquemao,AV. NQS - CL 18A
687,4,Portal Sur,#009CDE,7,NQS Sur,G,4:00 AM - 11:00 PM,4:00 AM - 10:00 PM,13,7111,TM0069,Ricaurte,AV. NQS - CL 10
687,4,Portal Sur,#009CDE,7,NQS Sur,G,4:00 AM - 11:00 PM,4:00 AM - 10:00 PM,14,7112,TM0088,Comuneros,AV. NQS -  CL 5
687,4,Portal Sur,#009CDE,7,NQS Sur,G,4:00 AM - 11:00 PM,4:00 AM - 10:00 PM,15,7113,TM0089,Santa Isabel,AV. NQS - CL 1G
687,4,Portal Sur,#009CDE,7,NQS Sur,G,4:00 AM - 11:00 PM,4:00 AM - 10:00 PM,16,7008,TM0091,NQS Calle 30 SUR,Autopista Sur - CL 30 Sur
687,4,Portal Sur,#009CDE,7,NQS Sur,G,4:00 AM - 11:00 PM,4:00 AM - 10:00 PM,17,7007,TM0092,NQS Calle 38A Sur,Autopista Sur - CL 38 Sur
687,4,Portal Sur,#009CDE,7,NQS Sur,G,4:00 AM - 11:00 PM,4:00 AM - 10:00 PM,18,7006,TM0093,General Santander,Autopista Sur - KR 50A Bis
687,4,Portal Sur,#009CDE,7,NQS Sur,G,4:00 AM - 11:00 PM,4:00 AM - 10:00 PM,19,7005,TM0094,Alquería,Autopista Sur - KR 52A
687,4,Portal Sur,#009CDE,7,NQS Sur,G,4:00 AM - 11:00 PM,4:00 AM - 10:00 PM,20,7004,TM0095,Venecia,Autopista Sur - KR 54A
687,4,Portal Sur,#009CDE,7,NQS Sur,G,4:00 AM - 11:00 PM,4:00 AM - 10:00 PM,21,7003,TM0096,Sevillana,Autopista Sur - KRA 61
687,4,Portal Sur,#009CDE,7,NQS Sur,G,4:00 AM - 11:00 PM,4:00 AM - 10:00 PM,22,7002,TM0097,C.C Paseo Villa Del Rio - Madelena,Autopista Sur - KR 65
687,4,Portal Sur,#009CDE,7,NQS Sur,G,4:00 AM - 11:00 PM,4:00 AM - 10:00 PM,23,7001,TM0098,Perdomo,Autopista Sur - KR 72 Sur
687,4,Portal Sur,#009CDE,7,NQS Sur,G,4:00 AM - 11:00 PM,4:00 AM - 10:00 PM,24,7000,TM0099,Portal Sur - JFK Coop. Financiera,Autopista Sur - KR 73
689,5,Portal Américas,#DC0814,6,Américas,F,4:00 AM - 11:00 PM,4:00 AM - 10:00 PM,1,9110,TM0013,Avenida Jiménez,AV. Caracas - CL 11
689,5,Portal Américas,#DC0814,6,Américas,F,4:00 AM - 11:00 PM,4:00 AM - 10:00 PM,2,9110,TM0013,Avenida Jiménez,AV. Caracas - CL 11
689,5,Portal Américas,#DC0814,6,Américas,F,4:00 AM - 11:00 PM,4:00 AM - 10:00 PM,3,14001,TM0071,De La Sabana,CL 13 - KR 16
689,5,Portal Américas,#DC0814,6,Américas,F,4:00 AM - 11:00 PM,4:00 AM - 10:00 PM,4,12004,TM0072,San Facon Carrera 22,CL 13 - KR 22
689,5,Portal Américas,#DC0814,6,Américas,F,4:00 AM - 11:00 PM,4:00 AM - 10:00 PM,5,7111,TM0069,Ricaurte,AV. NQS - CL 10
689,5,Portal Américas,#DC0814,6,Américas,F,4:00 AM - 11:00 PM,4:00 AM - 10:00 PM,6,12002,TM0074,CDS Carrera 32,CL 13 - KR 32
689,5,Portal Américas,#DC0814,6,Américas,F,4:00 AM - 11:00 PM,4:00 AM - 10:00 PM,7,12007,TM0075,Zona Industrial,CL 13 - KR 38
689,5,Portal Américas,#DC0814,6,Américas,F,4:00 AM - 11:00 PM,4:00 AM - 10:00 PM,8,12001,TM0076,Carrera 43 - Comapan,CL 13 - KR 43
689,5,Portal Américas,#DC0814,6,Américas,F,4:00 AM - 11:00 PM,4:00 AM - 10:00 PM,9,12000,TM0077,Puente Aranda,CL 13 - KR 47
689,5,Portal Américas,#DC0814,6,Américas,F,4:00 AM - 11:00 PM,4:00 AM - 10:00 PM,10,5107,TM0078,Distrito Grafiti,AV. Américas -  KR 53
689,5,Portal Américas,#DC0814,6,Américas,F,4:00 AM - 11:00 PM,4:00 AM - 10:00 PM,11,5105,TM0079,Pradera - Plaza Central,AV. Américas -  KR 63
689,5,Portal Américas,#DC0814,6,Américas,F,4:00 AM - 11:00 PM,4:00 AM - 10:00 PM,12,5103,TM0080,Marsella,AV. Américas - KR 69C
689,5,Portal Américas,#DC0814,6,Américas,F,4:00 AM - 11:00 PM,4:00 AM - 10:00 PM,13,5102,TM0081,Av Américas - Av. Boyacá,AV. Américas - KR 71C
689,5,Portal Américas,#DC0814,6,Américas,F,4:00 AM - 11:00 PM,4:00 AM - 10:00 PM,14,5101,TM0082,Mandalay,AV. Américas - KR 73
689,5,Portal Américas,#DC0814,6,Américas,F,4:00 AM - 11:00 PM,4:00 AM - 10:00 PM,15,5100,TM0083,Banderas,AV. Américas - KR 78G
689,5,Portal Américas,#DC0814,6,Américas,F,4:00 AM - 11:00 PM,4:00 AM - 10:00 PM,16,5005,TM0084,Transversal 86,AV. Amércias - KR 80C
689,5,Portal Américas,#DC0814,6,Américas,F,4:00 AM - 11:00 PM,4:00 AM - 10:00 PM,17,5002,TM0085,Biblioteca Tintal,AV. Ciudad de Cali - 33 SUR
689,5,Portal Américas,#DC0814,6,Américas,F,4:00 AM - 11:00 PM,4:00 AM - 10:00 PM,18,5000,TM0087,Portal Américas,AV. Villavicencio - KR 86
690,5,Av. Jiménez,#DC0814,6,Américas,F,4:00 AM - 11:00 PM,4:00 AM - 10:00 PM,1,5000,TM0087,Portal Américas,AV. Villavicencio - KR 86
690,5,Av. Jiménez,#DC0814,6,Américas,F,4:00 AM - 11:00 PM,4:00 AM - 10:00 PM,2,5002,TM0085,Biblioteca Tintal,AV. Ciudad de Cali - 33 SUR
690,5,Av. Jiménez,#DC0814,6,Américas,F,4:00 AM - 11:00 PM,4:00 AM - 10:00 PM,3,5005,TM0084,Transversal 86,AV. Amércias - KR 80C
690,5,Av. Jiménez,#DC0814,6,Américas,F,4:00 AM - 11:00 PM,4:00 AM - 10:00 PM,4,5100,TM0083,Banderas,AV. Américas - KR 78G
690,5,Av. Jiménez,#DC0814,6,Américas,F,4:00 AM - 11:00 PM,4:00 AM - 10:00 PM,5,5101,TM0082,Mandalay,AV. Américas - KR 73
690,5,Av. Jiménez,#DC0814,6,Américas,F,4:00 AM - 11:00 PM,4:00 AM - 10:00 PM,6,5102,TM0081,Av Américas - Av. Boyacá,AV. Américas - KR 71C
690,5,Av. Jiménez,#DC0814,6,Américas,F,4:00 AM - 11:00 PM,4:00 AM - 10:00 PM,7,5103,TM0080,Marsella,AV. Américas - KR 69C
690,5,Av. Jiménez,#DC0814,6,Américas,F,4:00 AM - 11:00 PM,4:00 AM - 10:00 PM,8,5105,TM0079,Pradera - Plaza Central,AV. Américas -  KR 63
690,5,Av. Jiménez,#DC0814,6,Américas,F,4:00 AM - 11:00 PM,4:00 AM - 10:00 PM,9,5107,TM0078,Distrito Grafiti,AV. Américas -  KR 53
690,5,Av. Jiménez,#DC0814,6,Américas,F,4:00 AM - 11:00 PM,4:00 AM - 10:00 PM,10,12000,TM0077,Puente Aranda,CL 13 - KR 47
690,5,Av. Jiménez,#DC0814,6,Américas,F,4:00 AM - 11:00 PM,4:00 AM - 10:00 PM,11,12001,TM0076,Carrera 43 - Comapan,CL 13 - KR 43
690,5,Av. Jiménez,#DC0814,6,Américas,F,4:00 AM - 11:00 PM,4:00 AM - 10:00 PM,12,12007,TM0075,Zona Industrial,CL 13 - KR 38
690,5,Av. Jiménez,#DC0814,6,Américas,F,4:00 AM - 11:00 PM,4:00 AM - 10:00 PM,13,12002,TM0074,CDS Carrera 32,CL 13 - KR 32
690,5,Av. Jiménez,#DC0814,6,Américas,F,4:00 AM - 11:00 PM,4:00 AM - 10:00 PM,14,7111,TM0069,Ricaurte,AV. NQS - CL 10
690,5,Av. Jiménez,#DC0814,6,Américas,F,4:00 AM - 11:00 PM,4:00 AM - 10:00 PM,15,12004,TM0072,San Facon Carrera 22,CL 13 - KR 22
690,5,Av. Jiménez,#DC0814,6,Américas,F,4:00 AM - 11:00 PM,4:00 AM - 10:00 PM,16,14001,TM0071,De La Sabana,CL 13 - KR 16
690,5,Av. Jiménez,#DC0814,6,Américas,F,4:00 AM - 11:00 PM,4:00 AM - 10:00 PM,17,9110,TM0013,Avenida Jiménez,AV. Caracas - CL 11
692,6,Universidades,#E1A2AC,9,Eje Ambiental,J,4:30 AM - 11:00 PM,4:30 AM - 10:00 PM,1,4000,TM0058,Portal 80,Portal 80 - AC 80 - KR 96
692,6,Universidades,#E1A2AC,9,Eje Ambiental,J,4:30 AM - 11:00 PM,4:30 AM - 10:00 PM,2,4001,TM0057,Quirigua,AC 80 -  KR 94
692,6,Universidades,#E1A2AC,9,Eje Ambiental,J,4:30 AM - 11:00 PM,4:30 AM - 10:00 PM,3,4002,TM0056,Carrera 90,AC 80 - KR 90
692,6,Universidades,#E1A2AC,9,Eje Ambiental,J,4:30 AM - 11:00 PM,4:30 AM - 10:00 PM,4,4003,TM0055,Avenida Cali,AC 80 - KR 86
692,6,Universidades,#E1A2AC,9,Eje Ambiental,J,4:30 AM - 11:00 PM,4:30 AM - 10:00 PM,5,4004,TM0054,Granja - cra 77,Granja - Carrera 77
692,6,Universidades,#E1A2AC,9,Eje Ambiental,J,4:30 AM - 11:00 PM,4:30 AM - 10:00 PM,6,4101,TM0053,Minuto De Dios,AC 80 - KR 73A
692,6,Universidades,#E1A2AC,9,Eje Ambiental,J,4:30 AM - 11:00 PM,4:30 AM - 10:00 PM,7,4102,TM0052,Boyacá,AC 80 - KR 70F
692,6,Universidades,#E1A2AC,9,Eje Ambiental,J,4:30 AM - 11:00 PM,4:30 AM - 10:00 PM,8,4103,TM0051,Ferias,AC 80 - KR69T
692,6,Universidades,#E1A2AC,9,Eje Ambiental,J,4:30 AM - 11:00 PM,4:30 AM - 10:00 PM,9,4104,TM0050,Avenida 68,AC 80 - KR 68G
692,6,Universidades,#E1A2AC,9,Eje Ambiental,J,4:30 AM - 11:00 PM,4:30 AM - 10:00 PM,10,4105,TM0049,Carrera 53,AC 80 - KR 64
692,6,Universidades,#E1A2AC,9,Eje Ambiental,J,4:30 AM - 11:00 PM,4:30 AM - 10:00 PM,11,4106,TM0048,Carrera 47,AC 80 - KR 57
692,6,Universidades,#E1A2AC,9,Eje Ambiental,J,4:30 AM - 11:00 PM,4:30 AM - 10:00 PM,12,4107,TM0047,Escuela Militar,AC 80 - KR 51
692,6,Universidades,#E1A2AC,9,Eje Ambiental,J,4:30 AM - 11:00 PM,4:30 AM - 10:00 PM,13,4108,TM0046,Polo - FINCOMERCIO,AC 80 - KR 27
692,6,Universidades,#E1A2AC,9,Eje Ambiental,J,4:30 AM - 11:00 PM,4:30 AM - 10:00 PM,14,9123,TM0001,Calle 76,AV. Caracas - CL 76
692,6,Universidades,#E1A2AC,9,Eje Ambiental,J,4:30 AM - 11:00 PM,4:30 AM - 10:00 PM,15,9121,TM0003,Flores,AV. Caracas - CL 69
692,6,Universidades,#E1A2AC,9,Eje Ambiental,J,4:30 AM - 11:00 PM,4:30 AM - 10:00 PM,16,9119,TM0005,Calle 57,AV. Caracas - CL 57
692,6,Universidades,#E1A2AC,9,Eje Ambiental,J,4:30 AM - 11:00 PM,4:30 AM - 10:00 PM,17,9118,TM0006,Marly,AV. Caracas - CL 51
692,6,Universidades,#E1A2AC,9,Eje Ambiental,J,4:30 AM - 11:00 PM,4:30 AM - 10:00 PM,18,9116,TM0008,Av. 39,AV. Caracas - CL 39
692,6,Universidades,#E1A2AC,9,Eje Ambiental,J,4:30 AM - 11:00 PM,4:30 AM - 10:00 PM,19,9115,TM0009,Calle 34,AV. Caracas - CL 33A
692,6,Universidades,#E1A2AC,9,Eje Ambiental,J,4:30 AM - 11:00 PM,4:30 AM - 10:00 PM,20,6111,TM0122,Universidades CityU,KR 3 - CL 22
691,6,Portal 80,#8064A9,4,Calle 80,D,4:30 AM - 11:00 PM,4:30 AM - 10:00 PM,1,6111,TM0122,Universidades CityU,KR 3 - CL 22
691,6,Portal 80,#8064A9,4,Calle 80,D,4:30 AM - 11:00 PM,4:30 AM - 10:00 PM,2,9115,TM0009,Calle 34,AV. Caracas - CL 33A
691,6,Portal 80,#8064A9,4,Calle 80,D,4:30 AM - 11:00 PM,4:30 AM - 10:00 PM,3,9116,TM0008,Av. 39,AV. Caracas - CL 39
691,6,Portal 80,#8064A9,4,Calle 80,D,4:30 AM - 11:00 PM,4:30 AM - 10:00 PM,4,9118,TM0006,Marly,AV. Caracas - CL 51
691,6,Portal 80,#8064A9,4,Calle 80,D,4:30 AM - 11:00 PM,4:30 AM - 10:00 PM,5,9119,TM0005,Calle 57,AV. Caracas - CL 57
691,6,Portal 80,#8064A9,4,Calle 80,D,4:30 AM - 11:00 PM,4:30 AM - 10:00 PM,6,9121,TM0003,Flores,AV. Caracas - CL 69
691,6,Portal 80,#8064A9,4,Calle 80,D,4:30 AM - 11:00 PM,4:30 AM - 10:00 PM,7,9123,TM0001,Calle 76,AV. Caracas - CL 76
691,6,Portal 80,#8064A9,4,Calle 80,D,4:30 AM - 11:00 PM,4:30 AM - 10:00 PM,8,4108,TM0046,Polo - FINCOMERCIO,AC 80 - KR 27
691,6,Portal 80,#8064A9,4,Calle 80,D,4:30 AM - 11:00 PM,4:30 AM - 10:00 PM,9,4107,TM0047,Escuela Militar,AC 80 - KR 51
691,6,Portal 80,#8064A9,4,Calle 80,D,4:30 AM - 11:00 PM,4:30 AM - 10:00 PM,10,4106,TM0048,Carrera 47,AC 80 - KR 57
691,6,Portal 80,#8064A9,4,Calle 80,D,4:30 AM - 11:00 PM,4:30 AM - 10:00 PM,11,4105,TM0049,Carrera 53,AC 80 - KR 64
691,6,Portal 80,#8064A9,4,Calle 80,D,4:30 AM - 11:00 PM,4:30 AM - 10:00 PM,12,4104,TM0050,Avenida 68,AC 80 - KR 68G
691,6,Portal 80,#8064A9,4,Calle 80,D,4:30 AM - 11:00 PM,4:30 AM - 10:00 PM,13,4103,TM0051,Ferias,AC 80 - KR69T
691,6,Portal 80,#8064A9,4,Calle 80,D,4:30 AM - 11:00 PM,4:30 AM - 10:00 PM,14,4102,TM0052,Boyacá,AC 80 - KR 70F
691,6,Portal 80,#8064A9,4,Calle 80,D,4:30 AM - 11:00 PM,4:30 AM - 10:00 PM,15,4101,TM0053,Minuto De Dios,AC 80 - KR 73A
691,6,Portal 80,#8064A9,4,Calle 80,D,4:30 AM - 11:00 PM,4:30 AM - 10:00 PM,16,4004,TM0054,Granja - cra 77,Granja - Carrera 77
691,6,Portal 80,#8064A9,4,Calle 80,D,4:30 AM - 11:00 PM,4:30 AM - 10:00 PM,17,4003,TM0055,Avenida Cali,AC 80 - KR 86
691,6,Portal 80,#8064A9,4,Calle 80,D,4:30 AM - 11:00 PM,4:30 AM - 10:00 PM,18,4002,TM0056,Carrera 90,AC 80 - KR 90
691,6,Portal 80,#8064A9,4,Calle 80,D,4:30 AM - 11:00 PM,4:30 AM - 10:00 PM,19,4001,TM0057,Quirigua,AC 80 -  KR 94
691,6,Portal 80,#8064A9,4,Calle 80,D,4:30 AM - 11:00 PM,4:30 AM - 10:00 PM,20,4000,TM0058,Portal 80,Portal 80 - AC 80 - KR 96
2504,6-1,Candelaria,#009944,8,Caracas Sur,H,4:00 AM - 12:30 AM,4:00 AM - 11:30 PM,1,8000,TM0119,Portal Tunal,AV. Boyacá -  AV. Villavicencio
2504,6-1,Candelaria,#009944,8,Caracas Sur,H,4:00 AM - 12:30 AM,4:00 AM - 11:30 PM,2,51861,031A11,Br. Arborizadora Baja,AV. V/cio - KR 44
2504,6-1,Candelaria,#009944,8,Caracas Sur,H,4:00 AM - 12:30 AM,4:00 AM - 11:30 PM,3,54938,030A10,Br. Verona,AV. V/cio - KR 48
2504,6-1,Candelaria,#009944,8,Caracas Sur,H,4:00 AM - 12:30 AM,4:00 AM - 11:30 PM,4,55093,090B10,U. Distrital,AV. V/cio - AK 51
2504,6-1,Candelaria,#009944,8,Caracas Sur,H,4:00 AM - 12:30 AM,4:00 AM - 11:30 PM,5,55390,315B10,Br. El Ensueño,AV. V/cio - TV 63
2504,6-1,Candelaria,#009944,8,Caracas Sur,H,4:00 AM - 12:30 AM,4:00 AM - 11:30 PM,6,55046,071B10,U. Distrital,AV. V/cio - KR 49
2504,6-1,Candelaria,#009944,8,Caracas Sur,H,4:00 AM - 12:30 AM,4:00 AM - 11:30 PM,7,55090,089A10,Br. Verona,AV. V/cio - KR 48
2504,6-1,Candelaria,#009944,8,Caracas Sur,H,4:00 AM - 12:30 AM,4:00 AM - 11:30 PM,8,52665,453A11,Br. Candelaria La Nueva,AV. V/cio - KR 45A
2504,6-1,Candelaria,#009944,8,Caracas Sur,H,4:00 AM - 12:30 AM,4:00 AM - 11:30 PM,9,51859,030A11,CAI Candelaria,AV. V/cio - KR 43B
2504,6-1,Candelaria,#009944,8,Caracas Sur,H,4:00 AM - 12:30 AM,4:00 AM - 11:30 PM,10,8000,TM0119,Portal Tunal,AV. Boyacá -  AV. Villavicencio
583,6-12,Villa Gloria,#009944,8,Caracas Sur,H,4:00 AM - 12:30 AM,4:00 AM - 11:30 PM,1,8000,TM0119,Portal Tunal,AV. Boyacá -  AV. Villavicencio
583,6-12,Villa Gloria,#009944,8,Caracas Sur,H,4:00 AM - 12:30 AM,4:00 AM - 11:30 PM,2,52405,298A11,Br. Millán,DG 68 Sur - KR 19C
583,6-12,Villa Gloria,#009944,8,Caracas Sur,H,4:00 AM - 12:30 AM,4:00 AM - 11:30 PM,3,52233,189A11,Sauces Hortalizas,DG 69A Sur - TV 18Z
583,6-12,Villa Gloria,#009944,8,Caracas Sur,H,4:00 AM - 12:30 AM,4:00 AM - 11:30 PM,4,52230,186A11,Br. Cañada Honda,DG 69A Sur - KR 18U
583,6-12,Villa Gloria,#009944,8,Caracas Sur,H,4:00 AM - 12:30 AM,4:00 AM - 11:30 PM,5,52228,184A11,Br. Villa Gloria,KR 18L - CL 69L Sur
583,6-12,Villa Gloria,#009944,8,Caracas Sur,H,4:00 AM - 12:30 AM,4:00 AM - 11:30 PM,6,52229,185A11,El Triunfo Sur,KR 18L - CL 69M Sur
583,6-12,Villa Gloria,#009944,8,Caracas Sur,H,4:00 AM - 12:30 AM,4:00 AM - 11:30 PM,7,52782,574A11,Br. EL Triunfo Sur,KR 18L - CL 69I Bis Sur
583,6-12,Villa Gloria,#009944,8,Caracas Sur,H,4:00 AM - 12:30 AM,4:00 AM - 11:30 PM,8,52231,187A11,Br. Juan Pablo II,DG 69A Sur - KR 18U
583,6-12,Villa Gloria,#009944,8,Caracas Sur,H,4:00 AM - 12:30 AM,4:00 AM - 11:30 PM,9,52232,188A11,Desarrollo Marandú,DG 69A Sur - TV 18Z
583,6-12,Villa Gloria,#009944,8,Caracas Sur,H,4:00 AM - 12:30 AM,4:00 AM - 11:30 PM,10,52404,297A11,Br. Millán,DG 68 Sur - KR 19C
13047,6-12,Portal Tunal,#009944,,,,4:00 AM - 12:30 AM,4:00 AM - 11:30 PM,1,52405,298A11,Br. Millán,DG 68 Sur - KR 19C
13047,6-12,Portal Tunal,#009944,,,,4:00 AM - 12:30 AM,4:00 AM - 11:30 PM,2,52233,189A11,Sauces Hortalizas,DG 69A Sur - TV 18Z
13047,6-12,Portal Tunal,#009944,,,,4:00 AM - 12:30 AM,4:00 AM - 11:30 PM,3,52230,186A11,Br. Cañada Honda,DG 69A Sur - KR 18U
13047,6-12,Portal Tunal,#009944,,,,4:00 AM - 12:30 AM,4:00 AM - 11:30 PM,4,52228,184A11,Br. Villa Gloria,KR 18L - CL 69L Sur
13047,6-12,Portal Tunal,#009944,,,,4:00 AM - 12:30 AM,4:00 AM - 11:30 PM,5,52229,185A11,El Triunfo Sur,KR 18L - CL 69M Sur
13047,6-12,Portal Tunal,#009944,,,,4:00 AM - 12:30 AM,4:00 AM - 11:30 PM,6,52782,574A11,Br. EL Triunfo Sur,KR 18L - CL 69I Bis Sur
13047,6-12,Portal Tunal,#009944,,,,4:00 AM - 12:30 AM,4:00 AM - 11:30 PM,7,52231,187A11,Br. Juan Pablo II,DG 69A Sur - KR 18U
13047,6-12,Portal Tunal,#009944,,,,4:00 AM - 12:30 AM,4:00 AM - 11:30 PM,8,52232,188A11,Desarrollo Marandú,DG 69A Sur - TV 18Z
13047,6-12,Portal Tunal,#009944,,,,4:00 AM - 12:30 AM,4:00 AM - 11:30 PM,9,52404,297A11,Br. Millán,DG 68 Sur - KR 19C
13047,6-12,Portal Tunal,#009944,,,,4:00 AM - 12:30 AM,4:00 AM - 11:30 PM,10,8000,TM0119,Portal Tunal,AV. Boyacá -  AV. Villavicencio
2532,6-1C,Casa Linda,#009944,8,Caracas Sur,H,,5:30 AM - 11:30 PM,1,8000,TM0119,Portal Tunal,AV. Boyacá -  AV. Villavicencio
2532,6-1C,Casa Linda,#009944,8,Caracas Sur,H,,5:30 AM - 11:30 PM,2,52022,084A11,Br. Ronda,AV. V/cio - KR 22
2532,6-1C,Casa Linda,#009944,8,Caracas Sur,H,,5:30 AM - 11:30 PM,3,51932,062A11,Br. El Chircal Sur,AV. V/cio - KR 22G
2532,6-1C,Casa Linda,#009944,8,Caracas Sur,H,,5:30 AM - 11:30 PM,4,52086,118A11,CADE Ciudad Bolívar,AV. V/cio - TV 32
2532,6-1C,Casa Linda,#009944,8,Caracas Sur,H,,5:30 AM - 11:30 PM,5,52705,499A11,Br. Arborizadora Baja,AV. V/cio - KR 37C
2532,6-1C,Casa Linda,#009944,8,Caracas Sur,H,,5:30 AM - 11:30 PM,6,52834,617A11,Br. Arborizadora Baja,KR 38 – Av. V/cio
2532,6-1C,Casa Linda,#009944,8,Caracas Sur,H,,5:30 AM - 11:30 PM,7,51883,032A11,Br. El Satélite,AV. V/cio - KR 30
2532,6-1C,Casa Linda,#009944,8,Caracas Sur,H,,5:30 AM - 11:30 PM,8,51930,061A11,Br. El Satélite,AV. V/cio - KR 22B
2532,6-1C,Casa Linda,#009944,8,Caracas Sur,H,,5:30 AM - 11:30 PM,9,52001,083A11,Br. Ronda,AV. V/cio - TV 20F
2532,6-1C,Casa Linda,#009944,8,Caracas Sur,H,,5:30 AM - 11:30 PM,10,8000,TM0119,Portal Tunal,AV. Boyacá -  AV. Villavicencio
592,6-2,San Francisco,#009944,8,Caracas Sur,H,4:00 AM - 12:30 AM,4:00 AM - 11:30 PM,1,8000,TM0119,Portal Tunal,AV. Boyacá -  AV. Villavicencio
592,6-2,San Francisco,#009944,8,Caracas Sur,H,4:00 AM - 12:30 AM,4:00 AM - 11:30 PM,2,52468,322B11,Br. Las Acacías,KR 19G - CL 62 Sur
592,6-2,San Francisco,#009944,8,Caracas Sur,H,4:00 AM - 12:30 AM,4:00 AM - 11:30 PM,3,52461,317B11,San Francisco II Sector,KR 19G - CL 64 Sur
592,6-2,San Francisco,#009944,8,Caracas Sur,H,4:00 AM - 12:30 AM,4:00 AM - 11:30 PM,4,52826,601A11,San Francisco II Sector,CL 66 Sur - KR 19D
592,6-2,San Francisco,#009944,8,Caracas Sur,H,4:00 AM - 12:30 AM,4:00 AM - 11:30 PM,5,52599,423A11,Br. Las Acacias,KR 19D - CL 64 Sur
592,6-2,San Francisco,#009944,8,Caracas Sur,H,4:00 AM - 12:30 AM,4:00 AM - 11:30 PM,6,52466,321B11,Urbanización La Palmera,KR 19D - DG 62A Sur
592,6-2,San Francisco,#009944,8,Caracas Sur,H,4:00 AM - 12:30 AM,4:00 AM - 11:30 PM,7,52827,602A11,Br. Acacias Sur,KR 19D - DG 62 Sur
592,6-2,San Francisco,#009944,8,Caracas Sur,H,4:00 AM - 12:30 AM,4:00 AM - 11:30 PM,8,8000,TM0119,Portal Tunal,AV. Boyacá -  AV. Villavicencio
12354,6-4,Paraíso,#009944,8,Caracas Sur,H,4:00 AM - 12:30 AM,4:00 AM - 11:30 PM,1,8000,TM0119,Portal Tunal,AV. Boyacá -  AV. Villavicencio
12354,6-4,Paraíso,#009944,8,Caracas Sur,H,4:00 AM - 12:30 AM,4:00 AM - 11:30 PM,2,52410,302B11,IED Compartir Recuerdo,TV 17N - CL 64F Sur
12354,6-4,Paraíso,#009944,8,Caracas Sur,H,4:00 AM - 12:30 AM,4:00 AM - 11:30 PM,3,52817,590A11,Br. Lucero Medio,KR 18C - CL 65D Sur
12354,6-4,Paraíso,#009944,8,Caracas Sur,H,4:00 AM - 12:30 AM,4:00 AM - 11:30 PM,4,52387,277A11,Br. Lucero Medio,KR 18C - CL 67 Sur
12354,6-4,Paraíso,#009944,8,Caracas Sur,H,4:00 AM - 12:30 AM,4:00 AM - 11:30 PM,5,52381,271B11,IED Lucero Alto,TV 18I - DG 67C Bis Sur
12354,6-4,Paraíso,#009944,8,Caracas Sur,H,4:00 AM - 12:30 AM,4:00 AM - 11:30 PM,6,52378,268B11,IED Confederación Suiza,KR 18E - DG 69C Sur
12354,6-4,Paraíso,#009944,8,Caracas Sur,H,4:00 AM - 12:30 AM,4:00 AM - 11:30 PM,7,52334,265A11,Br. Vista Hermosa,DG 71B Sur - KR 18C
12354,6-4,Paraíso,#009944,8,Caracas Sur,H,4:00 AM - 12:30 AM,4:00 AM - 11:30 PM,8,52165,149A11,Br. Los Andes Sector V Nutibara,KR 18R - CL 71B Sur
12354,6-4,Paraíso,#009944,8,Caracas Sur,H,4:00 AM - 12:30 AM,4:00 AM - 11:30 PM,9,52821,594A11,Br. Los Andes Sector V Nutibara,KR 19D Bis - CL 71 Sur
12354,6-4,Paraíso,#009944,8,Caracas Sur,H,4:00 AM - 12:30 AM,4:00 AM - 11:30 PM,10,52822,595A11,Br. Villa Gloria,KR 20 - CL 70K Bis Sur
12354,6-4,Paraíso,#009944,8,Caracas Sur,H,4:00 AM - 12:30 AM,4:00 AM - 11:30 PM,11,52141,146B11,Br. Villas del Diamante,KR 20 - CL 70D Sur
12354,6-4,Paraíso,#009944,8,Caracas Sur,H,4:00 AM - 12:30 AM,4:00 AM - 11:30 PM,12,52823,596A11,Br. Bella Flor II,CL 70 Sur - KR 23
12354,6-4,Paraíso,#009944,8,Caracas Sur,H,4:00 AM - 12:30 AM,4:00 AM - 11:30 PM,13,52132,140B11,Br. Bella Flor,CL 72C Sur – KR 26C Bis
12354,6-4,Paraíso,#009944,8,Caracas Sur,H,4:00 AM - 12:30 AM,4:00 AM - 11:30 PM,14,52095,125A11,Br. Bella Flor,KR 27B - CL 71U Sur
12354,6-4,Paraíso,#009944,8,Caracas Sur,H,4:00 AM - 12:30 AM,4:00 AM - 11:30 PM,15,52122,130B11,Br. El Mirador,KR 27B - CL 71I Bis Sur
12354,6-4,Paraíso,#009944,8,Caracas Sur,H,4:00 AM - 12:30 AM,4:00 AM - 11:30 PM,16,52601,427A11,IED Paraíso Mirador,KR 27B - CL 71 Sur
12354,6-4,Paraíso,#009944,8,Caracas Sur,H,4:00 AM - 12:30 AM,4:00 AM - 11:30 PM,17,52602,428A11,IED Paraíso Mirador,KR 27B - CL 71 Sur Br. Paraiso
12354,6-4,Paraíso,#009944,8,Caracas Sur,H,4:00 AM - 12:30 AM,4:00 AM - 11:30 PM,18,52100,129B11,Br. El Mirador,KR 27B - CL 71H Sur
12354,6-4,Paraíso,#009944,8,Caracas Sur,H,4:00 AM - 12:30 AM,4:00 AM - 11:30 PM,19,52663,451B11,Br. El Mirador II,CL 72C Sur - KR 27B
12354,6-4,Paraíso,#009944,8,Caracas Sur,H,4:00 AM - 12:30 AM,4:00 AM - 11:30 PM,20,52130,139B11,Br. Bella Flor,KR 26C Bis - CL 72F Sur
12354,6-4,Paraíso,#009944,8,Caracas Sur,H,4:00 AM - 12:30 AM,4:00 AM - 11:30 PM,21,52137,144B11,Br. Brisas Del Volador,CL 70 Sur - KR 21
12354,6-4,Paraíso,#009944,8,Caracas Sur,H,4:00 AM - 12:30 AM,4:00 AM - 11:30 PM,22,52139,145B11,Br. Brisas Del Volador,KR 20 - CL 70C Sur
12354,6-4,Paraíso,#009944,8,Caracas Sur,H,4:00 AM - 12:30 AM,4:00 AM - 11:30 PM,23,52163,147B11,Br. Villas del progreso,KR 20 - CL 70I Sur
12354,6-4,Paraíso,#009944,8,Caracas Sur,H,4:00 AM - 12:30 AM,4:00 AM - 11:30 PM,24,52781,573A11,Br. Los Andes Sector V Nutibara,KR 19D Bis - CL 71 Sur
12354,6-4,Paraíso,#009944,8,Caracas Sur,H,4:00 AM - 12:30 AM,4:00 AM - 11:30 PM,25,52166,150A11,Br. Los Andes Sector V Nutibara,KR 18R - CL 73B Sur
12354,6-4,Paraíso,#009944,8,Caracas Sur,H,4:00 AM - 12:30 AM,4:00 AM - 11:30 PM,26,52333,264B11,IED Rafael Uribe Uribe Loc. 19,DG 71B Sur - TV 18J
12354,6-4,Paraíso,#009944,8,Caracas Sur,H,4:00 AM - 12:30 AM,4:00 AM - 11:30 PM,27,52379,269A11,IED Confederación Suiza,KR 18I - CL 69B Sur
12354,6-4,Paraíso,#009944,8,Caracas Sur,H,4:00 AM - 12:30 AM,4:00 AM - 11:30 PM,28,52383,272B11,IED Lucero Alto,TV 18I - DG 68 Sur
12354,6-4,Paraíso,#009944,8,Caracas Sur,H,4:00 AM - 12:30 AM,4:00 AM - 11:30 PM,29,52386,276A11,Br. Lucero Medio,KR 18C - CL 67A Sur
12354,6-4,Paraíso,#009944,8,Caracas Sur,H,4:00 AM - 12:30 AM,4:00 AM - 11:30 PM,30,52818,591A11,Br. Lucero Medio,KR 18C - CL 65D Sur
584,6-5,Tesoro,#009944,8,Caracas Sur,H,4:00 AM - 12:30 AM,4:00 AM - 11:30 PM,1,8000,TM0119,Portal Tunal,AV. Boyacá -  AV. Villavicencio
584,6-5,Tesoro,#009944,8,Caracas Sur,H,4:00 AM - 12:30 AM,4:00 AM - 11:30 PM,2,52472,327B11,Altos de Jalisco,DG 64A Bis Sur - KR 17D
584,6-5,Tesoro,#009944,8,Caracas Sur,H,4:00 AM - 12:30 AM,4:00 AM - 11:30 PM,3,52714,522B11,Br. Lucero del Sur,KR 17M - CL 67A Bis Sur
584,6-5,Tesoro,#009944,8,Caracas Sur,H,4:00 AM - 12:30 AM,4:00 AM - 11:30 PM,4,52715,523A11,Br. Lucero Sur Bajo,KR 17M - CL 69A Sur
584,6-5,Tesoro,#009944,8,Caracas Sur,H,4:00 AM - 12:30 AM,4:00 AM - 11:30 PM,5,52754,558A11,Br. Estrella del Sur,TV 17N - CL 70C Sur
584,6-5,Tesoro,#009944,8,Caracas Sur,H,4:00 AM - 12:30 AM,4:00 AM - 11:30 PM,6,52385,275A11,Br. Estrella del Sur,CL 73 Sur - KR 18
584,6-5,Tesoro,#009944,8,Caracas Sur,H,4:00 AM - 12:30 AM,4:00 AM - 11:30 PM,7,52824,599A11,Br. Estrella del Sur,KR 18B Bis- CL 74 Sur
584,6-5,Tesoro,#009944,8,Caracas Sur,H,4:00 AM - 12:30 AM,4:00 AM - 11:30 PM,8,52325,255A11,Br. Estrella del Sur,CL 75 Sur - KR 18B
584,6-5,Tesoro,#009944,8,Caracas Sur,H,4:00 AM - 12:30 AM,4:00 AM - 11:30 PM,9,52292,242A11,Br. El Tesoro,KR 18G - CL 76 Sur
584,6-5,Tesoro,#009944,8,Caracas Sur,H,4:00 AM - 12:30 AM,4:00 AM - 11:30 PM,10,52319,249A11,Br. El Tesoro,CL 78 Sur - KR 18F
584,6-5,Tesoro,#009944,8,Caracas Sur,H,4:00 AM - 12:30 AM,4:00 AM - 11:30 PM,11,52293,243A11,Br. El Tesoro,KR 18D Bis - CL 79 Sur
584,6-5,Tesoro,#009944,8,Caracas Sur,H,4:00 AM - 12:30 AM,4:00 AM - 11:30 PM,12,52745,548A11,Br. Cedritos del Sur II,DG 77A Sur – KR 18C
584,6-5,Tesoro,#009944,8,Caracas Sur,H,4:00 AM - 12:30 AM,4:00 AM - 11:30 PM,13,52320,250A11,Br. El Tesoro,CL 78 Sur - KR 18D
584,6-5,Tesoro,#009944,8,Caracas Sur,H,4:00 AM - 12:30 AM,4:00 AM - 11:30 PM,14,52322,251B11,IED Antonio García,CL 75G Sur - KR 18F
584,6-5,Tesoro,#009944,8,Caracas Sur,H,4:00 AM - 12:30 AM,4:00 AM - 11:30 PM,15,52324,254B11,Br. Estrella del Sur,CL 75 Sur - KR 18B Bis A
584,6-5,Tesoro,#009944,8,Caracas Sur,H,4:00 AM - 12:30 AM,4:00 AM - 11:30 PM,16,52384,274A11,Br. Estrella del Sur,CL 73A Sur - KR 18A Bis
584,6-5,Tesoro,#009944,8,Caracas Sur,H,4:00 AM - 12:30 AM,4:00 AM - 11:30 PM,17,52825,600A11,Br. Quintas del Sur,CL 73 Sur - KR 18
584,6-5,Tesoro,#009944,8,Caracas Sur,H,4:00 AM - 12:30 AM,4:00 AM - 11:30 PM,18,52389,280A11,Urbanización las Quintas,KR 17N - CL 70C Sur
584,6-5,Tesoro,#009944,8,Caracas Sur,H,4:00 AM - 12:30 AM,4:00 AM - 11:30 PM,19,52710,520A11,Br. Lucero Sur Bajo,KR 17M - CL 69C Sur
584,6-5,Tesoro,#009944,8,Caracas Sur,H,4:00 AM - 12:30 AM,4:00 AM - 11:30 PM,20,52712,521B11,Br. Lucero del Sur,KR 17M - CL 67A Bis A Sur
584,6-5,Tesoro,#009944,8,Caracas Sur,H,4:00 AM - 12:30 AM,4:00 AM - 11:30 PM,21,52497,330B11,Br. Lucero del Sur,DG 64 A Bis Sur - KR 17D Bis
584,6-5,Tesoro,#009944,8,Caracas Sur,H,4:00 AM - 12:30 AM,4:00 AM - 11:30 PM,22,8000,TM0119,Portal Tunal,AV. Boyacá -  AV. Villavicencio
2568,6-5,Estrella del Sur,#009944,,,,4:00 AM - 12:30 AM,4:00 AM - 11:30 PM,,,,,
589,6-5C,Arabia,#009944,8,Caracas Sur,H,4:00 AM - 12:30 AM,,1,8000,TM0119,Portal Tunal,AV. Boyacá -  AV. Villavicencio
589,6-5C,Arabia,#009944,8,Caracas Sur,H,4:00 AM - 12:30 AM,,2,52293,243A11,Br. El Tesoro,KR 18D Bis - CL 79 Sur
589,6-5C,Arabia,#009944,8,Caracas Sur,H,4:00 AM - 12:30 AM,,3,52289,239A11,Br. Naciones Unidas,TV 18H - DG 77A Sur
589,6-5C,Arabia,#009944,8,Caracas Sur,H,4:00 AM - 12:30 AM,,4,52282,232A11,Br. El Tesoro,KR 18I - CL 78C Sur
589,6-5C,Arabia,#009944,8,Caracas Sur,H,4:00 AM - 12:30 AM,,5,52283,233A11,Br. El Tesoro,KR 18H - CL 80B Sur
589,6-5C,Arabia,#009944,8,Caracas Sur,H,4:00 AM - 12:30 AM,,6,52776,560A11,Br. El Tesorito,KR 18H – CL 81B Sur
589,6-5C,Arabia,#009944,8,Caracas Sur,H,4:00 AM - 12:30 AM,,7,52280,228A11,Br. Arabia,KR 18G - CL 81G
589,6-5C,Arabia,#009944,8,Caracas Sur,H,4:00 AM - 12:30 AM,,8,52281,229A11,Br. Arabia,KR 18G - CL 81G Br. Arabia
589,6-5C,Arabia,#009944,8,Caracas Sur,H,4:00 AM - 12:30 AM,,9,52755,559A11,Br. El Tesorito,KR 18H – CL 81C Sur
589,6-5C,Arabia,#009944,8,Caracas Sur,H,4:00 AM - 12:30 AM,,10,52284,234A11,Br. Arabia,KR 18H - CL 80B Sur
589,6-5C,Arabia,#009944,8,Caracas Sur,H,4:00 AM - 12:30 AM,,11,52285,235A11,Br. El Tesoro,KR 18I - CL 78C Sur
589,6-5C,Arabia,#009944,8,Caracas Sur,H,4:00 AM - 12:30 AM,,12,52288,238A11,Br. El Tesoro,TV 18H - DG 77A Sur
589,6-5C,Arabia,#009944,8,Caracas Sur,H,4:00 AM - 12:30 AM,,13,52294,244A11,Br. Naciones Unidas,DG 77A Sur - KR 18G
13049,6-5C,Portal Tunal,#009944,,,,4:00 AM - 12:30 AM,,1,52293,243A11,Br. El Tesoro,KR 18D Bis - CL 79 Sur
13049,6-5C,Portal Tunal,#009944,,,,4:00 AM - 12:30 AM,,2,52289,239A11,Br. Naciones Unidas,TV 18H - DG 77A Sur
13049,6-5C,Portal Tunal,#009944,,,,4:00 AM - 12:30 AM,,3,52282,232A11,Br. El Tesoro,KR 18I - CL 78C Sur
13049,6-5C,Portal Tunal,#009944,,,,4:00 AM - 12:30 AM,,4,52283,233A11,Br. El Tesoro,KR 18H - CL 80B Sur
13049,6-5C,Portal Tunal,#009944,,,,4:00 AM - 12:30 AM,,5,52776,560A11,Br. El Tesorito,KR 18H – CL 81B Sur
13049,6-5C,Portal Tunal,#009944,,,,4:00 AM - 12:30 AM,,6,52280,228A11,Br. Arabia,KR 18G - CL 81G
13049,6-5C,Portal Tunal,#009944,,,,4:00 AM - 12:30 AM,,7,52281,229A11,Br. Arabia,KR 18G - CL 81G Br. Arabia
13049,6-5C,Portal Tunal,#009944,,,,4:00 AM - 12:30 AM,,8,52755,559A11,Br. El Tesorito,KR 18H – CL 81C Sur
13049,6-5C,Portal Tunal,#009944,,,,4:00 AM - 12:30 AM,,9,52284,234A11,Br. Arabia,KR 18H - CL 80B Sur
13049,6-5C,Portal Tunal,#009944,,,,4:00 AM - 12:30 AM,,10,52285,235A11,Br. El Tesoro,KR 18I - CL 78C Sur
13049,6-5C,Portal Tunal,#009944,,,,4:00 AM - 12:30 AM,,11,52288,238A11,Br. El Tesoro,TV 18H - DG 77A Sur
13049,6-5C,Portal Tunal,#009944,,,,4:00 AM - 12:30 AM,,12,52294,244A11,Br. Naciones Unidas,DG 77A Sur - KR 18G
13049,6-5C,Portal Tunal,#009944,,,,4:00 AM - 12:30 AM,,13,52393,284A11,Br. Quintas del Sur,CL 70C Sur - KR 17B
13049,6-5C,Portal Tunal,#009944,,,,4:00 AM - 12:30 AM,,14,8000,TM0119,Portal Tunal,AV. Boyacá -  AV. Villavicencio
2622,6-6,Juan José Rondón,#009944,,,,,,1,8000,TM0119,Portal Tunal,AV. Boyacá -  AV. Villavicencio
2622,6-6,Juan José Rondón,#009944,,,,,,2,52456,312B11,IED San Francisco,CL 64 Sur - KR 21A
2622,6-6,Juan José Rondón,#009944,,,,,,3,52463,319A11,Col Confraternidad San Fernando,KR 20C - CL 64 Sur
2622,6-6,Juan José Rondón,#009944,,,,,,4,52414,310A11,IED San Francisco,KR 20C - CL 67 Sur
2622,6-6,Juan José Rondón,#009944,,,,,,5,52239,195A11,Br. Juan José Rondón,KR 20D Bis - CL 68G Sur
2622,6-6,Juan José Rondón,#009944,,,,,,6,52235,191A11,Br. Juan José Rondón,TV 22 - CL 69C Bis Sur
2622,6-6,Juan José Rondón,#009944,,,,,,7,52237,193A11,Br. Arborizadora Alta,CL 69J Sur - KR 32
2622,6-6,Juan José Rondón,#009944,,,,,,8,52236,192A11,Br. Arborizadora Alta,CL 69J Sur - KR 32
2622,6-6,Juan José Rondón,#009944,,,,,,9,52234,190A11,Br. Juan José Rondón,TV 22 - CL 69C Sur
2622,6-6,Juan José Rondón,#009944,,,,,,10,52238,194A11,Br. Juan José Rondón,KR 20D Bis - CL 68B Sur
2622,6-6,Juan José Rondón,#009944,,,,,,11,52589,415A11,Br. San Francisco,KR 20C - CL 67 Sur
2622,6-6,Juan José Rondón,#009944,,,,,,12,52590,416A11,Br. Las Acacias,KR 20C - CL 64 Sur
2622,6-6,Juan José Rondón,#009944,,,,,,13,52591,417A11,Br. San Francisco,KR 20C - CL 61B Sur
2622,6-6,Juan José Rondón,#009944,,,,,,14,8000,TM0119,Portal Tunal,AV. Boyacá -  AV. Villavicencio
4011,6-7,Portal Tunal,#009944,,,,,4:00 AM - 11:30 PM,1,52390,281A11,Br. Quintas del Sur,KR 17F - CL 70C Sur
4011,6-7,Portal Tunal,#009944,,,,,4:00 AM - 11:30 PM,2,52391,282A11,Br. Potreritos,CL 73B Sur - KR 17A
4011,6-7,Portal Tunal,#009944,,,,,4:00 AM - 11:30 PM,3,51901,051A11,Urb. Buenavista,KR 17 A - CL 76A Sur
4011,6-7,Portal Tunal,#009944,,,,,4:00 AM - 11:30 PM,4,51896,043A11,Br. Buenos Aires,KR 17A - CL 78C Sur
4011,6-7,Portal Tunal,#009944,,,,,4:00 AM - 11:30 PM,5,51923,053A11,Br. El Minuto de María,KR 17A - CL 80B Sur
4011,6-7,Portal Tunal,#009944,,,,,4:00 AM - 11:30 PM,6,52738,532A11,Br. San Joaquín del Vaticano,KR 17A - CL 81C Sur
4011,6-7,Portal Tunal,#009944,,,,,4:00 AM - 11:30 PM,7,51924,054A11,Br. El Minuto de María,KR 17A - CL 80C Sur
4011,6-7,Portal Tunal,#009944,,,,,4:00 AM - 11:30 PM,8,51897,044A11,Br. Buenos Aires,KR 17 A - CL 78C Sur
4011,6-7,Portal Tunal,#009944,,,,,4:00 AM - 11:30 PM,9,51922,052A11,Br. Casa de Teja,KR 17 A - CL 75 Sur
4011,6-7,Portal Tunal,#009944,,,,,4:00 AM - 11:30 PM,10,51900,050A11,Br. Sotavento,KR 17A - CL 73A Sur
4011,6-7,Portal Tunal,#009944,,,,,4:00 AM - 11:30 PM,11,52392,283A11,Urbanización las Quintas,KR 17F - CL 71 Sur
4011,6-7,Portal Tunal,#009944,,,,,4:00 AM - 11:30 PM,12,52753,557B11,Br. Central de Mezclas,Av. Boyacá – KR 16C
4011,6-7,Portal Tunal,#009944,,,,,4:00 AM - 11:30 PM,13,51817,008A11,Br. México,AV. Boyacá - CL 65A Sur
4011,6-7,Portal Tunal,#009944,,,,,4:00 AM - 11:30 PM,14,51813,006A11,Br. México,AV. Boyacá - CL 64 Sur
4011,6-7,Portal Tunal,#009944,,,,,4:00 AM - 11:30 PM,15,51806,002C11,Br. Meissen,AV Boyacá - KR 18C
4011,6-7,Portal Tunal,#009944,,,,,4:00 AM - 11:30 PM,16,8000,TM0119,Portal Tunal,AV. Boyacá -  AV. Villavicencio
4010,6-7,Portal Tunal,#009944,,,,,4:00 AM - 11:30 PM,1,52390,281A11,Br. Quintas del Sur,KR 17F - CL 70C Sur
4010,6-7,Portal Tunal,#009944,,,,,4:00 AM - 11:30 PM,2,52391,282A11,Br. Potreritos,CL 73B Sur - KR 17A
4010,6-7,Portal Tunal,#009944,,,,,4:00 AM - 11:30 PM,3,51901,051A11,Urb. Buenavista,KR 17 A - CL 76A Sur
4010,6-7,Portal Tunal,#009944,,,,,4:00 AM - 11:30 PM,4,51896,043A11,Br. Buenos Aires,KR 17A - CL 78C Sur
4010,6-7,Portal Tunal,#009944,,,,,4:00 AM - 11:30 PM,5,51923,053A11,Br. El Minuto de María,KR 17A - CL 80B Sur
4010,6-7,Portal Tunal,#009944,,,,,4:00 AM - 11:30 PM,6,52738,532A11,Br. San Joaquín del Vaticano,KR 17A - CL 81C Sur
4010,6-7,Portal Tunal,#009944,,,,,4:00 AM - 11:30 PM,7,51924,054A11,Br. El Minuto de María,KR 17A - CL 80C Sur
4010,6-7,Portal Tunal,#009944,,,,,4:00 AM - 11:30 PM,8,51897,044A11,Br. Buenos Aires,KR 17 A - CL 78C Sur
4010,6-7,Portal Tunal,#009944,,,,,4:00 AM - 11:30 PM,9,51922,052A11,Br. Casa de Teja,KR 17 A - CL 75 Sur
4010,6-7,Portal Tunal,#009944,,,,,4:00 AM - 11:30 PM,10,51900,050A11,Br. Sotavento,KR 17A - CL 73A Sur
4010,6-7,Portal Tunal,#009944,,,,,4:00 AM - 11:30 PM,11,52392,283A11,Urbanización las Quintas,KR 17F - CL 71 Sur
4010,6-7,Portal Tunal,#009944,,,,,4:00 AM - 11:30 PM,12,52753,557B11,Br. Central de Mezclas,Av. Boyacá – KR 16C
4010,6-7,Portal Tunal,#009944,,,,,4:00 AM - 11:30 PM,13,51817,008A11,Br. México,AV. Boyacá - CL 65A Sur
4010,6-7,Portal Tunal,#009944,,,,,4:00 AM - 11:30 PM,14,51813,006A11,Br. México,AV. Boyacá - CL 64 Sur
4010,6-7,Portal Tunal,#009944,,,,,4:00 AM - 11:30 PM,15,51806,002C11,Br. Meissen,AV Boyacá - KR 18C
4010,6-7,Portal Tunal,#009944,,,,,4:00 AM - 11:30 PM,16,8000,TM0119,Portal Tunal,AV. Boyacá -  AV. Villavicencio
587,6-7,San Joaquín,#009944,8,Caracas Sur,H,,4:00 AM - 11:30 PM,1,8000,TM0119,Portal Tunal,AV. Boyacá -  AV. Villavicencio
587,6-7,San Joaquín,#009944,8,Caracas Sur,H,,4:00 AM - 11:30 PM,2,51807,003A11,Br. San Benito,AV. Boyacá - CL 60A Sur
587,6-7,San Joaquín,#009944,8,Caracas Sur,H,,4:00 AM - 11:30 PM,3,51809,004A11,Br. Lucero Alto,AV. Boyacá - KR 18Q
587,6-7,San Joaquín,#009944,8,Caracas Sur,H,,4:00 AM - 11:30 PM,4,51815,007A11,Br. Lucero del Sur,AV. Boyacá - CL 64ABis Sur
587,6-7,San Joaquín,#009944,8,Caracas Sur,H,,4:00 AM - 11:30 PM,5,51818,009A11,Br. Lucero del Sur,AV. Boyacá - CL 66 Sur
587,6-7,San Joaquín,#009944,8,Caracas Sur,H,,4:00 AM - 11:30 PM,6,51898,048A11,Br. Quintas del Sur,AV. Boyacá - CL 70B Sur
587,6-7,San Joaquín,#009944,8,Caracas Sur,H,,4:00 AM - 11:30 PM,7,52390,281A11,Br. Quintas del Sur,KR 17F - CL 70C Sur
587,6-7,San Joaquín,#009944,8,Caracas Sur,H,,4:00 AM - 11:30 PM,8,52391,282A11,Br. Potreritos,CL 73B Sur - KR 17A
587,6-7,San Joaquín,#009944,8,Caracas Sur,H,,4:00 AM - 11:30 PM,9,51901,051A11,Urb. Buenavista,KR 17 A - CL 76A Sur
587,6-7,San Joaquín,#009944,8,Caracas Sur,H,,4:00 AM - 11:30 PM,10,51896,043A11,Br. Buenos Aires,KR 17A - CL 78C Sur
587,6-7,San Joaquín,#009944,8,Caracas Sur,H,,4:00 AM - 11:30 PM,11,51923,053A11,Br. El Minuto de María,KR 17A - CL 80B Sur
587,6-7,San Joaquín,#009944,8,Caracas Sur,H,,4:00 AM - 11:30 PM,12,52738,532A11,Br. San Joaquín del Vaticano,KR 17A - CL 81C Sur
587,6-7,San Joaquín,#009944,8,Caracas Sur,H,,4:00 AM - 11:30 PM,13,51924,054A11,Br. El Minuto de María,KR 17A - CL 80C Sur
587,6-7,San Joaquín,#009944,8,Caracas Sur,H,,4:00 AM - 11:30 PM,14,51897,044A11,Br. Buenos Aires,KR 17 A - CL 78C Sur
587,6-7,San Joaquín,#009944,8,Caracas Sur,H,,4:00 AM - 11:30 PM,15,51922,052A11,Br. Casa de Teja,KR 17 A - CL 75 Sur
587,6-7,San Joaquín,#009944,8,Caracas Sur,H,,4:00 AM - 11:30 PM,16,51900,050A11,Br. Sotavento,KR 17A - CL 73A Sur
587,6-7,San Joaquín,#009944,8,Caracas Sur,H,,4:00 AM - 11:30 PM,17,52392,283A11,Urbanización las Quintas,KR 17F - CL 71 Sur
4017,6-8,Vista Hermosa,#009944,,,,,,1,8000,TM0119,Portal Tunal,AV. Boyacá -  AV. Villavicencio
4017,6-8,Vista Hermosa,#009944,,,,,,2,52410,302B11,IED Compartir Recuerdo,TV 17N - CL 64F Sur
4017,6-8,Vista Hermosa,#009944,,,,,,3,52817,590A11,Br. Lucero Medio,KR 18C - CL 65D Sur
4017,6-8,Vista Hermosa,#009944,,,,,,4,52387,277A11,Br. Lucero Medio,KR 18C - CL 67 Sur
4017,6-8,Vista Hermosa,#009944,,,,,,5,52381,271B11,IED Lucero Alto,TV 18I - DG 67C Bis Sur
4017,6-8,Vista Hermosa,#009944,,,,,,6,52378,268B11,IED Confederación Suiza,KR 18E - DG 69C Sur
4017,6-8,Vista Hermosa,#009944,,,,,,7,52334,265A11,Br. Vista Hermosa,DG 71B Sur - KR 18C
4017,6-8,Vista Hermosa,#009944,,,,,,8,52333,264B11,IED Rafael Uribe Uribe Loc. 19,DG 71B Sur - TV 18J
4017,6-8,Vista Hermosa,#009944,,,,,,9,52379,269A11,IED Confederación Suiza,KR 18I - CL 69B Sur
4017,6-8,Vista Hermosa,#009944,,,,,,10,52383,272B11,IED Lucero Alto,TV 18I - DG 68 Sur
4017,6-8,Vista Hermosa,#009944,,,,,,11,52386,276A11,Br. Lucero Medio,KR 18C - CL 67A Sur
4017,6-8,Vista Hermosa,#009944,,,,,,12,52818,591A11,Br. Lucero Medio,KR 18C - CL 65D Sur
4017,6-8,Vista Hermosa,#009944,,,,,,13,52474,328B11,JAC Lucero Medio,TV 17N - CL 64F Sur
585,6-9,Arborizadora Alta,#009944,8,Caracas Sur,H,4:00 AM - 12:30 AM,4:00 AM - 11:30 PM,1,8000,TM0119,Portal Tunal,AV. Boyacá -  AV. Villavicencio
585,6-9,Arborizadora Alta,#009944,8,Caracas Sur,H,4:00 AM - 12:30 AM,4:00 AM - 11:30 PM,2,52828,604A11,Br. Arborizadora Alta I,CL 69J Sur - TV 38
585,6-9,Arborizadora Alta,#009944,8,Caracas Sur,H,4:00 AM - 12:30 AM,4:00 AM - 11:30 PM,3,52249,212B11,Br. Manuela Beltrán,KR 45 - DG 69N Sur
585,6-9,Arborizadora Alta,#009944,8,Caracas Sur,H,4:00 AM - 12:30 AM,4:00 AM - 11:30 PM,4,52245,207B11,Br. Arborizadora Alta,KR 42 - CL 70C Sur
585,6-9,Arborizadora Alta,#009944,8,Caracas Sur,H,4:00 AM - 12:30 AM,4:00 AM - 11:30 PM,5,52225,181B11,CED Gimnasio Sabio Caldas,KR 42 - CL 73 Sur
585,6-9,Arborizadora Alta,#009944,8,Caracas Sur,H,4:00 AM - 12:30 AM,4:00 AM - 11:30 PM,6,52178,163A11,Br. Jerusalén las Brisas,KR 40 - CL 76 Sur Br. Arborizadora Alta
585,6-9,Arborizadora Alta,#009944,8,Caracas Sur,H,4:00 AM - 12:30 AM,4:00 AM - 11:30 PM,7,52171,155A11,Br. Arborizadora Alta,CL 79 Sur - TV 35A
585,6-9,Arborizadora Alta,#009944,8,Caracas Sur,H,4:00 AM - 12:30 AM,4:00 AM - 11:30 PM,8,52173,158A11,Br. Arborizadora Alta,TV 34 - CL 75 A Sur
585,6-9,Arborizadora Alta,#009944,8,Caracas Sur,H,4:00 AM - 12:30 AM,4:00 AM - 11:30 PM,9,52221,177A11,Br. Arborizadora Alta,DG 73 BIS Sur - TV 36B
585,6-9,Arborizadora Alta,#009944,8,Caracas Sur,H,4:00 AM - 12:30 AM,4:00 AM - 11:30 PM,10,52223,178B11,CED Gimnasio Sabio Caldas,KR 42 - CL 73 Sur
585,6-9,Arborizadora Alta,#009944,8,Caracas Sur,H,4:00 AM - 12:30 AM,4:00 AM - 11:30 PM,11,52243,206B11,CED Arborizadora Alta,KR 42 - CL 70C Sur
585,6-9,Arborizadora Alta,#009944,8,Caracas Sur,H,4:00 AM - 12:30 AM,4:00 AM - 11:30 PM,12,52251,213B11,Br. Arborizadora Alta I,KR 45 - DG 69N Sur
585,6-9,Arborizadora Alta,#009944,8,Caracas Sur,H,4:00 AM - 12:30 AM,4:00 AM - 11:30 PM,13,52829,605A11,Br. Arborizadora Alta I,CL 69J Sur - TV 38
585,6-9,Arborizadora Alta,#009944,8,Caracas Sur,H,4:00 AM - 12:30 AM,4:00 AM - 11:30 PM,14,8000,TM0119,Portal Tunal,AV. Boyacá -  AV. Villavicencio
694,7,Portal suba,#FCBD1B,3,Suba,C,4:30 AM - 11:00 PM,4:30 AM - 10:00 PM,1,4108,TM0046,Polo - FINCOMERCIO,AC 80 - KR 27
694,7,Portal suba,#FCBD1B,3,Suba,C,4:30 AM - 11:00 PM,4:30 AM - 10:00 PM,2,4107,TM0047,Escuela Militar,AC 80 - KR 51
694,7,Portal suba,#FCBD1B,3,Suba,C,4:30 AM - 11:00 PM,4:30 AM - 10:00 PM,3,3014,TM0032,San Martín,AV. SUBA - CL 86A
694,7,Portal suba,#FCBD1B,3,Suba,C,4:30 AM - 11:00 PM,4:30 AM - 10:00 PM,4,3013,TM0033,Rionegro,AV SUBA - CL 90
694,7,Portal suba,#FCBD1B,3,Suba,C,4:30 AM - 11:00 PM,4:30 AM - 10:00 PM,5,3012,TM0034,Suba - Calle 95,AV. SUBA - CL 95
694,7,Portal suba,#FCBD1B,3,Suba,C,4:30 AM - 11:00 PM,4:30 AM - 10:00 PM,6,90007,TM0035,Suba Calle 100,AV. SUBA - CL 100
694,7,Portal suba,#FCBD1B,3,Suba,C,4:30 AM - 11:00 PM,4:30 AM - 10:00 PM,7,3010,TM0036,Puentelargo,AV. SUBA - CL 106
694,7,Portal suba,#FCBD1B,3,Suba,C,4:30 AM - 11:00 PM,4:30 AM - 10:00 PM,8,3009,TM0037,Av. Suba - Calle 116,AV. SUBA - CL 116
694,7,Portal suba,#FCBD1B,3,Suba,C,4:30 AM - 11:00 PM,4:30 AM - 10:00 PM,9,3007,TM0038,Humedal Córdoba,AV. SUBA - CL 120
694,7,Portal suba,#FCBD1B,3,Suba,C,4:30 AM - 11:00 PM,4:30 AM - 10:00 PM,10,3006,TM0039,Niza - Calle 127,AV. SUBA - CL 127D
694,7,Portal suba,#FCBD1B,3,Suba,C,4:30 AM - 11:00 PM,4:30 AM - 10:00 PM,11,3005,TM0040,Suba - Av. Boyacá,AV. SUBA - AV. BOYACA
694,7,Portal suba,#FCBD1B,3,Suba,C,4:30 AM - 11:00 PM,4:30 AM - 10:00 PM,12,3004,TM0041,Gratamira,AV. SUBA - CL 132A
694,7,Portal suba,#FCBD1B,3,Suba,C,4:30 AM - 11:00 PM,4:30 AM - 10:00 PM,13,3003,TM0042,21 Ángeles,AV. SUBA - KR 83
694,7,Portal suba,#FCBD1B,3,Suba,C,4:30 AM - 11:00 PM,4:30 AM - 10:00 PM,14,3002,TM0043,Suba - Tv. 91,AV. SUBA - KR 91D
694,7,Portal suba,#FCBD1B,3,Suba,C,4:30 AM - 11:00 PM,4:30 AM - 10:00 PM,15,3001,TM0044,La Campiña,AV. SUBA - KR 99A
694,7,Portal suba,#FCBD1B,3,Suba,C,4:30 AM - 11:00 PM,4:30 AM - 10:00 PM,16,3000,TM0045,Portal Suba,AV. Suba - AV. Ciudad de Cali
693,7,Polo FINCOMERCIO,#8064A9,4,Calle 80,D,4:30 AM - 11:00 PM,4:30 AM - 10:00 PM,1,3000,TM0045,Portal Suba,AV. Suba - AV. Ciudad de Cali
693,7,Polo FINCOMERCIO,#8064A9,4,Calle 80,D,4:30 AM - 11:00 PM,4:30 AM - 10:00 PM,2,3001,TM0044,La Campiña,AV. SUBA - KR 99A
693,7,Polo FINCOMERCIO,#8064A9,4,Calle 80,D,4:30 AM - 11:00 PM,4:30 AM - 10:00 PM,3,3002,TM0043,Suba - Tv. 91,AV. SUBA - KR 91D
693,7,Polo FINCOMERCIO,#8064A9,4,Calle 80,D,4:30 AM - 11:00 PM,4:30 AM - 10:00 PM,4,3003,TM0042,21 Ángeles,AV. SUBA - KR 83
693,7,Polo FINCOMERCIO,#8064A9,4,Calle 80,D,4:30 AM - 11:00 PM,4:30 AM - 10:00 PM,5,3004,TM0041,Gratamira,AV. SUBA - CL 132A
693,7,Polo FINCOMERCIO,#8064A9,4,Calle 80,D,4:30 AM - 11:00 PM,4:30 AM - 10:00 PM,6,3005,TM0040,Suba - Av. Boyacá,AV. SUBA - AV. BOYACA
693,7,Polo FINCOMERCIO,#8064A9,4,Calle 80,D,4:30 AM - 11:00 PM,4:30 AM - 10:00 PM,7,3006,TM0039,Niza - Calle 127,AV. SUBA - CL 127D
693,7,Polo FINCOMERCIO,#8064A9,4,Calle 80,D,4:30 AM - 11:00 PM,4:30 AM - 10:00 PM,8,3007,TM0038,Humedal Córdoba,AV. SUBA - CL 120
693,7,Polo FINCOMERCIO,#8064A9,4,Calle 80,D,4:30 AM - 11:00 PM,4:30 AM - 10:00 PM,9,3009,TM0037,Av. Suba - Calle 116,AV. SUBA - CL 116
693,7,Polo FINCOMERCIO,#8064A9,4,Calle 80,D,4:30 AM - 11:00 PM,4:30 AM - 10:00 PM,10,3010,TM0036,Puentelargo,AV. SUBA - CL 106
693,7,Polo FINCOMERCIO,#8064A9,4,Calle 80,D,4:30 AM - 11:00 PM,4:30 AM - 10:00 PM,11,90007,TM0035,Suba Calle 100,AV. SUBA - CL 100
693,7,Polo FINCOMERCIO,#8064A9,4,Calle 80,D,4:30 AM - 11:00 PM,4:30 AM - 10:00 PM,12,3012,TM0034,Suba - Calle 95,AV. SUBA - CL 95
693,7,Polo FINCOMERCIO,#8064A9,4,Calle 80,D,4:30 AM - 11:00 PM,4:30 AM - 10:00 PM,13,3013,TM0033,Rionegro,AV SUBA - CL 90
693,7,Polo FINCOMERCIO,#8064A9,4,Calle 80,D,4:30 AM - 11:00 PM,4:30 AM - 10:00 PM,14,3014,TM0032,San Martín,AV. SUBA - CL 86A
693,7,Polo FINCOMERCIO,#8064A9,4,Calle 80,D,4:30 AM - 11:00 PM,4:30 AM - 10:00 PM,15,4107,TM0047,Escuela Militar,AC 80 - KR 51
693,7,Polo FINCOMERCIO,#8064A9,4,Calle 80,D,4:30 AM - 11:00 PM,4:30 AM - 10:00 PM,16,4108,TM0046,Polo - FINCOMERCIO,AC 80 - KR 27
696,8,Terminal,#80BA27,2,Autonorte,B,4:30 AM - 11:00 PM,4:30 AM - 10:00 PM,1,7201,TM0147,Guatoque - Veraguas,AC 6 - KR 27
696,8,Terminal,#80BA27,2,Autonorte,B,4:30 AM - 11:00 PM,4:30 AM - 10:00 PM,2,7200,TM0148,Tygua-San José,AC 6 - KR 18
696,8,Terminal,#80BA27,2,Autonorte,B,4:30 AM - 11:00 PM,4:30 AM - 10:00 PM,3,9110,TM0013,Avenida Jiménez,AV. Caracas - CL 11
696,8,Terminal,#80BA27,2,Autonorte,B,4:30 AM - 11:00 PM,4:30 AM - 10:00 PM,4,9113,TM0011,Calle 22,AV. Caracas - CL 22
696,8,Terminal,#80BA27,2,Autonorte,B,4:30 AM - 11:00 PM,4:30 AM - 10:00 PM,5,9114,TM0010,Calle 26,AV. Caracas - CL 28
696,8,Terminal,#80BA27,2,Autonorte,B,4:30 AM - 11:00 PM,4:30 AM - 10:00 PM,6,9116,TM0008,Av. 39,AV. Caracas - CL 39
696,8,Terminal,#80BA27,2,Autonorte,B,4:30 AM - 11:00 PM,4:30 AM - 10:00 PM,7,9118,TM0006,Marly,AV. Caracas - CL 51
696,8,Terminal,#80BA27,2,Autonorte,B,4:30 AM - 11:00 PM,4:30 AM - 10:00 PM,8,9119,TM0005,Calle 57,AV. Caracas - CL 57
696,8,Terminal,#80BA27,2,Autonorte,B,4:30 AM - 11:00 PM,4:30 AM - 10:00 PM,9,9121,TM0003,Flores,AV. Caracas - CL 69
696,8,Terminal,#80BA27,2,Autonorte,B,4:30 AM - 11:00 PM,4:30 AM - 10:00 PM,10,9123,TM0001,Calle 76,AV. Caracas - CL 76
696,8,Terminal,#80BA27,2,Autonorte,B,4:30 AM - 11:00 PM,4:30 AM - 10:00 PM,11,2304,TM0015,Héroes - Colmena Seguros,Autopista Norte - CL 81
696,8,Terminal,#80BA27,2,Autonorte,B,4:30 AM - 11:00 PM,4:30 AM - 10:00 PM,12,2303,TM0016,Calle 85 - Gato Dumas,Autopista Norte - CL 83A
696,8,Terminal,#80BA27,2,Autonorte,B,4:30 AM - 11:00 PM,4:30 AM - 10:00 PM,13,2302,TM0017,Virrey,Autopista Norte - CL 89
696,8,Terminal,#80BA27,2,Autonorte,B,4:30 AM - 11:00 PM,4:30 AM - 10:00 PM,14,2300,TM0018,Calle 100 - Marketmedios,Autopista Norte - CL 97
696,8,Terminal,#80BA27,2,Autonorte,B,4:30 AM - 11:00 PM,4:30 AM - 10:00 PM,15,2205,TM0019,Calle 106 - Explora maletas,Autopista Norte - CL 104A
696,8,Terminal,#80BA27,2,Autonorte,B,4:30 AM - 11:00 PM,4:30 AM - 10:00 PM,16,2204,TM0020,Pepe Sierra - Utel Universidad,Autopista Norte - CL 114A
696,8,Terminal,#80BA27,2,Autonorte,B,4:30 AM - 11:00 PM,4:30 AM - 10:00 PM,17,2202,TM0021,Calle 127,Autopista Norte - CL 124
696,8,Terminal,#80BA27,2,Autonorte,B,4:30 AM - 11:00 PM,4:30 AM - 10:00 PM,18,2201,TM0022,Prado,Autopista Norte - CL 128B
696,8,Terminal,#80BA27,2,Autonorte,B,4:30 AM - 11:00 PM,4:30 AM - 10:00 PM,19,2200,TM0023,Alcalá - Colegio S. Tomás Dominicos,Autopista Norte - CL 134
696,8,Terminal,#80BA27,2,Autonorte,B,4:30 AM - 11:00 PM,4:30 AM - 10:00 PM,20,2105,TM0024,Calle 142,Autopista Norte - CL 143
696,8,Terminal,#80BA27,2,Autonorte,B,4:30 AM - 11:00 PM,4:30 AM - 10:00 PM,21,2104,TM0025,Calle 146,Autopista Norte - CL 147
696,8,Terminal,#80BA27,2,Autonorte,B,4:30 AM - 11:00 PM,4:30 AM - 10:00 PM,22,2103,TM0026,Mazurén,Autopista Norte - CL 151
696,8,Terminal,#80BA27,2,Autonorte,B,4:30 AM - 11:00 PM,4:30 AM - 10:00 PM,23,2102,TM0027,Calle 161,Autopista Norte - CL 161
696,8,Terminal,#80BA27,2,Autonorte,B,4:30 AM - 11:00 PM,4:30 AM - 10:00 PM,24,2101,TM0028,Toberín- Foundever,Autopista Norte - CL 165
696,8,Terminal,#80BA27,2,Autonorte,B,4:30 AM - 11:00 PM,4:30 AM - 10:00 PM,25,2000,TM0029,Portal Norte - Unicervantes,Autopista Norte - CL 172A
696,8,Terminal,#80BA27,2,Autonorte,B,4:30 AM - 11:00 PM,4:30 AM - 10:00 PM,26,74254,Calle 187 A - 3 ó 6,,Calle 187
696,8,Terminal,#80BA27,2,Autonorte,B,4:30 AM - 11:00 PM,4:30 AM - 10:00 PM,27,74258,Terminal A - 3 ó 6,,Terminal
695,8,Guatoque,#AE6B00,5,NQS Central,E,4:30 AM - 11:00 PM,4:30 AM - 10:00 PM,1,74259,Terminal A - 2 ó 5-nw,,Terminal
695,8,Guatoque,#AE6B00,5,NQS Central,E,4:30 AM - 11:00 PM,4:30 AM - 10:00 PM,2,74255,Calle 187 A - 2 ó 5-nw,,Calle 187
695,8,Guatoque,#AE6B00,5,NQS Central,E,4:30 AM - 11:00 PM,4:30 AM - 10:00 PM,3,2000,TM0029,Portal Norte - Unicervantes,Autopista Norte - CL 172A
695,8,Guatoque,#AE6B00,5,NQS Central,E,4:30 AM - 11:00 PM,4:30 AM - 10:00 PM,4,2101,TM0028,Toberín- Foundever,Autopista Norte - CL 165
695,8,Guatoque,#AE6B00,5,NQS Central,E,4:30 AM - 11:00 PM,4:30 AM - 10:00 PM,5,2102,TM0027,Calle 161,Autopista Norte - CL 161
695,8,Guatoque,#AE6B00,5,NQS Central,E,4:30 AM - 11:00 PM,4:30 AM - 10:00 PM,6,2103,TM0026,Mazurén,Autopista Norte - CL 151
695,8,Guatoque,#AE6B00,5,NQS Central,E,4:30 AM - 11:00 PM,4:30 AM - 10:00 PM,7,2104,TM0025,Calle 146,Autopista Norte - CL 147
695,8,Guatoque,#AE6B00,5,NQS Central,E,4:30 AM - 11:00 PM,4:30 AM - 10:00 PM,8,2105,TM0024,Calle 142,Autopista Norte - CL 143
695,8,Guatoque,#AE6B00,5,NQS Central,E,4:30 AM - 11:00 PM,4:30 AM - 10:00 PM,9,2200,TM0023,Alcalá - Colegio S. Tomás Dominicos,Autopista Norte - CL 134
695,8,Guatoque,#AE6B00,5,NQS Central,E,4:30 AM - 11:00 PM,4:30 AM - 10:00 PM,10,2201,TM0022,Prado,Autopista Norte - CL 128B
695,8,Guatoque,#AE6B00,5,NQS Central,E,4:30 AM - 11:00 PM,4:30 AM - 10:00 PM,11,2202,TM0021,Calle 127,Autopista Norte - CL 124
695,8,Guatoque,#AE6B00,5,NQS Central,E,4:30 AM - 11:00 PM,4:30 AM - 10:00 PM,12,2204,TM0020,Pepe Sierra - Utel Universidad,Autopista Norte - CL 114A
695,8,Guatoque,#AE6B00,5,NQS Central,E,4:30 AM - 11:00 PM,4:30 AM - 10:00 PM,13,2205,TM0019,Calle 106 - Explora maletas,Autopista Norte - CL 104A
695,8,Guatoque,#AE6B00,5,NQS Central,E,4:30 AM - 11:00 PM,4:30 AM - 10:00 PM,14,2300,TM0018,Calle 100 - Marketmedios,Autopista Norte - CL 97
695,8,Guatoque,#AE6B00,5,NQS Central,E,4:30 AM - 11:00 PM,4:30 AM - 10:00 PM,15,2302,TM0017,Virrey,Autopista Norte - CL 89
695,8,Guatoque,#AE6B00,5,NQS Central,E,4:30 AM - 11:00 PM,4:30 AM - 10:00 PM,16,2303,TM0016,Calle 85 - Gato Dumas,Autopista Norte - CL 83A
695,8,Guatoque,#AE6B00,5,NQS Central,E,4:30 AM - 11:00 PM,4:30 AM - 10:00 PM,17,2304,TM0015,Héroes - Colmena Seguros,Autopista Norte - CL 81
695,8,Guatoque,#AE6B00,5,NQS Central,E,4:30 AM - 11:00 PM,4:30 AM - 10:00 PM,18,9123,TM0001,Calle 76,AV. Caracas - CL 76
695,8,Guatoque,#AE6B00,5,NQS Central,E,4:30 AM - 11:00 PM,4:30 AM - 10:00 PM,19,9121,TM0003,Flores,AV. Caracas - CL 69
695,8,Guatoque,#AE6B00,5,NQS Central,E,4:30 AM - 11:00 PM,4:30 AM - 10:00 PM,20,9119,TM0005,Calle 57,AV. Caracas - CL 57
695,8,Guatoque,#AE6B00,5,NQS Central,E,4:30 AM - 11:00 PM,4:30 AM - 10:00 PM,21,9118,TM0006,Marly,AV. Caracas - CL 51
695,8,Guatoque,#AE6B00,5,NQS Central,E,4:30 AM - 11:00 PM,4:30 AM - 10:00 PM,22,9116,TM0008,Av. 39,AV. Caracas - CL 39
695,8,Guatoque,#AE6B00,5,NQS Central,E,4:30 AM - 11:00 PM,4:30 AM - 10:00 PM,23,9114,TM0010,Calle 26,AV. Caracas - CL 28
695,8,Guatoque,#AE6B00,5,NQS Central,E,4:30 AM - 11:00 PM,4:30 AM - 10:00 PM,24,9113,TM0011,Calle 22,AV. Caracas - CL 22
695,8,Guatoque,#AE6B00,5,NQS Central,E,4:30 AM - 11:00 PM,4:30 AM - 10:00 PM,25,9110,TM0013,Avenida Jiménez,AV. Caracas - CL 11
695,8,Guatoque,#AE6B00,5,NQS Central,E,4:30 AM - 11:00 PM,4:30 AM - 10:00 PM,26,7200,TM0148,Tygua-San José,AC 6 - KR 18
695,8,Guatoque,#AE6B00,5,NQS Central,E,4:30 AM - 11:00 PM,4:30 AM - 10:00 PM,27,7201,TM0147,Guatoque - Veraguas,AC 6 - KR 27
2468,8-1,Banderas,#009944,8,Caracas Sur,H,,,1,54742,584B08,Br Cdad Kennedy Oriental Smz 2,CL 26 Sur - KR 73B
2468,8-1,Banderas,#009944,8,Caracas Sur,H,,,2,54039,185A08,Br. Ciudad Kennedy Oriental,AV. 1 de Mayo - CL 35 Sur
2468,8-1,Banderas,#009944,8,Caracas Sur,H,,,3,54038,184B08,CAI Oneida,AV. 1 de Mayo - CL 35B Sur
2468,8-1,Banderas,#009944,8,Caracas Sur,H,,,4,54583,496A08,Br Ciudad Kennedy Smz 3,CL 38B Sur - TV 73C Bis B
2468,8-1,Banderas,#009944,8,Caracas Sur,H,,,5,54572,483A08,Br Ciudad Kennedy Smz 3,KR 73D - CL 35C Sur
2468,8-1,Banderas,#009944,8,Caracas Sur,H,,,6,54081,204A08,Hospital del Sur,KR 78B - CL 35 Sur
2468,8-1,Banderas,#009944,8,Caracas Sur,H,,,7,53809,091A08,Br. Techo,KR 78B - CL 1 Sur
2468,8-1,Banderas,#009944,8,Caracas Sur,H,,,8,5100,TM0083,Banderas,AV. Américas - KR 78G
562,8-1,Kennedy Central,#009944,8,Caracas Sur,H,4:00 AM - 12:30 AM,,1,5100,TM0083,Banderas,AV. Américas - KR 78G
562,8-1,Kennedy Central,#009944,8,Caracas Sur,H,4:00 AM - 12:30 AM,,2,54701,559A08,Br. Mandalay,KR 78 - CL 4
562,8-1,Kennedy Central,#009944,8,Caracas Sur,H,4:00 AM - 12:30 AM,,3,54219,257A08,Br. Techo,KR 75 - CL 5A Sur
562,8-1,Kennedy Central,#009944,8,Caracas Sur,H,4:00 AM - 12:30 AM,,4,54742,584B08,Br Cdad Kennedy Oriental Smz 2,CL 26 Sur - KR 73B
562,8-1,Kennedy Central,#009944,8,Caracas Sur,H,4:00 AM - 12:30 AM,,5,54039,185A08,Br. Ciudad Kennedy Oriental,AV. 1 de Mayo - CL 35 Sur
562,8-1,Kennedy Central,#009944,8,Caracas Sur,H,4:00 AM - 12:30 AM,,6,54038,184B08,CAI Oneida,AV. 1 de Mayo - CL 35B Sur
562,8-1,Kennedy Central,#009944,8,Caracas Sur,H,4:00 AM - 12:30 AM,,7,54583,496A08,Br Ciudad Kennedy Smz 3,CL 38B Sur - TV 73C Bis B
562,8-1,Kennedy Central,#009944,8,Caracas Sur,H,4:00 AM - 12:30 AM,,8,54572,483A08,Br Ciudad Kennedy Smz 3,KR 73D - CL 35C Sur
562,8-1,Kennedy Central,#009944,8,Caracas Sur,H,4:00 AM - 12:30 AM,,9,54081,204A08,Hospital del Sur,KR 78B - CL 35 Sur
3949,8-2,Banderas,#009944,8,Caracas Sur,H,4:00 AM - 12:30 AM,4:00 AM - 11:20 PM,1,51833,400A09,Urb. Timiza Agrupación Tonoli,DG 40C Sur - KR 73D
3949,8-2,Banderas,#009944,8,Caracas Sur,H,4:00 AM - 12:30 AM,4:00 AM - 11:20 PM,2,51830,397A09,Br. Timiza,TV 78 - CL 41B Sur
3949,8-2,Banderas,#009944,8,Caracas Sur,H,4:00 AM - 12:30 AM,4:00 AM - 11:20 PM,3,51977,516A09,Br. El Palenque,CL 42 Sur - KR 78D Bis
3949,8-2,Banderas,#009944,8,Caracas Sur,H,4:00 AM - 12:30 AM,4:00 AM - 11:20 PM,4,54321,336A08,IED Los Periodistas,CL 42 Sur - TV 78H
3949,8-2,Banderas,#009944,8,Caracas Sur,H,4:00 AM - 12:30 AM,4:00 AM - 11:20 PM,5,54069,194A08,Br Cdad Kennedy Smz 8,CL 41 Sur - TV 78K
3949,8-2,Banderas,#009944,8,Caracas Sur,H,4:00 AM - 12:30 AM,4:00 AM - 11:20 PM,6,53826,106B08,CADE Kennedy,KR 78 K - CL 39 Sur
3949,8-2,Banderas,#009944,8,Caracas Sur,H,4:00 AM - 12:30 AM,4:00 AM - 11:20 PM,7,54045,190A08,Br. Kennedy Supermanzana 7,KR 78K - CL 35 Sur
3949,8-2,Banderas,#009944,8,Caracas Sur,H,4:00 AM - 12:30 AM,4:00 AM - 11:20 PM,8,5100,TM0083,Banderas,AV. Américas - KR 78G
561,8-2,Kennedy Hospital,#009944,8,Caracas Sur,H,4:00 AM - 12:30 AM,4:00 AM - 11:20 PM,1,5100,TM0083,Banderas,AV. Américas - KR 78G
561,8-2,Kennedy Hospital,#009944,8,Caracas Sur,H,4:00 AM - 12:30 AM,4:00 AM - 11:20 PM,2,54073,198A08,Br. Techo,AK 78B - CL 0
561,8-2,Kennedy Hospital,#009944,8,Caracas Sur,H,4:00 AM - 12:30 AM,4:00 AM - 11:20 PM,3,53828,107B08,Cll 35ASur-Br Cdad Kennedy Smz 7,KR 78B - CL 35A Sur
561,8-2,Kennedy Hospital,#009944,8,Caracas Sur,H,4:00 AM - 12:30 AM,4:00 AM - 11:20 PM,4,54075,199B08,Br Cdad Kennedy Smz 8,KR 78B - CL 37 Sur
561,8-2,Kennedy Hospital,#009944,8,Caracas Sur,H,4:00 AM - 12:30 AM,4:00 AM - 11:20 PM,5,53999,170A08,Br. Ciudad Kennedy Central,CL 40 Sur - KR 77A
561,8-2,Kennedy Hospital,#009944,8,Caracas Sur,H,4:00 AM - 12:30 AM,4:00 AM - 11:20 PM,6,51122,030A09,Br. Timiza,CL 40 Sur - KR 72 L
561,8-2,Kennedy Hospital,#009944,8,Caracas Sur,H,4:00 AM - 12:30 AM,4:00 AM - 11:20 PM,7,51833,400A09,Urb. Timiza Agrupación Tonoli,DG 40C Sur - KR 73D
561,8-2,Kennedy Hospital,#009944,8,Caracas Sur,H,4:00 AM - 12:30 AM,4:00 AM - 11:20 PM,8,51830,397A09,Br. Timiza,TV 78 - CL 41B Sur
561,8-2,Kennedy Hospital,#009944,8,Caracas Sur,H,4:00 AM - 12:30 AM,4:00 AM - 11:20 PM,9,51977,516A09,Br. El Palenque,CL 42 Sur - KR 78D Bis
561,8-2,Kennedy Hospital,#009944,8,Caracas Sur,H,4:00 AM - 12:30 AM,4:00 AM - 11:20 PM,10,54321,336A08,IED Los Periodistas,CL 42 Sur - TV 78H
561,8-2,Kennedy Hospital,#009944,8,Caracas Sur,H,4:00 AM - 12:30 AM,4:00 AM - 11:20 PM,11,54069,194A08,Br Cdad Kennedy Smz 8,CL 41 Sur - TV 78K
561,8-2,Kennedy Hospital,#009944,8,Caracas Sur,H,4:00 AM - 12:30 AM,4:00 AM - 11:20 PM,12,53826,106B08,CADE Kennedy,KR 78 K - CL 39 Sur
560,8-3,Castilla,#009944,8,Caracas Sur,H,,4:00 AM - 11:30 PM,1,56687,134A07,Br Pq Residencial Castilla Real,CL 10 - KR 79-85
560,8-3,Castilla,#009944,8,Caracas Sur,H,,4:00 AM - 11:30 PM,2,56357,175A07,Br. Villa Alsacia,TV 78D - DG 10B
560,8-3,Castilla,#009944,8,Caracas Sur,H,,4:00 AM - 11:30 PM,3,58800,417A07,Pq. Villa Alsacia,TV 74 - CL 11B
560,8-3,Castilla,#009944,8,Caracas Sur,H,,4:00 AM - 11:30 PM,4,58801,418A07,Pq. De Castilla,TV 79 - CL 11B
560,8-3,Castilla,#009944,8,Caracas Sur,H,,4:00 AM - 11:30 PM,5,56435,193A07,Humedal de Techo,KR 79 - CL 10D - 59
560,8-3,Castilla,#009944,8,Caracas Sur,H,,4:00 AM - 11:30 PM,6,56688,135A07,Br. Castilla Real,CL 10 - KR 79
560,8-3,Castilla,#009944,8,Caracas Sur,H,,4:00 AM - 11:30 PM,7,56190,086A07,Br. Castilla,KR 78 - CL 8C
560,8-3,Castilla,#009944,8,Caracas Sur,H,,4:00 AM - 11:30 PM,8,56189,085A07,Pquia Jesús Amor Misericordioso,KR 78 - AC 8
560,8-3,Castilla,#009944,8,Caracas Sur,H,,4:00 AM - 11:30 PM,9,56105,047A07,Br. El Rincón de los Ángeles,AC 8 - KR 73
560,8-3,Castilla,#009944,8,Caracas Sur,H,,4:00 AM - 11:30 PM,10,5100,TM0083,Banderas,AV. Américas - KR 78G
559,8-4,Corabastos,#009944,8,Caracas Sur,H,4:00 AM - 12:30 AM,4:00 AM - 11:20 PM,1,5100,TM0083,Banderas,AV. Américas - KR 78G
559,8-4,Corabastos,#009944,8,Caracas Sur,H,4:00 AM - 12:30 AM,4:00 AM - 11:20 PM,2,53827,107A08,Br Ciudad Kennedy Smz 7,KR 78B - CL 35C Sur
559,8-4,Corabastos,#009944,8,Caracas Sur,H,4:00 AM - 12:30 AM,4:00 AM - 11:20 PM,3,53871,125A08,IED Próspero Pinzón,CL 37 Sur - KR 78H
559,8-4,Corabastos,#009944,8,Caracas Sur,H,4:00 AM - 12:30 AM,4:00 AM - 11:20 PM,4,53872,126A08,Ciudad Kennedy Occidental,KR 79 - CL 40A Sur
559,8-4,Corabastos,#009944,8,Caracas Sur,H,4:00 AM - 12:30 AM,4:00 AM - 11:20 PM,5,53877,129A08,Br. Ciudad Kennedy Occidental,KR 79 - CL 41F Sur
558,8-5,Biblioteca Tintal,#009944,8,Caracas Sur,H,4:00 AM - 12:30 AM,4:00 AM - 11:30 PM,1,5100,TM0083,Banderas,AV. Américas - KR 78G
558,8-5,Biblioteca Tintal,#009944,8,Caracas Sur,H,4:00 AM - 12:30 AM,4:00 AM - 11:30 PM,2,56686,133A07,C.C. Tintal Plaza,KR 87A - CL 6
558,8-5,Biblioteca Tintal,#009944,8,Caracas Sur,H,4:00 AM - 12:30 AM,4:00 AM - 11:30 PM,3,56694,142A07,Br. Tintalá,CL 6D - KR 88
558,8-5,Biblioteca Tintal,#009944,8,Caracas Sur,H,4:00 AM - 12:30 AM,4:00 AM - 11:30 PM,4,56574,298A07,Prados de Castilla,CL 6D - KR 89
558,8-5,Biblioteca Tintal,#009944,8,Caracas Sur,H,4:00 AM - 12:30 AM,4:00 AM - 11:30 PM,5,56573,297A07,Prados de Castilla,KR 92 - CL 6C
558,8-5,Biblioteca Tintal,#009944,8,Caracas Sur,H,4:00 AM - 12:30 AM,4:00 AM - 11:30 PM,6,56629,347A07,Prados de Castilla,CL 6A - KR 90C
557,8-6,Timiza,#009944,8,Caracas Sur,H,4:00 AM - 12:30 AM,4:00 AM - 11:20 PM,1,5100,TM0083,Banderas,AV. Américas - KR 78G
557,8-6,Timiza,#009944,8,Caracas Sur,H,4:00 AM - 12:30 AM,4:00 AM - 11:20 PM,2,51141,033A09,Br. Timiza,CL 40 Sur - KR 73
557,8-6,Timiza,#009944,8,Caracas Sur,H,4:00 AM - 12:30 AM,4:00 AM - 11:20 PM,3,51144,035B09,Br. Timiza,CL 40 Sur - KR 72M
557,8-6,Timiza,#009944,8,Caracas Sur,H,4:00 AM - 12:30 AM,4:00 AM - 11:20 PM,4,51382,131A09,Br. La Campiña,AC 40 Sur - KR 72G
557,8-6,Timiza,#009944,8,Caracas Sur,H,4:00 AM - 12:30 AM,4:00 AM - 11:20 PM,5,51146,037A09,Parque Los Urapanes,CL 40 Sur - KR72G
557,8-6,Timiza,#009944,8,Caracas Sur,H,4:00 AM - 12:30 AM,4:00 AM - 11:20 PM,6,51967,507A09,Br. La Campiña,CL 40 Sur - KR 72D
557,8-6,Timiza,#009944,8,Caracas Sur,H,4:00 AM - 12:30 AM,4:00 AM - 11:20 PM,7,51089,017A09,Br. El Progreso I Sector,AV. Boyacá - CL 40 Sur
557,8-6,Timiza,#009944,8,Caracas Sur,H,4:00 AM - 12:30 AM,4:00 AM - 11:20 PM,8,52151,624A09,Urb. San Andrés II Sector,CL 44 Sur - Avenida Boyacá
557,8-6,Timiza,#009944,8,Caracas Sur,H,4:00 AM - 12:30 AM,4:00 AM - 11:20 PM,9,51837,406A09,Br. Las Delicias,CL 44 Sur - TV 72C
557,8-6,Timiza,#009944,8,Caracas Sur,H,4:00 AM - 12:30 AM,4:00 AM - 11:20 PM,10,51862,414A09,Br. Santa Catalina,CL 43A Sur - KR 72I
557,8-6,Timiza,#009944,8,Caracas Sur,H,4:00 AM - 12:30 AM,4:00 AM - 11:20 PM,11,51945,474A09,La Alejandra etapa III,KR 72J - CL 42G Sur
557,8-6,Timiza,#009944,8,Caracas Sur,H,4:00 AM - 12:30 AM,4:00 AM - 11:20 PM,12,51965,505A09,Br. Renania,CL 41A Sur - KR 72H
557,8-6,Timiza,#009944,8,Caracas Sur,H,4:00 AM - 12:30 AM,4:00 AM - 11:20 PM,13,51966,506A09,Br. La Campiña,KR 72G -CL 40 Sur
557,8-6,Timiza,#009944,8,Caracas Sur,H,4:00 AM - 12:30 AM,4:00 AM - 11:20 PM,14,52016,554A09,Br. Carimagua I Sector,CL 40 Sur - KR 72H
557,8-6,Timiza,#009944,8,Caracas Sur,H,4:00 AM - 12:30 AM,4:00 AM - 11:20 PM,15,51145,036A09,Conjunto Residencial La Rebeca,CL 40 Sur - KR 72L
557,8-6,Timiza,#009944,8,Caracas Sur,H,4:00 AM - 12:30 AM,4:00 AM - 11:20 PM,16,51142,034A09,Multifamiliares Carimagua,CL 40 Sur - KR 73
556,9-1,Casablanca,#009944,8,Caracas Sur,H,4:00 AM - 12:30 AM,4:00 AM - 11:30 PM,1,5000,TM0087,Portal Américas,AV. Villavicencio - KR 86
556,9-1,Casablanca,#009944,8,Caracas Sur,H,4:00 AM - 12:30 AM,4:00 AM - 11:30 PM,2,54350,345A08,Br. Gran Britalia,CL 46 Sur - KR 81C
556,9-1,Casablanca,#009944,8,Caracas Sur,H,4:00 AM - 12:30 AM,4:00 AM - 11:30 PM,3,54323,342A08,Br. Calarcá I Y II,CL 46 Sur - KR 80B
556,9-1,Casablanca,#009944,8,Caracas Sur,H,4:00 AM - 12:30 AM,4:00 AM - 11:30 PM,4,54278,314A08,C. C. Casablanca,CL 47B Sur - KR 79D
556,9-1,Casablanca,#009944,8,Caracas Sur,H,4:00 AM - 12:30 AM,4:00 AM - 11:30 PM,5,53882,133B08,Br. El Paraíso Casablanca,KR 79 - CL 48A Sur
556,9-1,Casablanca,#009944,8,Caracas Sur,H,4:00 AM - 12:30 AM,4:00 AM - 11:30 PM,6,53883,134A08,Br. Casablanca I,KR 79 - CL 51A Sur
556,9-1,Casablanca,#009944,8,Caracas Sur,H,4:00 AM - 12:30 AM,4:00 AM - 11:30 PM,7,54277,313A08,Br. Casablanca,CL 53 Sur - KR 79C
556,9-1,Casablanca,#009944,8,Caracas Sur,H,4:00 AM - 12:30 AM,4:00 AM - 11:30 PM,8,54003,174B08,Br. Casablanca,AV. A. Mejía - CL 51A Sur
556,9-1,Casablanca,#009944,8,Caracas Sur,H,4:00 AM - 12:30 AM,4:00 AM - 11:30 PM,9,74111,911V08,Br. Gran Britalia,KR 80H - CL 50A Sur
556,9-1,Casablanca,#009944,8,Caracas Sur,H,4:00 AM - 12:30 AM,4:00 AM - 11:30 PM,10,54181,238A08,Hsp. del Sur Britalia,CL 49 Sur - KR 81D
547,9-10,Roma,#009944,8,Caracas Sur,H,4:00 AM - 12:30 AM,2:00 PM - 11:30 PM,1,5000,TM0087,Portal Américas,AV. Villavicencio - KR 86
547,9-10,Roma,#009944,8,Caracas Sur,H,4:00 AM - 12:30 AM,2:00 PM - 11:30 PM,2,54317,332A08,Br. Jorge Uribe Botero,KR 85 - CL 51A-38 Sur
547,9-10,Roma,#009944,8,Caracas Sur,H,4:00 AM - 12:30 AM,2:00 PM - 11:30 PM,3,54182,239A08,Hsp. del Sur Britalia,CL 49 Sur - KR 81D Sur
547,9-10,Roma,#009944,8,Caracas Sur,H,4:00 AM - 12:30 AM,2:00 PM - 11:30 PM,4,54842,633A08,Br. Gran Britalia,KR 80H - CL 51A Sur
547,9-10,Roma,#009944,8,Caracas Sur,H,4:00 AM - 12:30 AM,2:00 PM - 11:30 PM,5,59033,676A08,Pq. Villa Anita,CL 54 Sur - KR 80
547,9-10,Roma,#009944,8,Caracas Sur,H,4:00 AM - 12:30 AM,2:00 PM - 11:30 PM,6,52120,610B09,Br. Class,AV. A. Mejía  - CL 56 Sur
547,9-10,Roma,#009944,8,Caracas Sur,H,4:00 AM - 12:30 AM,2:00 PM - 11:30 PM,7,51682,300A09,Br. Antonio José de Sucre,CL 57A Sur - 79-23
547,9-10,Roma,#009944,8,Caracas Sur,H,4:00 AM - 12:30 AM,2:00 PM - 11:30 PM,8,51680,298A09,Br. El Rubí de Kennedy,KR 79 - CL 57I Sur
547,9-10,Roma,#009944,8,Caracas Sur,H,4:00 AM - 12:30 AM,2:00 PM - 11:30 PM,9,51679,297A09,Br. El Rubí II,CL 58 Sur - KR 78J
547,9-10,Roma,#009944,8,Caracas Sur,H,4:00 AM - 12:30 AM,2:00 PM - 11:30 PM,10,51694,316A09,Br. Roma,KR 78H - CL 57B-20 Sur
547,9-10,Roma,#009944,8,Caracas Sur,H,4:00 AM - 12:30 AM,2:00 PM - 11:30 PM,11,51730,333A09,Br Roma-Bertha Hernández de Osp,KR 79 - CL 55A Sur
547,9-10,Roma,#009944,8,Caracas Sur,H,4:00 AM - 12:30 AM,2:00 PM - 11:30 PM,12,54275,311A08,Br. Casablanca Sur,CL 54 Sur - KR 80 D
547,9-10,Roma,#009944,8,Caracas Sur,H,4:00 AM - 12:30 AM,2:00 PM - 11:30 PM,13,54843,634A08,Br. Gran Britalia,KR 80H - CL 51 Sur
547,9-10,Roma,#009944,8,Caracas Sur,H,4:00 AM - 12:30 AM,2:00 PM - 11:30 PM,14,54181,238A08,Hsp. del Sur Britalia,CL 49 Sur - KR 81D
547,9-10,Roma,#009944,8,Caracas Sur,H,4:00 AM - 12:30 AM,2:00 PM - 11:30 PM,15,54853,644A08,Br. Jorge Uribe Botero,CL 51A Sur - KR 85
546,9-11,Franja Seca,#009944,8,Caracas Sur,H,4:00 AM - 12:30 AM,4:00 AM - 11:30 PM,1,5000,TM0087,Portal Américas,AV. Villavicencio - KR 86
546,9-11,Franja Seca,#009944,8,Caracas Sur,H,4:00 AM - 12:30 AM,4:00 AM - 11:30 PM,2,54281,317A08,DG 56A Bis Sur,AV. C. de Cali - DG 56A Bis Sur
546,9-11,Franja Seca,#009944,8,Caracas Sur,H,4:00 AM - 12:30 AM,4:00 AM - 11:30 PM,3,53630,016A08,Salón Comunal Villa Clemencia,AV. C. de Cali - CL 56 Sur
546,9-11,Franja Seca,#009944,8,Caracas Sur,H,4:00 AM - 12:30 AM,4:00 AM - 11:30 PM,4,51370,116A09,CL 58 Sur,AV. C. de Cali - CL 58 Sur
546,9-11,Franja Seca,#009944,8,Caracas Sur,H,4:00 AM - 12:30 AM,4:00 AM - 11:30 PM,5,51674,290A09,Br. La Paz,AV. C. de Cali - CL 61 Sur
546,9-11,Franja Seca,#009944,8,Caracas Sur,H,4:00 AM - 12:30 AM,4:00 AM - 11:30 PM,6,51672,288A09,Br. Bosa Nova El Porvenir,TV 87A Bis A - CL 59 Sur
546,9-11,Franja Seca,#009944,8,Caracas Sur,H,4:00 AM - 12:30 AM,4:00 AM - 11:30 PM,7,54218,256A08,Br. Bosa Nova El Porvenir,TV 87A Bis A - CL 61A Sur
546,9-11,Franja Seca,#009944,8,Caracas Sur,H,4:00 AM - 12:30 AM,4:00 AM - 11:30 PM,8,54220,258A08,Br. San Antonio de Escocia II,KR 86A - CL 57C Sur
546,9-11,Franja Seca,#009944,8,Caracas Sur,H,4:00 AM - 12:30 AM,4:00 AM - 11:30 PM,9,54282,318A08,DG 56A Sur,AV. C. de Cali - DG 56A Sur
546,9-11,Franja Seca,#009944,8,Caracas Sur,H,4:00 AM - 12:30 AM,4:00 AM - 11:30 PM,10,53632,019A08,Colegio Colsubsidio Chicalá,AV. C. de Cali - DG 52 A Sur
546,9-11,Franja Seca,#009944,8,Caracas Sur,H,4:00 AM - 12:30 AM,4:00 AM - 11:30 PM,11,5000,TM0087,Portal Américas,AV. Villavicencio - KR 86
555,9-2,Metrovivienda,#009944,8,Caracas Sur,H,4:00 AM - 12:30 AM,4:00 AM - 11:30 PM,1,5000,TM0087,Portal Américas,AV. Villavicencio - KR 86
555,9-2,Metrovivienda,#009944,8,Caracas Sur,H,4:00 AM - 12:30 AM,4:00 AM - 11:30 PM,2,54647,543A08,Br. Las Margaritas Occidental,CL 49 Sur - KR 88G
555,9-2,Metrovivienda,#009944,8,Caracas Sur,H,4:00 AM - 12:30 AM,4:00 AM - 11:30 PM,3,53759,080B08,Villa de los Comuneros,AV. Tintal - CL 51 Sur
555,9-2,Metrovivienda,#009944,8,Caracas Sur,H,4:00 AM - 12:30 AM,4:00 AM - 11:30 PM,4,54855,646A08,UPA La Cabaña,AK 89B - CL 57A Sur
555,9-2,Metrovivienda,#009944,8,Caracas Sur,H,4:00 AM - 12:30 AM,4:00 AM - 11:30 PM,5,53764,084B08,Br. El Regalo II Sector,AK 89B - CL 58A Sur
555,9-2,Metrovivienda,#009944,8,Caracas Sur,H,4:00 AM - 12:30 AM,4:00 AM - 11:30 PM,6,59123,692A09,Br. Las Margaritas,KR 92 - CL 69 Sur
555,9-2,Metrovivienda,#009944,8,Caracas Sur,H,4:00 AM - 12:30 AM,4:00 AM - 11:30 PM,7,51574,270A09,Br. San Bernardino XVI,KR 92 - CL 69 C Sur
555,9-2,Metrovivienda,#009944,8,Caracas Sur,H,4:00 AM - 12:30 AM,4:00 AM - 11:30 PM,8,51541,248A09,Granja El Rinconcito,CL 73 Sur - KR 94
555,9-2,Metrovivienda,#009944,8,Caracas Sur,H,4:00 AM - 12:30 AM,4:00 AM - 11:30 PM,9,54144,219A08,Ciudadela El Recreo,CL 73 Sur - KR 99 A
555,9-2,Metrovivienda,#009944,8,Caracas Sur,H,4:00 AM - 12:30 AM,4:00 AM - 11:30 PM,10,54540,470A08,Ciudadela El Recreo,KR 102 - CL 72 Sur
555,9-2,Metrovivienda,#009944,8,Caracas Sur,H,4:00 AM - 12:30 AM,4:00 AM - 11:30 PM,11,54813,600A08,Ciudadela El Recreo II,KR 102 - CL 69 Sur
555,9-2,Metrovivienda,#009944,8,Caracas Sur,H,4:00 AM - 12:30 AM,4:00 AM - 11:30 PM,12,54211,248A08,Br. San Bernardino II,CL 63 Sur - KR 102
555,9-2,Metrovivienda,#009944,8,Caracas Sur,H,4:00 AM - 12:30 AM,4:00 AM - 11:30 PM,13,54186,243A08,Ciudadela El Recreo,CL 63 Sur - KR 99A
555,9-2,Metrovivienda,#009944,8,Caracas Sur,H,4:00 AM - 12:30 AM,4:00 AM - 11:30 PM,14,54257,285B08,Parque Público El Recreo,CL 63 Sur - KR 95A
555,9-2,Metrovivienda,#009944,8,Caracas Sur,H,4:00 AM - 12:30 AM,4:00 AM - 11:30 PM,15,51657,274A09,Br. Las Margaritas,CL 63 Sur - KR 93C
555,9-2,Metrovivienda,#009944,8,Caracas Sur,H,4:00 AM - 12:30 AM,4:00 AM - 11:30 PM,16,59124,693A09,Bosa Atalayas,AV.Tintal - CL 61A Sur
555,9-2,Metrovivienda,#009944,8,Caracas Sur,H,4:00 AM - 12:30 AM,4:00 AM - 11:30 PM,17,54732,579A08,Br. El Portal del Brasil,AV. Tintal - CL 54G Sur
555,9-2,Metrovivienda,#009944,8,Caracas Sur,H,4:00 AM - 12:30 AM,4:00 AM - 11:30 PM,18,53913,147A08,Br. El Porvenir III Sector,AV. Tintal - CL 53B Sur
555,9-2,Metrovivienda,#009944,8,Caracas Sur,H,4:00 AM - 12:30 AM,4:00 AM - 11:30 PM,19,53757,079B08,Villa de los Comuneros,AV. Tintal - CL 48 Sur
554,9-3,Bosa La Libertad,#009944,8,Caracas Sur,H,4:00 AM - 12:30 AM,4:00 AM - 11:30 PM,1,54271,305A08,Br. El Libertador II,CL 59C Sur - KR 87I
554,9-3,Bosa La Libertad,#009944,8,Caracas Sur,H,4:00 AM - 12:30 AM,4:00 AM - 11:30 PM,2,53824,105A08,Desarrollo La Magnolia II,KR 88C - CL 59B Sur
554,9-3,Bosa La Libertad,#009944,8,Caracas Sur,H,4:00 AM - 12:30 AM,4:00 AM - 11:30 PM,3,53822,103A08,Br. Danubio II y III Sector,KR 88C - CL 57C Sur
554,9-3,Bosa La Libertad,#009944,8,Caracas Sur,H,4:00 AM - 12:30 AM,4:00 AM - 11:30 PM,4,54367,368A08,Br. Villa Nora II,CL 57 Sur - KR 87D
554,9-3,Bosa La Libertad,#009944,8,Caracas Sur,H,4:00 AM - 12:30 AM,4:00 AM - 11:30 PM,5,54248,272A08,Br. Danubio Azul I y II Sector,KR 87 - CL 55B Sur
554,9-3,Bosa La Libertad,#009944,8,Caracas Sur,H,4:00 AM - 12:30 AM,4:00 AM - 11:30 PM,6,54318,333A08,Br. Chicalá,CL 53 Sur - KR 87
553,9-4,Patio Bonito,#009944,8,Caracas Sur,H,4:00 AM - 12:30 AM,4:00 AM - 11:30 PM,1,5000,TM0087,Portal Américas,AV. Villavicencio - KR 86
553,9-4,Patio Bonito,#009944,8,Caracas Sur,H,4:00 AM - 12:30 AM,4:00 AM - 11:30 PM,2,74112,912V08,Br. Dindalito,CL 42A Sur - KR 88H
553,9-4,Patio Bonito,#009944,8,Caracas Sur,H,4:00 AM - 12:30 AM,4:00 AM - 11:30 PM,3,74110,913V08,Br. Las Brisas,KR 89C - CL 42A Sur
553,9-4,Patio Bonito,#009944,8,Caracas Sur,H,4:00 AM - 12:30 AM,4:00 AM - 11:30 PM,4,54634,528A08,Ciudad de Cali,KR 91A - CL 40A Sur
553,9-4,Patio Bonito,#009944,8,Caracas Sur,H,4:00 AM - 12:30 AM,4:00 AM - 11:30 PM,5,54636,530A08,Br. El Paraíso,CL 38C Sur - KR 91C
553,9-4,Patio Bonito,#009944,8,Caracas Sur,H,4:00 AM - 12:30 AM,4:00 AM - 11:30 PM,6,54637,531A08,CED Cafam Bellavista,KR 94C - CL 39 Sur
553,9-4,Patio Bonito,#009944,8,Caracas Sur,H,4:00 AM - 12:30 AM,4:00 AM - 11:30 PM,7,54638,532A08,Parque Dindalito Bella Vista,KR 94C - CL 42A Sur
553,9-4,Patio Bonito,#009944,8,Caracas Sur,H,4:00 AM - 12:30 AM,4:00 AM - 11:30 PM,8,54432,399A08,IED Villa Dindalito,CL 42A Sur - KR 92
553,9-4,Patio Bonito,#009944,8,Caracas Sur,H,4:00 AM - 12:30 AM,4:00 AM - 11:30 PM,9,54403,388A08,Parque Dindalito,CL 42A Sur - KR 90
2666,9-5,Avenida Tintal,#009944,8,Caracas Sur,H,4:00 AM - 8:30 PM,,1,5000,TM0087,Portal Américas,AV. Villavicencio - KR 86
2666,9-5,Avenida Tintal,#009944,8,Caracas Sur,H,4:00 AM - 8:30 PM,,2,54647,543A08,Br. Las Margaritas Occidental,CL 49 Sur - KR 88G
2666,9-5,Avenida Tintal,#009944,8,Caracas Sur,H,4:00 AM - 8:30 PM,,3,53759,080B08,Villa de los Comuneros,AV. Tintal - CL 51 Sur
2666,9-5,Avenida Tintal,#009944,8,Caracas Sur,H,4:00 AM - 8:30 PM,,4,53764,084B08,Br. El Regalo II Sector,AK 89B - CL 58A Sur
2666,9-5,Avenida Tintal,#009944,8,Caracas Sur,H,4:00 AM - 8:30 PM,,5,59123,692A09,Br. Las Margaritas,KR 92 - CL 69 Sur
2666,9-5,Avenida Tintal,#009944,8,Caracas Sur,H,4:00 AM - 8:30 PM,,6,51541,248A09,Granja El Rinconcito,CL 73 Sur - KR 94
2666,9-5,Avenida Tintal,#009944,8,Caracas Sur,H,4:00 AM - 8:30 PM,,7,58746,678A09,S.C.San Bernardino XVI,KR 95A - CL 69 Sur
2666,9-5,Avenida Tintal,#009944,8,Caracas Sur,H,4:00 AM - 8:30 PM,,8,51657,274A09,Br. Las Margaritas,CL 63 Sur - KR 93C
2666,9-5,Avenida Tintal,#009944,8,Caracas Sur,H,4:00 AM - 8:30 PM,,9,59124,693A09,Bosa Atalayas,AV.Tintal - CL 61A Sur
2666,9-5,Avenida Tintal,#009944,8,Caracas Sur,H,4:00 AM - 8:30 PM,,10,53762,083A08,Desarrollo Holanda II Sector,AV. Tintal - CL 56H Sur
2666,9-5,Avenida Tintal,#009944,8,Caracas Sur,H,4:00 AM - 8:30 PM,,11,54732,579A08,Br. El Portal del Brasil,AV. Tintal - CL 54G Sur
2666,9-5,Avenida Tintal,#009944,8,Caracas Sur,H,4:00 AM - 8:30 PM,,12,53913,147A08,Br. El Porvenir III Sector,AV. Tintal - CL 53B Sur
2666,9-5,Avenida Tintal,#009944,8,Caracas Sur,H,4:00 AM - 8:30 PM,,13,53757,079B08,Villa de los Comuneros,AV. Tintal - CL 48 Sur
2666,9-5,Avenida Tintal,#009944,8,Caracas Sur,H,4:00 AM - 8:30 PM,,14,53714,053A08,Br. Las Margaritas,AK 89B - CL 45A Sur
2666,9-5,Avenida Tintal,#009944,8,Caracas Sur,H,4:00 AM - 8:30 PM,,15,5000,TM0087,Portal Américas,AV. Villavicencio - KR 86
2690,9-7,Bosa Independencia,#009944,8,Caracas Sur,H,,5:00 AM - 11:30 PM,1,5000,TM0087,Portal Américas,AV. Villavicencio - KR 86
2690,9-7,Bosa Independencia,#009944,8,Caracas Sur,H,,5:00 AM - 11:30 PM,2,51571,267A09,Br. Las Acacias,KR 88C - CL 62 Sur
2690,9-7,Bosa Independencia,#009944,8,Caracas Sur,H,,5:00 AM - 11:30 PM,3,51572,268A09,Desarrollo Chicó Sur,KR 88C - CL 66A Sur
2690,9-7,Bosa Independencia,#009944,8,Caracas Sur,H,,5:00 AM - 11:30 PM,4,51562,258A09,Desarrollo Recuerdo,KR 88C - CL 70 B Sur
2690,9-7,Bosa Independencia,#009944,8,Caracas Sur,H,,5:00 AM - 11:30 PM,5,51558,254A09,Br. El Remanso,DG 72 Sur - TV 88A
2690,9-7,Bosa Independencia,#009944,8,Caracas Sur,H,,5:00 AM - 11:30 PM,6,51959,497B09,Br. El Paradero,KR 87C - CL 71B Sur
2690,9-7,Bosa Independencia,#009944,8,Caracas Sur,H,,5:00 AM - 11:30 PM,7,51559,255A09,IED La Concepción,KR 87C - CL 69B Sur
2690,9-7,Bosa Independencia,#009944,8,Caracas Sur,H,,5:00 AM - 11:30 PM,8,51569,265A09,Br. San Javier,KR 87C - CL 66C Sur
2690,9-7,Bosa Independencia,#009944,8,Caracas Sur,H,,5:00 AM - 11:30 PM,9,51677,293A09,Br. Villas De Valero,KR 87C - CL 62C Sur
2679,9-8,Porvenir,#009944,8,Caracas Sur,H,4:00 AM - 12:30 AM,4:00 AM - 11:30 PM,1,5000,TM0087,Portal Américas,AV. Villavicencio - KR 86
2679,9-8,Porvenir,#009944,8,Caracas Sur,H,4:00 AM - 12:30 AM,4:00 AM - 11:30 PM,2,54645,541A08,Br. Las Margaritas,CL 49 Sur - KR 87D
2679,9-8,Porvenir,#009944,8,Caracas Sur,H,4:00 AM - 12:30 AM,4:00 AM - 11:30 PM,3,54648,544A08,Br. Las Margaritas,CL 49 Sur - KR 90A
2679,9-8,Porvenir,#009944,8,Caracas Sur,H,4:00 AM - 12:30 AM,4:00 AM - 11:30 PM,4,54364,363A08,Br. El Porvenir San Luis,CL 49 Sur - KR 93
2679,9-8,Porvenir,#009944,8,Caracas Sur,H,4:00 AM - 12:30 AM,4:00 AM - 11:30 PM,5,53765,085A08,Br. Trebolis El Porvenir,KR 95A - CL 49C Sur
2679,9-8,Porvenir,#009944,8,Caracas Sur,H,4:00 AM - 12:30 AM,4:00 AM - 11:30 PM,6,54267,300A08,Br. Osorio Diez,CL 50 Sur - KR 97
2679,9-8,Porvenir,#009944,8,Caracas Sur,H,4:00 AM - 12:30 AM,4:00 AM - 11:30 PM,7,54604,518A08,Br. Porvenir Reservado,CL 50 Sur - KR 98B
2679,9-8,Porvenir,#009944,8,Caracas Sur,H,4:00 AM - 12:30 AM,4:00 AM - 11:30 PM,8,54177,234A08,Centro Comunitario El Porvenir,CL 52 Sur - KR 100
2679,9-8,Porvenir,#009944,8,Caracas Sur,H,4:00 AM - 12:30 AM,4:00 AM - 11:30 PM,9,54176,233A08,IED Ciudadela Educativa de Bosa,CL 52 Sur - KR 97C
2679,9-8,Porvenir,#009944,8,Caracas Sur,H,4:00 AM - 12:30 AM,4:00 AM - 11:30 PM,10,54817,604A08,Condominios del Porvenir,CL 52 Sur - KR 93D
2679,9-8,Porvenir,#009944,8,Caracas Sur,H,4:00 AM - 12:30 AM,4:00 AM - 11:30 PM,11,54266,295A08,Parcela El Porvenir,CL 52 Sur - KR 92A
2679,9-8,Porvenir,#009944,8,Caracas Sur,H,4:00 AM - 12:30 AM,4:00 AM - 11:30 PM,12,54362,361A08,IED El Porvenir,CL 51 Sur - KR 91
2679,9-8,Porvenir,#009944,8,Caracas Sur,H,4:00 AM - 12:30 AM,4:00 AM - 11:30 PM,13,54363,362A08,Br. El Porvenir San Luis,CL 49 Sur - KR 93B
2679,9-8,Porvenir,#009944,8,Caracas Sur,H,4:00 AM - 12:30 AM,4:00 AM - 11:30 PM,14,54630,525A08,AV. Tintal,CL 49 Sur - AK 89B
2686,9-9,Bosa Santafé,#009944,8,Caracas Sur,H,,5:00 AM - 11:30 PM,1,5000,TM0087,Portal Américas,AV. Villavicencio - KR 86
2686,9-9,Bosa Santafé,#009944,8,Caracas Sur,H,,5:00 AM - 11:30 PM,2,54645,541A08,Br. Las Margaritas,CL 49 Sur - KR 87D
2686,9-9,Bosa Santafé,#009944,8,Caracas Sur,H,,5:00 AM - 11:30 PM,3,53817,098A08,Br. El Porvenir Parcela 33,KR 88C - CL 50 Sur
2686,9-9,Bosa Santafé,#009944,8,Caracas Sur,H,,5:00 AM - 11:30 PM,4,53910,144A08,Central Telefónica Holanda,KR 88C - CL 54 Sur
2686,9-9,Bosa Santafé,#009944,8,Caracas Sur,H,,5:00 AM - 11:30 PM,5,54252,280A08,Colegio Giovanni Antonio Farina,CL 56 Sur - KR 88I
2686,9-9,Bosa Santafé,#009944,8,Caracas Sur,H,,5:00 AM - 11:30 PM,6,54253,281A08,Br. Villa Esmeralda,CL 56F Sur - KR 93C
2686,9-9,Bosa Santafé,#009944,8,Caracas Sur,H,,5:00 AM - 11:30 PM,7,74262,916V08,Br. El Anhelo,KR 95A - CL 56F Sur
2686,9-9,Bosa Santafé,#009944,8,Caracas Sur,H,,5:00 AM - 11:30 PM,8,54254,282A08,Br. La Cabaña,CL 56F Sur - KR 93C
295,A52,Flores Temporal,#26358C,1,Caracas,A,,,1,7000,TM0099,Portal Sur - JFK Coop. Financiera,Autopista Sur - KR 73
295,A52,Flores Temporal,#26358C,1,Caracas,A,,,2,7001,TM0098,Perdomo,Autopista Sur - KR 72 Sur
295,A52,Flores Temporal,#26358C,1,Caracas,A,,,3,7002,TM0097,C.C Paseo Villa Del Rio - Madelena,Autopista Sur - KR 65
295,A52,Flores Temporal,#26358C,1,Caracas,A,,,4,7004,TM0095,Venecia,Autopista Sur - KR 54A
295,A52,Flores Temporal,#26358C,1,Caracas,A,,,5,7005,TM0094,Alquería,Autopista Sur - KR 52A
295,A52,Flores Temporal,#26358C,1,Caracas,A,,,6,7006,TM0093,General Santander,Autopista Sur - KR 50A Bis
295,A52,Flores Temporal,#26358C,1,Caracas,A,,,7,7008,TM0091,NQS Calle 30 SUR,Autopista Sur - CL 30 Sur
295,A52,Flores Temporal,#26358C,1,Caracas,A,,,8,7113,TM0089,Santa Isabel,AV. NQS - CL 1G
295,A52,Flores Temporal,#26358C,1,Caracas,A,,,9,9123,TM0001,Calle 76,AV. Caracas - CL 76
295,A52,Flores Temporal,#26358C,1,Caracas,A,,,10,9121,TM0003,Flores,AV. Caracas - CL 69
1187,A60,Calle 76,#26358C,1,Caracas,A,4:30 AM - 9:30 PM,4:00 AM - 10:00 PM,1,5000,TM0087,Portal Américas,AV. Villavicencio - KR 86
1187,A60,Calle 76,#26358C,1,Caracas,A,4:30 AM - 9:30 PM,4:00 AM - 10:00 PM,2,5005,TM0084,Transversal 86,AV. Amércias - KR 80C
1187,A60,Calle 76,#26358C,1,Caracas,A,4:30 AM - 9:30 PM,4:00 AM - 10:00 PM,3,5100,TM0083,Banderas,AV. Américas - KR 78G
1187,A60,Calle 76,#26358C,1,Caracas,A,4:30 AM - 9:30 PM,4:00 AM - 10:00 PM,4,5107,TM0078,Distrito Grafiti,AV. Américas -  KR 53
1187,A60,Calle 76,#26358C,1,Caracas,A,4:30 AM - 9:30 PM,4:00 AM - 10:00 PM,5,12001,TM0076,Carrera 43 - Comapan,CL 13 - KR 43
1187,A60,Calle 76,#26358C,1,Caracas,A,4:30 AM - 9:30 PM,4:00 AM - 10:00 PM,6,7111,TM0069,Ricaurte,AV. NQS - CL 10
1187,A60,Calle 76,#26358C,1,Caracas,A,4:30 AM - 9:30 PM,4:00 AM - 10:00 PM,7,14001,TM0071,De La Sabana,CL 13 - KR 16
1187,A60,Calle 76,#26358C,1,Caracas,A,4:30 AM - 9:30 PM,4:00 AM - 10:00 PM,8,9116,TM0008,Av. 39,AV. Caracas - CL 39
1187,A60,Calle 76,#26358C,1,Caracas,A,4:30 AM - 9:30 PM,4:00 AM - 10:00 PM,9,9118,TM0006,Marly,AV. Caracas - CL 51
1187,A60,Calle 76,#26358C,1,Caracas,A,4:30 AM - 9:30 PM,4:00 AM - 10:00 PM,10,9123,TM0001,Calle 76,AV. Caracas - CL 76
1188,A61,Polo,#26358C,1,Caracas,A,,,1,5000,TM0087,Portal Américas,AV. Villavicencio - KR 86
1188,A61,Polo,#26358C,1,Caracas,A,,,2,5002,TM0085,Biblioteca Tintal,AV. Ciudad de Cali - 33 SUR
1188,A61,Polo,#26358C,1,Caracas,A,,,3,5100,TM0083,Banderas,AV. Américas - KR 78G
1188,A61,Polo,#26358C,1,Caracas,A,,,4,5103,TM0080,Marsella,AV. Américas - KR 69C
1188,A61,Polo,#26358C,1,Caracas,A,,,5,12007,TM0075,Zona Industrial,CL 13 - KR 38
1188,A61,Polo,#26358C,1,Caracas,A,,,6,9113,TM0011,Calle 22,AV. Caracas - CL 22
1188,A61,Polo,#26358C,1,Caracas,A,,,7,9115,TM0009,Calle 34,AV. Caracas - CL 33A
1188,A61,Polo,#26358C,1,Caracas,A,,,8,9119,TM0005,Calle 57,AV. Caracas - CL 57
1188,A61,Polo,#26358C,1,Caracas,A,,,9,9121,TM0003,Flores,AV. Caracas - CL 69
1188,A61,Polo,#26358C,1,Caracas,A,,,10,4108,TM0046,Polo - FINCOMERCIO,AC 80 - KR 27
334,B10,Portal Norte,#80BA27,2,Autonorte,B,,6:30 AM - 8:00 PM,1,4000,TM0058,Portal 80,Portal 80 - AC 80 - KR 96
334,B10,Portal Norte,#80BA27,2,Autonorte,B,,6:30 AM - 8:00 PM,2,4002,TM0056,Carrera 90,AC 80 - KR 90
334,B10,Portal Norte,#80BA27,2,Autonorte,B,,6:30 AM - 8:00 PM,3,4003,TM0055,Avenida Cali,AC 80 - KR 86
334,B10,Portal Norte,#80BA27,2,Autonorte,B,,6:30 AM - 8:00 PM,4,4004,TM0054,Granja - cra 77,Granja - Carrera 77
334,B10,Portal Norte,#80BA27,2,Autonorte,B,,6:30 AM - 8:00 PM,5,4102,TM0052,Boyacá,AC 80 - KR 70F
334,B10,Portal Norte,#80BA27,2,Autonorte,B,,6:30 AM - 8:00 PM,6,4104,TM0050,Avenida 68,AC 80 - KR 68G
334,B10,Portal Norte,#80BA27,2,Autonorte,B,,6:30 AM - 8:00 PM,7,4105,TM0049,Carrera 53,AC 80 - KR 64
334,B10,Portal Norte,#80BA27,2,Autonorte,B,,6:30 AM - 8:00 PM,8,4106,TM0048,Carrera 47,AC 80 - KR 57
334,B10,Portal Norte,#80BA27,2,Autonorte,B,,6:30 AM - 8:00 PM,9,2303,TM0016,Calle 85 - Gato Dumas,Autopista Norte - CL 83A
334,B10,Portal Norte,#80BA27,2,Autonorte,B,,6:30 AM - 8:00 PM,10,2300,TM0018,Calle 100 - Marketmedios,Autopista Norte - CL 97
334,B10,Portal Norte,#80BA27,2,Autonorte,B,,6:30 AM - 8:00 PM,11,2200,TM0023,Alcalá - Colegio S. Tomás Dominicos,Autopista Norte - CL 134
334,B10,Portal Norte,#80BA27,2,Autonorte,B,,6:30 AM - 8:00 PM,12,2104,TM0025,Calle 146,Autopista Norte - CL 147
334,B10,Portal Norte,#80BA27,2,Autonorte,B,,6:30 AM - 8:00 PM,13,2103,TM0026,Mazurén,Autopista Norte - CL 151
334,B10,Portal Norte,#80BA27,2,Autonorte,B,,6:30 AM - 8:00 PM,14,2101,TM0028,Toberín- Foundever,Autopista Norte - CL 165
334,B10,Portal Norte,#80BA27,2,Autonorte,B,,6:30 AM - 8:00 PM,15,2000,TM0029,Portal Norte - Unicervantes,Autopista Norte - CL 172A
346,B11,Terminal,#80BA27,2,Autonorte,B,,,1,7000,TM0099,Portal Sur - JFK Coop. Financiera,Autopista Sur - KR 73
346,B11,Terminal,#80BA27,2,Autonorte,B,,,2,7002,TM0097,C.C Paseo Villa Del Rio - Madelena,Autopista Sur - KR 65
346,B11,Terminal,#80BA27,2,Autonorte,B,,,3,7005,TM0094,Alquería,Autopista Sur - KR 52A
346,B11,Terminal,#80BA27,2,Autonorte,B,,,4,7008,TM0091,NQS Calle 30 SUR,Autopista Sur - CL 30 Sur
346,B11,Terminal,#80BA27,2,Autonorte,B,,,5,7113,TM0089,Santa Isabel,AV. NQS - CL 1G
346,B11,Terminal,#80BA27,2,Autonorte,B,,,6,7111,TM0069,Ricaurte,AV. NQS - CL 10
346,B11,Terminal,#80BA27,2,Autonorte,B,,,7,7110,TM0068,Paloquemao,AV. NQS - CL 18A
346,B11,Terminal,#80BA27,2,Autonorte,B,,,8,7106,TM0064,Campin - UAN,AV. NQS - CL 53 Bis
346,B11,Terminal,#80BA27,2,Autonorte,B,,,9,4107,TM0047,Escuela Militar,AC 80 - KR 51
346,B11,Terminal,#80BA27,2,Autonorte,B,,,10,2304,TM0015,Héroes - Colmena Seguros,Autopista Norte - CL 81
346,B11,Terminal,#80BA27,2,Autonorte,B,,,11,2303,TM0016,Calle 85 - Gato Dumas,Autopista Norte - CL 83A
346,B11,Terminal,#80BA27,2,Autonorte,B,,,12,2302,TM0017,Virrey,Autopista Norte - CL 89
346,B11,Terminal,#80BA27,2,Autonorte,B,,,13,2205,TM0019,Calle 106 - Explora maletas,Autopista Norte - CL 104A
346,B11,Terminal,#80BA27,2,Autonorte,B,,,14,2104,TM0025,Calle 146,Autopista Norte - CL 147
346,B11,Terminal,#80BA27,2,Autonorte,B,,,15,2101,TM0028,Toberín- Foundever,Autopista Norte - CL 165
346,B11,Terminal,#80BA27,2,Autonorte,B,,,16,74254,Calle 187 A - 3 ó 6,,Calle 187
346,B11,Terminal,#80BA27,2,Autonorte,B,,,17,74258,Terminal A - 3 ó 6,,Terminal
349,B12,P. Norte,#80BA27,2,Autonorte,B,4:30 AM - 11:30 PM,4:00 AM - 10:30 PM,1,7000,TM0099,Portal Sur - JFK Coop. Financiera,Autopista Sur - KR 73
349,B12,P. Norte,#80BA27,2,Autonorte,B,4:30 AM - 11:30 PM,4:00 AM - 10:30 PM,2,7001,TM0098,Perdomo,Autopista Sur - KR 72 Sur
349,B12,P. Norte,#80BA27,2,Autonorte,B,4:30 AM - 11:30 PM,4:00 AM - 10:30 PM,3,7006,TM0093,General Santander,Autopista Sur - KR 50A Bis
349,B12,P. Norte,#80BA27,2,Autonorte,B,4:30 AM - 11:30 PM,4:00 AM - 10:30 PM,4,7112,TM0088,Comuneros,AV. NQS -  CL 5
349,B12,P. Norte,#80BA27,2,Autonorte,B,4:30 AM - 11:30 PM,4:00 AM - 10:30 PM,5,7111,TM0069,Ricaurte,AV. NQS - CL 10
349,B12,P. Norte,#80BA27,2,Autonorte,B,4:30 AM - 11:30 PM,4:00 AM - 10:30 PM,6,7108,TM0066,Av. Eldorado,AV. NQS - CL 40A
349,B12,P. Norte,#80BA27,2,Autonorte,B,4:30 AM - 11:30 PM,4:00 AM - 10:30 PM,7,7107,TM0065,Universidad Nacional,AV. NQS - CL 47
349,B12,P. Norte,#80BA27,2,Autonorte,B,4:30 AM - 11:30 PM,4:00 AM - 10:30 PM,8,7104,TM0062,7 de Agosto,AV. NQS - CL 63G
349,B12,P. Norte,#80BA27,2,Autonorte,B,4:30 AM - 11:30 PM,4:00 AM - 10:30 PM,9,7102,TM0060,NQS Calle 75,AV. NQS - CL 75
349,B12,P. Norte,#80BA27,2,Autonorte,B,4:30 AM - 11:30 PM,4:00 AM - 10:30 PM,10,7101,TM0059,La Castellana,AV. NQS - CL 86
349,B12,P. Norte,#80BA27,2,Autonorte,B,4:30 AM - 11:30 PM,4:00 AM - 10:30 PM,11,2300,TM0018,Calle 100 - Marketmedios,Autopista Norte - CL 97
349,B12,P. Norte,#80BA27,2,Autonorte,B,4:30 AM - 11:30 PM,4:00 AM - 10:30 PM,12,2202,TM0021,Calle 127,Autopista Norte - CL 124
349,B12,P. Norte,#80BA27,2,Autonorte,B,4:30 AM - 11:30 PM,4:00 AM - 10:30 PM,13,2201,TM0022,Prado,Autopista Norte - CL 128B
349,B12,P. Norte,#80BA27,2,Autonorte,B,4:30 AM - 11:30 PM,4:00 AM - 10:30 PM,14,2105,TM0024,Calle 142,Autopista Norte - CL 143
349,B12,P. Norte,#80BA27,2,Autonorte,B,4:30 AM - 11:30 PM,4:00 AM - 10:30 PM,15,2101,TM0028,Toberín- Foundever,Autopista Norte - CL 165
349,B12,P. Norte,#80BA27,2,Autonorte,B,4:30 AM - 11:30 PM,4:00 AM - 10:30 PM,16,2000,TM0029,Portal Norte - Unicervantes,Autopista Norte - CL 172A
282,B13,Portal Norte,#80BA27,2,Autonorte,B,,,1,8000,TM0119,Portal Tunal,AV. Boyacá -  AV. Villavicencio
282,B13,Portal Norte,#80BA27,2,Autonorte,B,,,2,8002,TM0116,Biblioteca,KR 19C -  CL 51 Sur
282,B13,Portal Norte,#80BA27,2,Autonorte,B,,,3,9100,TM0111,Calle 40 Sur,AV. Caracas - CL 40 Sur
282,B13,Portal Norte,#80BA27,2,Autonorte,B,,,4,9101,TM0110,Quiroga,AV. Caracas - CL 33 Sur
282,B13,Portal Norte,#80BA27,2,Autonorte,B,,,5,9104,TM0108,Restrepo,AV. Caracas - CL 21 Sur
282,B13,Portal Norte,#80BA27,2,Autonorte,B,,,6,9107,TM0105,Hortúa,AV. Caracas - CL 1 Bis Sur
282,B13,Portal Norte,#80BA27,2,Autonorte,B,,,7,9113,TM0011,Calle 22,AV. Caracas - CL 22
282,B13,Portal Norte,#80BA27,2,Autonorte,B,,,8,9121,TM0003,Flores,AV. Caracas - CL 69
282,B13,Portal Norte,#80BA27,2,Autonorte,B,,,9,9123,TM0001,Calle 76,AV. Caracas - CL 76
282,B13,Portal Norte,#80BA27,2,Autonorte,B,,,10,2303,TM0016,Calle 85 - Gato Dumas,Autopista Norte - CL 83A
282,B13,Portal Norte,#80BA27,2,Autonorte,B,,,11,2205,TM0019,Calle 106 - Explora maletas,Autopista Norte - CL 104A
282,B13,Portal Norte,#80BA27,2,Autonorte,B,,,12,2202,TM0021,Calle 127,Autopista Norte - CL 124
282,B13,Portal Norte,#80BA27,2,Autonorte,B,,,13,2105,TM0024,Calle 142,Autopista Norte - CL 143
282,B13,Portal Norte,#80BA27,2,Autonorte,B,,,14,2104,TM0025,Calle 146,Autopista Norte - CL 147
282,B13,Portal Norte,#80BA27,2,Autonorte,B,,,15,2103,TM0026,Mazurén,Autopista Norte - CL 151
282,B13,Portal Norte,#80BA27,2,Autonorte,B,,,16,2102,TM0027,Calle 161,Autopista Norte - CL 161
282,B13,Portal Norte,#80BA27,2,Autonorte,B,,,17,2000,TM0029,Portal Norte - Unicervantes,Autopista Norte - CL 172A
355,B16,Terminal,#80BA27,2,Autonorte,B,,,1,6000,TM0135,Portal El Dorado – C.C Nuestro Bogotá,AV. Eldorado - KR 91
355,B16,Terminal,#80BA27,2,Autonorte,B,,,2,6001,TM0134,Modelia,AV. Eldorado - KR 82
355,B16,Terminal,#80BA27,2,Autonorte,B,,,3,6100,TM0132,Av. Rojas - UNISALESIANA,AV. Eldorado - KR 69D
355,B16,Terminal,#80BA27,2,Autonorte,B,,,4,6101,TM0131,El Tiempo - Cámara De Comercio De Bogotá,AV. Eldorado - KR 69
355,B16,Terminal,#80BA27,2,Autonorte,B,,,5,6102,TM0130,Salitre El Greco - Vive Claro,AV. Eldorado - KR 66
355,B16,Terminal,#80BA27,2,Autonorte,B,,,6,6103,TM0129,CAN - British Council,AV. Eldorado - KR 59
355,B16,Terminal,#80BA27,2,Autonorte,B,,,7,6105,TM0127,Quinta Paredes,AV. Eldorado - KR 45
355,B16,Terminal,#80BA27,2,Autonorte,B,,,8,6106,TM0126,Corferias,AV. Eldorado - KR 40
355,B16,Terminal,#80BA27,2,Autonorte,B,,,9,7108,TM0066,Av. Eldorado,AV. NQS - CL 40A
355,B16,Terminal,#80BA27,2,Autonorte,B,,,10,7103,TM0061,Avenida Chile,AV. NQS - CL 71
355,B16,Terminal,#80BA27,2,Autonorte,B,,,11,2204,TM0020,Pepe Sierra - Utel Universidad,Autopista Norte - CL 114A
355,B16,Terminal,#80BA27,2,Autonorte,B,,,12,2200,TM0023,Alcalá - Colegio S. Tomás Dominicos,Autopista Norte - CL 134
355,B16,Terminal,#80BA27,2,Autonorte,B,,,13,2103,TM0026,Mazurén,Autopista Norte - CL 151
355,B16,Terminal,#80BA27,2,Autonorte,B,,,14,2101,TM0028,Toberín- Foundever,Autopista Norte - CL 165
355,B16,Terminal,#80BA27,2,Autonorte,B,,,15,74256,Calle 187 B - 4 ó 6,,Calle 187
355,B16,Terminal,#80BA27,2,Autonorte,B,,,16,74260,Terminal B - 4 ó 6,,Terminal
318,B18,Terminal,#80BA27,2,Autonorte,B,4:00 AM - 11:00 PM,4:30 AM - 10:00 PM,1,10000,TM0145,Portal 20  de Julio,KR 5A - CL 30D Sur
318,B18,Terminal,#80BA27,2,Autonorte,B,4:00 AM - 11:00 PM,4:30 AM - 10:00 PM,2,10001,TM0144,Country Sur,AK 10 - CL 27 Sur
318,B18,Terminal,#80BA27,2,Autonorte,B,4:00 AM - 11:00 PM,4:30 AM - 10:00 PM,3,10002,TM0143,Av. Primero de Mayo,AK 10 - CL 17 Sur
318,B18,Terminal,#80BA27,2,Autonorte,B,4:00 AM - 11:00 PM,4:30 AM - 10:00 PM,4,10004,TM0141,Policarpa,AK 10 - CL 2 Sur
318,B18,Terminal,#80BA27,2,Autonorte,B,4:00 AM - 11:00 PM,4:30 AM - 10:00 PM,5,10010,TM0140,Estación San Bernardo,AK 10 - CL 1
318,B18,Terminal,#80BA27,2,Autonorte,B,4:00 AM - 11:00 PM,4:30 AM - 10:00 PM,6,10005,TM0139,Bicentenario,AK 10 - CL 6
318,B18,Terminal,#80BA27,2,Autonorte,B,4:00 AM - 11:00 PM,4:30 AM - 10:00 PM,7,9110,TM0013,Avenida Jiménez,AV. Caracas - CL 11
318,B18,Terminal,#80BA27,2,Autonorte,B,4:00 AM - 11:00 PM,4:30 AM - 10:00 PM,8,9115,TM0009,Calle 34,AV. Caracas - CL 33A
318,B18,Terminal,#80BA27,2,Autonorte,B,4:00 AM - 11:00 PM,4:30 AM - 10:00 PM,9,9116,TM0008,Av. 39,AV. Caracas - CL 39
318,B18,Terminal,#80BA27,2,Autonorte,B,4:00 AM - 11:00 PM,4:30 AM - 10:00 PM,10,9123,TM0001,Calle 76,AV. Caracas - CL 76
318,B18,Terminal,#80BA27,2,Autonorte,B,4:00 AM - 11:00 PM,4:30 AM - 10:00 PM,11,2302,TM0017,Virrey,Autopista Norte - CL 89
318,B18,Terminal,#80BA27,2,Autonorte,B,4:00 AM - 11:00 PM,4:30 AM - 10:00 PM,12,2204,TM0020,Pepe Sierra - Utel Universidad,Autopista Norte - CL 114A
318,B18,Terminal,#80BA27,2,Autonorte,B,4:00 AM - 11:00 PM,4:30 AM - 10:00 PM,13,2202,TM0021,Calle 127,Autopista Norte - CL 124
318,B18,Terminal,#80BA27,2,Autonorte,B,4:00 AM - 11:00 PM,4:30 AM - 10:00 PM,14,2200,TM0023,Alcalá - Colegio S. Tomás Dominicos,Autopista Norte - CL 134
318,B18,Terminal,#80BA27,2,Autonorte,B,4:00 AM - 11:00 PM,4:30 AM - 10:00 PM,15,74256,Calle 187 B - 4 ó 6,,Calle 187
318,B18,Terminal,#80BA27,2,Autonorte,B,4:00 AM - 11:00 PM,4:30 AM - 10:00 PM,16,74260,Terminal B - 4 ó 6,,Terminal
320,B23,Alcalá,#80BA27,2,Autonorte,B,,,1,6000,TM0135,Portal El Dorado – C.C Nuestro Bogotá,AV. Eldorado - KR 91
320,B23,Alcalá,#80BA27,2,Autonorte,B,,,2,6100,TM0132,Av. Rojas - UNISALESIANA,AV. Eldorado - KR 69D
320,B23,Alcalá,#80BA27,2,Autonorte,B,,,3,6101,TM0131,El Tiempo - Cámara De Comercio De Bogotá,AV. Eldorado - KR 69
320,B23,Alcalá,#80BA27,2,Autonorte,B,,,4,6102,TM0130,Salitre El Greco - Vive Claro,AV. Eldorado - KR 66
320,B23,Alcalá,#80BA27,2,Autonorte,B,,,5,6103,TM0129,CAN - British Council,AV. Eldorado - KR 59
320,B23,Alcalá,#80BA27,2,Autonorte,B,,,6,6104,TM0128,Gobernacion,AV. Eldorado - KR 54
320,B23,Alcalá,#80BA27,2,Autonorte,B,,,7,6107,TM0125,Ciudad Universitaria- Lotería de Bogotá,AV. Eldorado - KR 33A
320,B23,Alcalá,#80BA27,2,Autonorte,B,,,8,6108,TM0124,Concejo de Bogotá,AV. Eldorado - KR 28
320,B23,Alcalá,#80BA27,2,Autonorte,B,,,9,9115,TM0009,Calle 34,AV. Caracas - CL 33A
320,B23,Alcalá,#80BA27,2,Autonorte,B,,,10,9116,TM0008,Av. 39,AV. Caracas - CL 39
320,B23,Alcalá,#80BA27,2,Autonorte,B,,,11,9118,TM0006,Marly,AV. Caracas - CL 51
320,B23,Alcalá,#80BA27,2,Autonorte,B,,,12,9119,TM0005,Calle 57,AV. Caracas - CL 57
320,B23,Alcalá,#80BA27,2,Autonorte,B,,,13,2303,TM0016,Calle 85 - Gato Dumas,Autopista Norte - CL 83A
320,B23,Alcalá,#80BA27,2,Autonorte,B,,,14,2202,TM0021,Calle 127,Autopista Norte - CL 124
320,B23,Alcalá,#80BA27,2,Autonorte,B,,,15,2201,TM0022,Prado,Autopista Norte - CL 128B
320,B23,Alcalá,#80BA27,2,Autonorte,B,,,16,2200,TM0023,Alcalá - Colegio S. Tomás Dominicos,Autopista Norte - CL 134
1191,B26,Alcalá,#80BA27,2,Autonorte,B,4:30 AM - 9:00 AM,,1,10000,TM0145,Portal 20  de Julio,KR 5A - CL 30D Sur
1191,B26,Alcalá,#80BA27,2,Autonorte,B,4:30 AM - 9:00 AM,,2,10001,TM0144,Country Sur,AK 10 - CL 27 Sur
1191,B26,Alcalá,#80BA27,2,Autonorte,B,4:30 AM - 9:00 AM,,3,10002,TM0143,Av. Primero de Mayo,AK 10 - CL 17 Sur
1191,B26,Alcalá,#80BA27,2,Autonorte,B,4:30 AM - 9:00 AM,,4,10005,TM0139,Bicentenario,AK 10 - CL 6
1191,B26,Alcalá,#80BA27,2,Autonorte,B,4:30 AM - 9:00 AM,,5,10008,TM0136,San Diego,AK 10 - CL 23
1191,B26,Alcalá,#80BA27,2,Autonorte,B,4:30 AM - 9:00 AM,,6,71675,BD-031A,K7 - CL78,K7 - CL78
1191,B26,Alcalá,#80BA27,2,Autonorte,B,4:30 AM - 9:00 AM,,7,71596,BD-037A,K7 - CL92,K7 - CL92
1191,B26,Alcalá,#80BA27,2,Autonorte,B,4:30 AM - 9:00 AM,,8,71597,BD-039A,K7 - CL94,K7 - CL94
1191,B26,Alcalá,#80BA27,2,Autonorte,B,4:30 AM - 9:00 AM,,9,71598,BD-041A,K7 - CL100,K7 - CL100
1191,B26,Alcalá,#80BA27,2,Autonorte,B,4:30 AM - 9:00 AM,,10,71676,BD-052A,K7 - CL106,K7 - CL106
1191,B26,Alcalá,#80BA27,2,Autonorte,B,4:30 AM - 9:00 AM,,11,71678,BD-053A,K7 - CL110,K7 - CL110
1191,B26,Alcalá,#80BA27,2,Autonorte,B,4:30 AM - 9:00 AM,,12,71681,BD-055A,K7 - CL116,K7 - CL116
1191,B26,Alcalá,#80BA27,2,Autonorte,B,4:30 AM - 9:00 AM,,13,71683,BD-057A,K7 - CL119B,K7 - CL119B
1191,B26,Alcalá,#80BA27,2,Autonorte,B,4:30 AM - 9:00 AM,,14,71684,BD-059A,K7 - CL124,K7 - CL124
1191,B26,Alcalá,#80BA27,2,Autonorte,B,4:30 AM - 9:00 AM,,15,71686,BD-061A,K7 - CL127B,K7 - CL127B
1191,B26,Alcalá,#80BA27,2,Autonorte,B,4:30 AM - 9:00 AM,,16,71688,BD-063A,K7 - CL130B,K7 - CL130B
1191,B26,Alcalá,#80BA27,2,Autonorte,B,4:30 AM - 9:00 AM,,17,71690,BD-065A,CL134 - K7,CL134 - K7
287,B27,Portal Norte,#80BA27,2,Autonorte,B,,,1,8000,TM0119,Portal Tunal,AV. Boyacá -  AV. Villavicencio
287,B27,Portal Norte,#80BA27,2,Autonorte,B,,,2,9100,TM0111,Calle 40 Sur,AV. Caracas - CL 40 Sur
287,B27,Portal Norte,#80BA27,2,Autonorte,B,,,3,9110,TM0013,Avenida Jiménez,AV. Caracas - CL 11
287,B27,Portal Norte,#80BA27,2,Autonorte,B,,,4,9114,TM0010,Calle 26,AV. Caracas - CL 28
287,B27,Portal Norte,#80BA27,2,Autonorte,B,,,5,9115,TM0009,Calle 34,AV. Caracas - CL 33A
287,B27,Portal Norte,#80BA27,2,Autonorte,B,,,6,2304,TM0015,Héroes - Colmena Seguros,Autopista Norte - CL 81
287,B27,Portal Norte,#80BA27,2,Autonorte,B,,,7,2303,TM0016,Calle 85 - Gato Dumas,Autopista Norte - CL 83A
287,B27,Portal Norte,#80BA27,2,Autonorte,B,,,8,2302,TM0017,Virrey,Autopista Norte - CL 89
287,B27,Portal Norte,#80BA27,2,Autonorte,B,,,9,2300,TM0018,Calle 100 - Marketmedios,Autopista Norte - CL 97
287,B27,Portal Norte,#80BA27,2,Autonorte,B,,,10,2101,TM0028,Toberín- Foundever,Autopista Norte - CL 165
287,B27,Portal Norte,#80BA27,2,Autonorte,B,,,11,2000,TM0029,Portal Norte - Unicervantes,Autopista Norte - CL 172A
383,B28,Portal Norte,#80BA27,2,Autonorte,B,4:00 AM - 8:00 PM,,1,5000,TM0087,Portal Américas,AV. Villavicencio - KR 86
383,B28,Portal Norte,#80BA27,2,Autonorte,B,4:00 AM - 8:00 PM,,2,5002,TM0085,Biblioteca Tintal,AV. Ciudad de Cali - 33 SUR
383,B28,Portal Norte,#80BA27,2,Autonorte,B,4:00 AM - 8:00 PM,,3,5100,TM0083,Banderas,AV. Américas - KR 78G
383,B28,Portal Norte,#80BA27,2,Autonorte,B,4:00 AM - 8:00 PM,,4,5103,TM0080,Marsella,AV. Américas - KR 69C
383,B28,Portal Norte,#80BA27,2,Autonorte,B,4:00 AM - 8:00 PM,,5,12007,TM0075,Zona Industrial,CL 13 - KR 38
383,B28,Portal Norte,#80BA27,2,Autonorte,B,4:00 AM - 8:00 PM,,6,12002,TM0074,CDS Carrera 32,CL 13 - KR 32
383,B28,Portal Norte,#80BA27,2,Autonorte,B,4:00 AM - 8:00 PM,,7,7101,TM0059,La Castellana,AV. NQS - CL 86
383,B28,Portal Norte,#80BA27,2,Autonorte,B,4:00 AM - 8:00 PM,,8,2205,TM0019,Calle 106 - Explora maletas,Autopista Norte - CL 104A
383,B28,Portal Norte,#80BA27,2,Autonorte,B,4:00 AM - 8:00 PM,,9,2204,TM0020,Pepe Sierra - Utel Universidad,Autopista Norte - CL 114A
383,B28,Portal Norte,#80BA27,2,Autonorte,B,4:00 AM - 8:00 PM,,10,2201,TM0022,Prado,Autopista Norte - CL 128B
383,B28,Portal Norte,#80BA27,2,Autonorte,B,4:00 AM - 8:00 PM,,11,2104,TM0025,Calle 146,Autopista Norte - CL 147
383,B28,Portal Norte,#80BA27,2,Autonorte,B,4:00 AM - 8:00 PM,,12,2102,TM0027,Calle 161,Autopista Norte - CL 161
383,B28,Portal Norte,#80BA27,2,Autonorte,B,4:00 AM - 8:00 PM,,13,2000,TM0029,Portal Norte - Unicervantes,Autopista Norte - CL 172A
386,B46,Portal Norte,#80BA27,2,Autonorte,B,4:00 AM - 9:00 AM,,1,7503,TM0103,San Mateo,KR 4 - CL 30 Soacha
386,B46,Portal Norte,#80BA27,2,Autonorte,B,4:00 AM - 9:00 AM,,2,7504,TM0102,Terreros - H. Cardiovascular,KR 7 - CL 33 Soacha
386,B46,Portal Norte,#80BA27,2,Autonorte,B,4:00 AM - 9:00 AM,,3,7505,TM0101,León XIII,TV 7 - CL 47 Soacha
386,B46,Portal Norte,#80BA27,2,Autonorte,B,4:00 AM - 9:00 AM,,4,7506,TM0100,La Despensa,TV 7 - CL 55 Soacha
386,B46,Portal Norte,#80BA27,2,Autonorte,B,4:00 AM - 9:00 AM,,5,7010,TM0149,Bosa,Autopista Sur- 65A Sur
386,B46,Portal Norte,#80BA27,2,Autonorte,B,4:00 AM - 9:00 AM,,6,2300,TM0018,Calle 100 - Marketmedios,Autopista Norte - CL 97
386,B46,Portal Norte,#80BA27,2,Autonorte,B,4:00 AM - 9:00 AM,,7,2200,TM0023,Alcalá - Colegio S. Tomás Dominicos,Autopista Norte - CL 134
386,B46,Portal Norte,#80BA27,2,Autonorte,B,4:00 AM - 9:00 AM,,8,2101,TM0028,Toberín- Foundever,Autopista Norte - CL 165
386,B46,Portal Norte,#80BA27,2,Autonorte,B,4:00 AM - 9:00 AM,,9,2000,TM0029,Portal Norte - Unicervantes,Autopista Norte - CL 172A
363,B50,Calle 161,#80BA27,2,Autonorte,B,,,1,3000,TM0045,Portal Suba,AV. Suba - AV. Ciudad de Cali
363,B50,Calle 161,#80BA27,2,Autonorte,B,,,2,3001,TM0044,La Campiña,AV. SUBA - KR 99A
363,B50,Calle 161,#80BA27,2,Autonorte,B,,,3,3002,TM0043,Suba - Tv. 91,AV. SUBA - KR 91D
363,B50,Calle 161,#80BA27,2,Autonorte,B,,,4,3003,TM0042,21 Ángeles,AV. SUBA - KR 83
363,B50,Calle 161,#80BA27,2,Autonorte,B,,,5,3009,TM0037,Av. Suba - Calle 116,AV. SUBA - CL 116
363,B50,Calle 161,#80BA27,2,Autonorte,B,,,6,3010,TM0036,Puentelargo,AV. SUBA - CL 106
363,B50,Calle 161,#80BA27,2,Autonorte,B,,,7,3013,TM0033,Rionegro,AV SUBA - CL 90
363,B50,Calle 161,#80BA27,2,Autonorte,B,,,8,4107,TM0047,Escuela Militar,AC 80 - KR 51
363,B50,Calle 161,#80BA27,2,Autonorte,B,,,9,2304,TM0015,Héroes - Colmena Seguros,Autopista Norte - CL 81
363,B50,Calle 161,#80BA27,2,Autonorte,B,,,10,2303,TM0016,Calle 85 - Gato Dumas,Autopista Norte - CL 83A
363,B50,Calle 161,#80BA27,2,Autonorte,B,,,11,2302,TM0017,Virrey,Autopista Norte - CL 89
363,B50,Calle 161,#80BA27,2,Autonorte,B,,,12,2105,TM0024,Calle 142,Autopista Norte - CL 143
363,B50,Calle 161,#80BA27,2,Autonorte,B,,,13,2102,TM0027,Calle 161,Autopista Norte - CL 161
336,B55,Terminal,#80BA27,2,Autonorte,B,,,1,4000,TM0058,Portal 80,Portal 80 - AC 80 - KR 96
336,B55,Terminal,#80BA27,2,Autonorte,B,,,2,4001,TM0057,Quirigua,AC 80 -  KR 94
336,B55,Terminal,#80BA27,2,Autonorte,B,,,3,4003,TM0055,Avenida Cali,AC 80 - KR 86
336,B55,Terminal,#80BA27,2,Autonorte,B,,,4,4004,TM0054,Granja - cra 77,Granja - Carrera 77
336,B55,Terminal,#80BA27,2,Autonorte,B,,,5,4101,TM0053,Minuto De Dios,AC 80 - KR 73A
336,B55,Terminal,#80BA27,2,Autonorte,B,,,6,4103,TM0051,Ferias,AC 80 - KR69T
336,B55,Terminal,#80BA27,2,Autonorte,B,,,7,4108,TM0046,Polo - FINCOMERCIO,AC 80 - KR 27
336,B55,Terminal,#80BA27,2,Autonorte,B,,,8,2304,TM0015,Héroes - Colmena Seguros,Autopista Norte - CL 81
336,B55,Terminal,#80BA27,2,Autonorte,B,,,9,2302,TM0017,Virrey,Autopista Norte - CL 89
336,B55,Terminal,#80BA27,2,Autonorte,B,,,10,2205,TM0019,Calle 106 - Explora maletas,Autopista Norte - CL 104A
336,B55,Terminal,#80BA27,2,Autonorte,B,,,11,2204,TM0020,Pepe Sierra - Utel Universidad,Autopista Norte - CL 114A
336,B55,Terminal,#80BA27,2,Autonorte,B,,,12,2201,TM0022,Prado,Autopista Norte - CL 128B
336,B55,Terminal,#80BA27,2,Autonorte,B,,,13,2105,TM0024,Calle 142,Autopista Norte - CL 143
336,B55,Terminal,#80BA27,2,Autonorte,B,,,14,2102,TM0027,Calle 161,Autopista Norte - CL 161
336,B55,Terminal,#80BA27,2,Autonorte,B,,,15,74256,Calle 187 B - 4 ó 6,,Calle 187
336,B55,Terminal,#80BA27,2,Autonorte,B,,,16,74260,Terminal B - 4 ó 6,,Terminal
338,B72,Toberín,#80BA27,2,Autonorte,B,4:30 AM - 11:00 PM,4:00 AM - 8:00 PM,1,90004,TM0118,Portal Usme,AV. Caracas - CL 65 Sur
338,B72,Toberín,#80BA27,2,Autonorte,B,4:30 AM - 11:00 PM,4:00 AM - 8:00 PM,2,9001,TM0115,Molinos,CL 50A Sur - KR 7
338,B72,Toberín,#80BA27,2,Autonorte,B,4:30 AM - 11:00 PM,4:00 AM - 8:00 PM,3,9003,TM0113,Socorro,AK 15 - CL 51 SUR
338,B72,Toberín,#80BA27,2,Autonorte,B,4:30 AM - 11:00 PM,4:00 AM - 8:00 PM,4,9103,TM0109,Olaya,AV. Caracas - CL 27 Sur
338,B72,Toberín,#80BA27,2,Autonorte,B,4:30 AM - 11:00 PM,4:00 AM - 8:00 PM,5,9105,TM0107,Fucha,AV. Caracas - CL 17A Sur
338,B72,Toberín,#80BA27,2,Autonorte,B,4:30 AM - 11:00 PM,4:00 AM - 8:00 PM,6,9106,TM0106,Nariño,AV. Caracas - CL 10 Sur
338,B72,Toberín,#80BA27,2,Autonorte,B,4:30 AM - 11:00 PM,4:00 AM - 8:00 PM,7,7200,TM0148,Tygua-San José,AC 6 - KR 18
338,B72,Toberín,#80BA27,2,Autonorte,B,4:30 AM - 11:00 PM,4:00 AM - 8:00 PM,8,7110,TM0068,Paloquemao,AV. NQS - CL 18A
338,B72,Toberín,#80BA27,2,Autonorte,B,4:30 AM - 11:00 PM,4:00 AM - 8:00 PM,9,7105,TM0063,Movistar Arena,AV. NQS - CL 63
338,B72,Toberín,#80BA27,2,Autonorte,B,4:30 AM - 11:00 PM,4:00 AM - 8:00 PM,10,7103,TM0061,Avenida Chile,AV. NQS - CL 71
338,B72,Toberín,#80BA27,2,Autonorte,B,4:30 AM - 11:00 PM,4:00 AM - 8:00 PM,11,7101,TM0059,La Castellana,AV. NQS - CL 86
338,B72,Toberín,#80BA27,2,Autonorte,B,4:30 AM - 11:00 PM,4:00 AM - 8:00 PM,12,2204,TM0020,Pepe Sierra - Utel Universidad,Autopista Norte - CL 114A
338,B72,Toberín,#80BA27,2,Autonorte,B,4:30 AM - 11:00 PM,4:00 AM - 8:00 PM,13,2200,TM0023,Alcalá - Colegio S. Tomás Dominicos,Autopista Norte - CL 134
338,B72,Toberín,#80BA27,2,Autonorte,B,4:30 AM - 11:00 PM,4:00 AM - 8:00 PM,14,2103,TM0026,Mazurén,Autopista Norte - CL 151
338,B72,Toberín,#80BA27,2,Autonorte,B,4:30 AM - 11:00 PM,4:00 AM - 8:00 PM,15,2101,TM0028,Toberín- Foundever,Autopista Norte - CL 165
344,B74,Portal Norte,#80BA27,2,Autonorte,B,9:00 AM - 4:00 PM,,1,6111,TM0122,Universidades CityU,KR 3 - CL 22
344,B74,Portal Norte,#80BA27,2,Autonorte,B,9:00 AM - 4:00 PM,,2,9116,TM0008,Av. 39,AV. Caracas - CL 39
344,B74,Portal Norte,#80BA27,2,Autonorte,B,9:00 AM - 4:00 PM,,3,9119,TM0005,Calle 57,AV. Caracas - CL 57
344,B74,Portal Norte,#80BA27,2,Autonorte,B,9:00 AM - 4:00 PM,,4,2304,TM0015,Héroes - Colmena Seguros,Autopista Norte - CL 81
344,B74,Portal Norte,#80BA27,2,Autonorte,B,9:00 AM - 4:00 PM,,5,2302,TM0017,Virrey,Autopista Norte - CL 89
344,B74,Portal Norte,#80BA27,2,Autonorte,B,9:00 AM - 4:00 PM,,6,2201,TM0022,Prado,Autopista Norte - CL 128B
344,B74,Portal Norte,#80BA27,2,Autonorte,B,9:00 AM - 4:00 PM,,7,2105,TM0024,Calle 142,Autopista Norte - CL 143
344,B74,Portal Norte,#80BA27,2,Autonorte,B,9:00 AM - 4:00 PM,,8,2104,TM0025,Calle 146,Autopista Norte - CL 147
344,B74,Portal Norte,#80BA27,2,Autonorte,B,9:00 AM - 4:00 PM,,9,2103,TM0026,Mazurén,Autopista Norte - CL 151
344,B74,Portal Norte,#80BA27,2,Autonorte,B,9:00 AM - 4:00 PM,,10,2101,TM0028,Toberín- Foundever,Autopista Norte - CL 165
344,B74,Portal Norte,#80BA27,2,Autonorte,B,9:00 AM - 4:00 PM,,11,2000,TM0029,Portal Norte - Unicervantes,Autopista Norte - CL 172A
280,B75,Portal Norte,#80BA27,2,Autonorte,B,4:00 AM - 11:00 PM,4:00 AM - 10:00 PM,1,90004,TM0118,Portal Usme,AV. Caracas - CL 65 Sur
280,B75,Portal Norte,#80BA27,2,Autonorte,B,4:00 AM - 11:00 PM,4:00 AM - 10:00 PM,2,90008,TM0190,Danubio,Danubio
280,B75,Portal Norte,#80BA27,2,Autonorte,B,4:00 AM - 11:00 PM,4:00 AM - 10:00 PM,3,9001,TM0115,Molinos,CL 50A Sur - KR 7
280,B75,Portal Norte,#80BA27,2,Autonorte,B,4:00 AM - 11:00 PM,4:00 AM - 10:00 PM,4,9002,TM0114,Consuelo,CL 51 Sur - KR 11
280,B75,Portal Norte,#80BA27,2,Autonorte,B,4:00 AM - 11:00 PM,4:00 AM - 10:00 PM,5,9003,TM0113,Socorro,AK 15 - CL 51 SUR
280,B75,Portal Norte,#80BA27,2,Autonorte,B,4:00 AM - 11:00 PM,4:00 AM - 10:00 PM,6,9004,TM0112,Santa Lucía,AV. Caracas - CL 46 Sur
280,B75,Portal Norte,#80BA27,2,Autonorte,B,4:00 AM - 11:00 PM,4:00 AM - 10:00 PM,7,9105,TM0107,Fucha,AV. Caracas - CL 17A Sur
280,B75,Portal Norte,#80BA27,2,Autonorte,B,4:00 AM - 11:00 PM,4:00 AM - 10:00 PM,8,9106,TM0106,Nariño,AV. Caracas - CL 10 Sur
280,B75,Portal Norte,#80BA27,2,Autonorte,B,4:00 AM - 11:00 PM,4:00 AM - 10:00 PM,9,9107,TM0105,Hortúa,AV. Caracas - CL 1 Bis Sur
280,B75,Portal Norte,#80BA27,2,Autonorte,B,4:00 AM - 11:00 PM,4:00 AM - 10:00 PM,10,9110,TM0013,Avenida Jiménez,AV. Caracas - CL 11
280,B75,Portal Norte,#80BA27,2,Autonorte,B,4:00 AM - 11:00 PM,4:00 AM - 10:00 PM,11,9116,TM0008,Av. 39,AV. Caracas - CL 39
280,B75,Portal Norte,#80BA27,2,Autonorte,B,4:00 AM - 11:00 PM,4:00 AM - 10:00 PM,12,9118,TM0006,Marly,AV. Caracas - CL 51
280,B75,Portal Norte,#80BA27,2,Autonorte,B,4:00 AM - 11:00 PM,4:00 AM - 10:00 PM,13,9119,TM0005,Calle 57,AV. Caracas - CL 57
280,B75,Portal Norte,#80BA27,2,Autonorte,B,4:00 AM - 11:00 PM,4:00 AM - 10:00 PM,14,9123,TM0001,Calle 76,AV. Caracas - CL 76
280,B75,Portal Norte,#80BA27,2,Autonorte,B,4:00 AM - 11:00 PM,4:00 AM - 10:00 PM,15,2304,TM0015,Héroes - Colmena Seguros,Autopista Norte - CL 81
280,B75,Portal Norte,#80BA27,2,Autonorte,B,4:00 AM - 11:00 PM,4:00 AM - 10:00 PM,16,2300,TM0018,Calle 100 - Marketmedios,Autopista Norte - CL 97
280,B75,Portal Norte,#80BA27,2,Autonorte,B,4:00 AM - 11:00 PM,4:00 AM - 10:00 PM,17,2201,TM0022,Prado,Autopista Norte - CL 128B
280,B75,Portal Norte,#80BA27,2,Autonorte,B,4:00 AM - 11:00 PM,4:00 AM - 10:00 PM,18,2105,TM0024,Calle 142,Autopista Norte - CL 143
280,B75,Portal Norte,#80BA27,2,Autonorte,B,4:00 AM - 11:00 PM,4:00 AM - 10:00 PM,19,2104,TM0025,Calle 146,Autopista Norte - CL 147
280,B75,Portal Norte,#80BA27,2,Autonorte,B,4:00 AM - 11:00 PM,4:00 AM - 10:00 PM,20,2101,TM0028,Toberín- Foundever,Autopista Norte - CL 165
280,B75,Portal Norte,#80BA27,2,Autonorte,B,4:00 AM - 11:00 PM,4:00 AM - 10:00 PM,21,2000,TM0029,Portal Norte - Unicervantes,Autopista Norte - CL 172A
1127,B924,Portal Norte,#009944,,,,,5:30 AM - 6:00 PM,1,55891,178A02,Br. La Floresta,Auto Norte - AC 235
1127,B924,Portal Norte,#009944,,,,,5:30 AM - 6:00 PM,2,55791,104A02,Parque Comercial Bima,Auto Norte - AC 235
1127,B924,Portal Norte,#009944,,,,,5:30 AM - 6:00 PM,3,56137,346A02,Calle 224,Auto Norte - AC 224
1127,B924,Portal Norte,#009944,,,,,5:30 AM - 6:00 PM,4,55881,166A02,Br. La Santamaría,Auto Norte - AC 222
1127,B924,Portal Norte,#009944,,,,,5:30 AM - 6:00 PM,5,55785,099A02,Club Campestre Cafam,Auto Norte - CL 215
1127,B924,Portal Norte,#009944,,,,,5:30 AM - 6:00 PM,6,55790,103A02,Escuela Colombiana de Ingeniería,Auto Norte - CL 205
1127,B924,Portal Norte,#009944,,,,,5:30 AM - 6:00 PM,7,2000,TM0029,Portal Norte - Unicervantes,Autopista Norte - CL 172A
1123,B924,Guaymaral,#009944,,,,,6:00 AM - 6:00 PM,1,2000,TM0029,Portal Norte - Unicervantes,Autopista Norte - CL 172A
1123,B924,Guaymaral,#009944,,,,,6:00 AM - 6:00 PM,2,56811,276A01,Jardines De Paz,Auto Norte - CL 207
1123,B924,Guaymaral,#009944,,,,,6:00 AM - 6:00 PM,3,57232,569A01,Vereda Torca,Auto Norte - CL 224
1123,B924,Guaymaral,#009944,,,,,6:00 AM - 6:00 PM,4,56979,331A01,El Corozo,Auto Norte - CL 235
366,C15,Portal Suba,#FCBD1B,3,Suba,C,4:00 AM - 11:00 PM,4:00 AM - 10:00 PM,1,8000,TM0119,Portal Tunal,AV. Boyacá -  AV. Villavicencio
366,C15,Portal Suba,#FCBD1B,3,Suba,C,4:00 AM - 11:00 PM,4:00 AM - 10:00 PM,2,8001,TM0117,Parque,KR 19C - CL 56 Sur
366,C15,Portal Suba,#FCBD1B,3,Suba,C,4:00 AM - 11:00 PM,4:00 AM - 10:00 PM,3,9100,TM0111,Calle 40 Sur,AV. Caracas - CL 40 Sur
366,C15,Portal Suba,#FCBD1B,3,Suba,C,4:00 AM - 11:00 PM,4:00 AM - 10:00 PM,4,9103,TM0109,Olaya,AV. Caracas - CL 27 Sur
366,C15,Portal Suba,#FCBD1B,3,Suba,C,4:00 AM - 11:00 PM,4:00 AM - 10:00 PM,5,9106,TM0106,Nariño,AV. Caracas - CL 10 Sur
366,C15,Portal Suba,#FCBD1B,3,Suba,C,4:00 AM - 11:00 PM,4:00 AM - 10:00 PM,6,9110,TM0013,Avenida Jiménez,AV. Caracas - CL 11
366,C15,Portal Suba,#FCBD1B,3,Suba,C,4:00 AM - 11:00 PM,4:00 AM - 10:00 PM,7,9113,TM0011,Calle 22,AV. Caracas - CL 22
366,C15,Portal Suba,#FCBD1B,3,Suba,C,4:00 AM - 11:00 PM,4:00 AM - 10:00 PM,8,9116,TM0008,Av. 39,AV. Caracas - CL 39
366,C15,Portal Suba,#FCBD1B,3,Suba,C,4:00 AM - 11:00 PM,4:00 AM - 10:00 PM,9,9118,TM0006,Marly,AV. Caracas - CL 51
366,C15,Portal Suba,#FCBD1B,3,Suba,C,4:00 AM - 11:00 PM,4:00 AM - 10:00 PM,10,9119,TM0005,Calle 57,AV. Caracas - CL 57
366,C15,Portal Suba,#FCBD1B,3,Suba,C,4:00 AM - 11:00 PM,4:00 AM - 10:00 PM,11,9123,TM0001,Calle 76,AV. Caracas - CL 76
366,C15,Portal Suba,#FCBD1B,3,Suba,C,4:00 AM - 11:00 PM,4:00 AM - 10:00 PM,12,3013,TM0033,Rionegro,AV SUBA - CL 90
366,C15,Portal Suba,#FCBD1B,3,Suba,C,4:00 AM - 11:00 PM,4:00 AM - 10:00 PM,13,3009,TM0037,Av. Suba - Calle 116,AV. SUBA - CL 116
366,C15,Portal Suba,#FCBD1B,3,Suba,C,4:00 AM - 11:00 PM,4:00 AM - 10:00 PM,14,3007,TM0038,Humedal Córdoba,AV. SUBA - CL 120
366,C15,Portal Suba,#FCBD1B,3,Suba,C,4:00 AM - 11:00 PM,4:00 AM - 10:00 PM,15,3006,TM0039,Niza - Calle 127,AV. SUBA - CL 127D
366,C15,Portal Suba,#FCBD1B,3,Suba,C,4:00 AM - 11:00 PM,4:00 AM - 10:00 PM,16,3004,TM0041,Gratamira,AV. SUBA - CL 132A
366,C15,Portal Suba,#FCBD1B,3,Suba,C,4:00 AM - 11:00 PM,4:00 AM - 10:00 PM,17,3002,TM0043,Suba - Tv. 91,AV. SUBA - KR 91D
366,C15,Portal Suba,#FCBD1B,3,Suba,C,4:00 AM - 11:00 PM,4:00 AM - 10:00 PM,18,3001,TM0044,La Campiña,AV. SUBA - KR 99A
366,C15,Portal Suba,#FCBD1B,3,Suba,C,4:00 AM - 11:00 PM,4:00 AM - 10:00 PM,19,3000,TM0045,Portal Suba,AV. Suba - AV. Ciudad de Cali
297,C17,Portal Suba,#FCBD1B,3,Suba,C,,,1,90004,TM0118,Portal Usme,AV. Caracas - CL 65 Sur
297,C17,Portal Suba,#FCBD1B,3,Suba,C,,,2,90008,TM0190,Danubio,Danubio
297,C17,Portal Suba,#FCBD1B,3,Suba,C,,,3,9002,TM0114,Consuelo,CL 51 Sur - KR 11
297,C17,Portal Suba,#FCBD1B,3,Suba,C,,,4,9003,TM0113,Socorro,AK 15 - CL 51 SUR
297,C17,Portal Suba,#FCBD1B,3,Suba,C,,,5,9004,TM0112,Santa Lucía,AV. Caracas - CL 46 Sur
297,C17,Portal Suba,#FCBD1B,3,Suba,C,,,6,9101,TM0110,Quiroga,AV. Caracas - CL 33 Sur
297,C17,Portal Suba,#FCBD1B,3,Suba,C,,,7,9104,TM0108,Restrepo,AV. Caracas - CL 21 Sur
297,C17,Portal Suba,#FCBD1B,3,Suba,C,,,8,9107,TM0105,Hortúa,AV. Caracas - CL 1 Bis Sur
297,C17,Portal Suba,#FCBD1B,3,Suba,C,,,9,7201,TM0147,Guatoque - Veraguas,AC 6 - KR 27
297,C17,Portal Suba,#FCBD1B,3,Suba,C,,,10,7110,TM0068,Paloquemao,AV. NQS - CL 18A
297,C17,Portal Suba,#FCBD1B,3,Suba,C,,,11,7108,TM0066,Av. Eldorado,AV. NQS - CL 40A
297,C17,Portal Suba,#FCBD1B,3,Suba,C,,,12,7107,TM0065,Universidad Nacional,AV. NQS - CL 47
297,C17,Portal Suba,#FCBD1B,3,Suba,C,,,13,7104,TM0062,7 de Agosto,AV. NQS - CL 63G
297,C17,Portal Suba,#FCBD1B,3,Suba,C,,,14,3014,TM0032,San Martín,AV. SUBA - CL 86A
297,C17,Portal Suba,#FCBD1B,3,Suba,C,,,15,3012,TM0034,Suba - Calle 95,AV. SUBA - CL 95
297,C17,Portal Suba,#FCBD1B,3,Suba,C,,,16,90007,TM0035,Suba Calle 100,AV. SUBA - CL 100
297,C17,Portal Suba,#FCBD1B,3,Suba,C,,,17,3010,TM0036,Puentelargo,AV. SUBA - CL 106
297,C17,Portal Suba,#FCBD1B,3,Suba,C,,,18,3009,TM0037,Av. Suba - Calle 116,AV. SUBA - CL 116
297,C17,Portal Suba,#FCBD1B,3,Suba,C,,,19,3006,TM0039,Niza - Calle 127,AV. SUBA - CL 127D
297,C17,Portal Suba,#FCBD1B,3,Suba,C,,,20,3002,TM0043,Suba - Tv. 91,AV. SUBA - KR 91D
297,C17,Portal Suba,#FCBD1B,3,Suba,C,,,21,3001,TM0044,La Campiña,AV. SUBA - KR 99A
297,C17,Portal Suba,#FCBD1B,3,Suba,C,,,22,3000,TM0045,Portal Suba,AV. Suba - AV. Ciudad de Cali
157,C19,P.SUBA,#FCBD1B,3,Suba,C,5:00 AM - 10:00 PM,5:30 AM - 10:00 PM,1,5100,TM0083,Banderas,AV. Américas - KR 78G
157,C19,P.SUBA,#FCBD1B,3,Suba,C,5:00 AM - 10:00 PM,5:30 AM - 10:00 PM,2,5101,TM0082,Mandalay,AV. Américas - KR 73
157,C19,P.SUBA,#FCBD1B,3,Suba,C,5:00 AM - 10:00 PM,5:30 AM - 10:00 PM,3,5103,TM0080,Marsella,AV. Américas - KR 69C
157,C19,P.SUBA,#FCBD1B,3,Suba,C,5:00 AM - 10:00 PM,5:30 AM - 10:00 PM,4,5107,TM0078,Distrito Grafiti,AV. Américas -  KR 53
157,C19,P.SUBA,#FCBD1B,3,Suba,C,5:00 AM - 10:00 PM,5:30 AM - 10:00 PM,5,12002,TM0074,CDS Carrera 32,CL 13 - KR 32
157,C19,P.SUBA,#FCBD1B,3,Suba,C,5:00 AM - 10:00 PM,5:30 AM - 10:00 PM,6,7111,TM0069,Ricaurte,AV. NQS - CL 10
157,C19,P.SUBA,#FCBD1B,3,Suba,C,5:00 AM - 10:00 PM,5:30 AM - 10:00 PM,7,14001,TM0071,De La Sabana,CL 13 - KR 16
157,C19,P.SUBA,#FCBD1B,3,Suba,C,5:00 AM - 10:00 PM,5:30 AM - 10:00 PM,8,9115,TM0009,Calle 34,AV. Caracas - CL 33A
157,C19,P.SUBA,#FCBD1B,3,Suba,C,5:00 AM - 10:00 PM,5:30 AM - 10:00 PM,9,9121,TM0003,Flores,AV. Caracas - CL 69
157,C19,P.SUBA,#FCBD1B,3,Suba,C,5:00 AM - 10:00 PM,5:30 AM - 10:00 PM,10,3012,TM0034,Suba - Calle 95,AV. SUBA - CL 95
157,C19,P.SUBA,#FCBD1B,3,Suba,C,5:00 AM - 10:00 PM,5:30 AM - 10:00 PM,11,90007,TM0035,Suba Calle 100,AV. SUBA - CL 100
157,C19,P.SUBA,#FCBD1B,3,Suba,C,5:00 AM - 10:00 PM,5:30 AM - 10:00 PM,12,3010,TM0036,Puentelargo,AV. SUBA - CL 106
157,C19,P.SUBA,#FCBD1B,3,Suba,C,5:00 AM - 10:00 PM,5:30 AM - 10:00 PM,13,3005,TM0040,Suba - Av. Boyacá,AV. SUBA - AV. BOYACA
157,C19,P.SUBA,#FCBD1B,3,Suba,C,5:00 AM - 10:00 PM,5:30 AM - 10:00 PM,14,3003,TM0042,21 Ángeles,AV. SUBA - KR 83
157,C19,P.SUBA,#FCBD1B,3,Suba,C,5:00 AM - 10:00 PM,5:30 AM - 10:00 PM,15,3002,TM0043,Suba - Tv. 91,AV. SUBA - KR 91D
157,C19,P.SUBA,#FCBD1B,3,Suba,C,5:00 AM - 10:00 PM,5:30 AM - 10:00 PM,16,3001,TM0044,La Campiña,AV. SUBA - KR 99A
157,C19,P.SUBA,#FCBD1B,3,Suba,C,5:00 AM - 10:00 PM,5:30 AM - 10:00 PM,17,3000,TM0045,Portal Suba,AV. Suba - AV. Ciudad de Cali
777,C25,Portal Suba,#FCBD1B,3,Suba,C,,4:30 AM - 10:00 PM,1,10000,TM0145,Portal 20  de Julio,KR 5A - CL 30D Sur
777,C25,Portal Suba,#FCBD1B,3,Suba,C,,4:30 AM - 10:00 PM,2,10001,TM0144,Country Sur,AK 10 - CL 27 Sur
777,C25,Portal Suba,#FCBD1B,3,Suba,C,,4:30 AM - 10:00 PM,3,10002,TM0143,Av. Primero de Mayo,AK 10 - CL 17 Sur
777,C25,Portal Suba,#FCBD1B,3,Suba,C,,4:30 AM - 10:00 PM,4,10010,TM0140,Estación San Bernardo,AK 10 - CL 1
777,C25,Portal Suba,#FCBD1B,3,Suba,C,,4:30 AM - 10:00 PM,5,10005,TM0139,Bicentenario,AK 10 - CL 6
777,C25,Portal Suba,#FCBD1B,3,Suba,C,,4:30 AM - 10:00 PM,6,7200,TM0148,Tygua-San José,AC 6 - KR 18
777,C25,Portal Suba,#FCBD1B,3,Suba,C,,4:30 AM - 10:00 PM,7,7201,TM0147,Guatoque - Veraguas,AC 6 - KR 27
777,C25,Portal Suba,#FCBD1B,3,Suba,C,,4:30 AM - 10:00 PM,8,7111,TM0069,Ricaurte,AV. NQS - CL 10
777,C25,Portal Suba,#FCBD1B,3,Suba,C,,4:30 AM - 10:00 PM,9,7106,TM0064,Campin - UAN,AV. NQS - CL 53 Bis
777,C25,Portal Suba,#FCBD1B,3,Suba,C,,4:30 AM - 10:00 PM,10,7105,TM0063,Movistar Arena,AV. NQS - CL 63
777,C25,Portal Suba,#FCBD1B,3,Suba,C,,4:30 AM - 10:00 PM,11,7103,TM0061,Avenida Chile,AV. NQS - CL 71
777,C25,Portal Suba,#FCBD1B,3,Suba,C,,4:30 AM - 10:00 PM,12,7102,TM0060,NQS Calle 75,AV. NQS - CL 75
777,C25,Portal Suba,#FCBD1B,3,Suba,C,,4:30 AM - 10:00 PM,13,3014,TM0032,San Martín,AV. SUBA - CL 86A
777,C25,Portal Suba,#FCBD1B,3,Suba,C,,4:30 AM - 10:00 PM,14,3012,TM0034,Suba - Calle 95,AV. SUBA - CL 95
777,C25,Portal Suba,#FCBD1B,3,Suba,C,,4:30 AM - 10:00 PM,15,3006,TM0039,Niza - Calle 127,AV. SUBA - CL 127D
777,C25,Portal Suba,#FCBD1B,3,Suba,C,,4:30 AM - 10:00 PM,16,3005,TM0040,Suba - Av. Boyacá,AV. SUBA - AV. BOYACA
777,C25,Portal Suba,#FCBD1B,3,Suba,C,,4:30 AM - 10:00 PM,17,3003,TM0042,21 Ángeles,AV. SUBA - KR 83
777,C25,Portal Suba,#FCBD1B,3,Suba,C,,4:30 AM - 10:00 PM,18,3002,TM0043,Suba - Tv. 91,AV. SUBA - KR 91D
777,C25,Portal Suba,#FCBD1B,3,Suba,C,,4:30 AM - 10:00 PM,19,3001,TM0044,La Campiña,AV. SUBA - KR 99A
777,C25,Portal Suba,#FCBD1B,3,Suba,C,,4:30 AM - 10:00 PM,20,3000,TM0045,Portal Suba,AV. Suba - AV. Ciudad de Cali
369,C30,PORTAL SUBA,#FCBD1B,3,Suba,C,,,1,7000,TM0099,Portal Sur - JFK Coop. Financiera,Autopista Sur - KR 73
369,C30,PORTAL SUBA,#FCBD1B,3,Suba,C,,,2,7004,TM0095,Venecia,Autopista Sur - KR 54A
369,C30,PORTAL SUBA,#FCBD1B,3,Suba,C,,,3,7006,TM0093,General Santander,Autopista Sur - KR 50A Bis
369,C30,PORTAL SUBA,#FCBD1B,3,Suba,C,,,4,7007,TM0092,NQS Calle 38A Sur,Autopista Sur - CL 38 Sur
369,C30,PORTAL SUBA,#FCBD1B,3,Suba,C,,,5,7113,TM0089,Santa Isabel,AV. NQS - CL 1G
369,C30,PORTAL SUBA,#FCBD1B,3,Suba,C,,,6,7109,TM0067,CAD,AV. NQS - CL 22C
369,C30,PORTAL SUBA,#FCBD1B,3,Suba,C,,,7,7107,TM0065,Universidad Nacional,AV. NQS - CL 47
369,C30,PORTAL SUBA,#FCBD1B,3,Suba,C,,,8,7105,TM0063,Movistar Arena,AV. NQS - CL 63
369,C30,PORTAL SUBA,#FCBD1B,3,Suba,C,,,9,3013,TM0033,Rionegro,AV SUBA - CL 90
369,C30,PORTAL SUBA,#FCBD1B,3,Suba,C,,,10,3010,TM0036,Puentelargo,AV. SUBA - CL 106
369,C30,PORTAL SUBA,#FCBD1B,3,Suba,C,,,11,3009,TM0037,Av. Suba - Calle 116,AV. SUBA - CL 116
369,C30,PORTAL SUBA,#FCBD1B,3,Suba,C,,,12,3005,TM0040,Suba - Av. Boyacá,AV. SUBA - AV. BOYACA
369,C30,PORTAL SUBA,#FCBD1B,3,Suba,C,,,13,3002,TM0043,Suba - Tv. 91,AV. SUBA - KR 91D
369,C30,PORTAL SUBA,#FCBD1B,3,Suba,C,,,14,3001,TM0044,La Campiña,AV. SUBA - KR 99A
369,C30,PORTAL SUBA,#FCBD1B,3,Suba,C,,,15,3000,TM0045,Portal Suba,AV. Suba - AV. Ciudad de Cali
364,C50,P. Suba,#FCBD1B,3,Suba,C,,,1,2102,TM0027,Calle 161,Autopista Norte - CL 161
364,C50,P. Suba,#FCBD1B,3,Suba,C,,,2,2105,TM0024,Calle 142,Autopista Norte - CL 143
364,C50,P. Suba,#FCBD1B,3,Suba,C,,,3,2302,TM0017,Virrey,Autopista Norte - CL 89
364,C50,P. Suba,#FCBD1B,3,Suba,C,,,4,2303,TM0016,Calle 85 - Gato Dumas,Autopista Norte - CL 83A
364,C50,P. Suba,#FCBD1B,3,Suba,C,,,5,2304,TM0015,Héroes - Colmena Seguros,Autopista Norte - CL 81
364,C50,P. Suba,#FCBD1B,3,Suba,C,,,6,4107,TM0047,Escuela Militar,AC 80 - KR 51
364,C50,P. Suba,#FCBD1B,3,Suba,C,,,7,3013,TM0033,Rionegro,AV SUBA - CL 90
364,C50,P. Suba,#FCBD1B,3,Suba,C,,,8,3010,TM0036,Puentelargo,AV. SUBA - CL 106
364,C50,P. Suba,#FCBD1B,3,Suba,C,,,9,3009,TM0037,Av. Suba - Calle 116,AV. SUBA - CL 116
364,C50,P. Suba,#FCBD1B,3,Suba,C,,,10,3003,TM0042,21 Ángeles,AV. SUBA - KR 83
364,C50,P. Suba,#FCBD1B,3,Suba,C,,,11,3002,TM0043,Suba - Tv. 91,AV. SUBA - KR 91D
364,C50,P. Suba,#FCBD1B,3,Suba,C,,,12,3001,TM0044,La Campiña,AV. SUBA - KR 99A
364,C50,P. Suba,#FCBD1B,3,Suba,C,,,13,3000,TM0045,Portal Suba,AV. Suba - AV. Ciudad de Cali
375,C73,P.SUBA,#FCBD1B,3,Suba,C,,,1,6111,TM0122,Universidades CityU,KR 3 - CL 22
375,C73,P.SUBA,#FCBD1B,3,Suba,C,,,2,6109,TM0123,Centro Memoria,AV. Eldorado - KR 19B
375,C73,P.SUBA,#FCBD1B,3,Suba,C,,,3,6107,TM0125,Ciudad Universitaria- Lotería de Bogotá,AV. Eldorado - KR 33A
375,C73,P.SUBA,#FCBD1B,3,Suba,C,,,4,3014,TM0032,San Martín,AV. SUBA - CL 86A
375,C73,P.SUBA,#FCBD1B,3,Suba,C,,,5,90007,TM0035,Suba Calle 100,AV. SUBA - CL 100
375,C73,P.SUBA,#FCBD1B,3,Suba,C,,,6,3010,TM0036,Puentelargo,AV. SUBA - CL 106
375,C73,P.SUBA,#FCBD1B,3,Suba,C,,,7,3006,TM0039,Niza - Calle 127,AV. SUBA - CL 127D
375,C73,P.SUBA,#FCBD1B,3,Suba,C,,,8,3002,TM0043,Suba - Tv. 91,AV. SUBA - KR 91D
375,C73,P.SUBA,#FCBD1B,3,Suba,C,,,9,3001,TM0044,La Campiña,AV. SUBA - KR 99A
375,C73,P.SUBA,#FCBD1B,3,Suba,C,,,10,3000,TM0045,Portal Suba,AV. Suba - AV. Ciudad de Cali
623,C84,Av. Suba - K114 D,#FCBD1B,3,Suba,C,6:00 AM - 11:00 PM,2:00 PM - 10:00 PM,1,71386,BD-019A,K7 - CL73 S/N A,K7 - CL73
623,C84,Av. Suba - K114 D,#FCBD1B,3,Suba,C,6:00 AM - 11:00 PM,2:00 PM - 10:00 PM,2,74253,BD-051A,CL76 - K11,CL76 - K11
623,C84,Av. Suba - K114 D,#FCBD1B,3,Suba,C,6:00 AM - 11:00 PM,2:00 PM - 10:00 PM,3,4108,TM0046,Polo - FINCOMERCIO,AC 80 - KR 27
623,C84,Av. Suba - K114 D,#FCBD1B,3,Suba,C,6:00 AM - 11:00 PM,2:00 PM - 10:00 PM,4,3010,TM0036,Puentelargo,AV. SUBA - CL 106
623,C84,Av. Suba - K114 D,#FCBD1B,3,Suba,C,6:00 AM - 11:00 PM,2:00 PM - 10:00 PM,5,3003,TM0042,21 Ángeles,AV. SUBA - KR 83
623,C84,Av. Suba - K114 D,#FCBD1B,3,Suba,C,6:00 AM - 11:00 PM,2:00 PM - 10:00 PM,6,54674,191B03,Br. Lombardía II,AV. Suba - KR 110A
623,C84,Av. Suba - K114 D,#FCBD1B,3,Suba,C,6:00 AM - 11:00 PM,2:00 PM - 10:00 PM,7,54677,193B03,ETB Tibabuyes,AV. Suba - KR 114D
4196,CSM,San Mateo,#009944,,,,4:30 AM - 9:30 PM,,1,7000,TM0099,Portal Sur - JFK Coop. Financiera,Autopista Sur - KR 73
4196,CSM,San Mateo,#009944,,,,4:30 AM - 9:30 PM,,2,7503,TM0103,San Mateo,KR 4 - CL 30 Soacha
920,CSM,Portal Sur,#009944,,,,4:30 AM - 9:30 PM,,1,7503,TM0103,San Mateo,KR 4 - CL 30 Soacha
920,CSM,Portal Sur,#009944,,,,4:30 AM - 9:30 PM,,2,7000,TM0099,Portal Sur - JFK Coop. Financiera,Autopista Sur - KR 73
335,D10,Portal 80,#8064A9,4,Calle 80,D,,6:30 AM - 8:00 PM,1,2000,TM0029,Portal Norte - Unicervantes,Autopista Norte - CL 172A
335,D10,Portal 80,#8064A9,4,Calle 80,D,,6:30 AM - 8:00 PM,2,2101,TM0028,Toberín- Foundever,Autopista Norte - CL 165
335,D10,Portal 80,#8064A9,4,Calle 80,D,,6:30 AM - 8:00 PM,3,2103,TM0026,Mazurén,Autopista Norte - CL 151
335,D10,Portal 80,#8064A9,4,Calle 80,D,,6:30 AM - 8:00 PM,4,2104,TM0025,Calle 146,Autopista Norte - CL 147
335,D10,Portal 80,#8064A9,4,Calle 80,D,,6:30 AM - 8:00 PM,5,2200,TM0023,Alcalá - Colegio S. Tomás Dominicos,Autopista Norte - CL 134
335,D10,Portal 80,#8064A9,4,Calle 80,D,,6:30 AM - 8:00 PM,6,2300,TM0018,Calle 100 - Marketmedios,Autopista Norte - CL 97
335,D10,Portal 80,#8064A9,4,Calle 80,D,,6:30 AM - 8:00 PM,7,2303,TM0016,Calle 85 - Gato Dumas,Autopista Norte - CL 83A
335,D10,Portal 80,#8064A9,4,Calle 80,D,,6:30 AM - 8:00 PM,8,4106,TM0048,Carrera 47,AC 80 - KR 57
335,D10,Portal 80,#8064A9,4,Calle 80,D,,6:30 AM - 8:00 PM,9,4105,TM0049,Carrera 53,AC 80 - KR 64
335,D10,Portal 80,#8064A9,4,Calle 80,D,,6:30 AM - 8:00 PM,10,4104,TM0050,Avenida 68,AC 80 - KR 68G
335,D10,Portal 80,#8064A9,4,Calle 80,D,,6:30 AM - 8:00 PM,11,4102,TM0052,Boyacá,AC 80 - KR 70F
335,D10,Portal 80,#8064A9,4,Calle 80,D,,6:30 AM - 8:00 PM,12,4004,TM0054,Granja - cra 77,Granja - Carrera 77
335,D10,Portal 80,#8064A9,4,Calle 80,D,,6:30 AM - 8:00 PM,13,4003,TM0055,Avenida Cali,AC 80 - KR 86
335,D10,Portal 80,#8064A9,4,Calle 80,D,,6:30 AM - 8:00 PM,14,4002,TM0056,Carrera 90,AC 80 - KR 90
335,D10,Portal 80,#8064A9,4,Calle 80,D,,6:30 AM - 8:00 PM,15,4000,TM0058,Portal 80,Portal 80 - AC 80 - KR 96
302,D20,Portal 80,#8064A9,4,Calle 80,D,,,1,90004,TM0118,Portal Usme,AV. Caracas - CL 65 Sur
302,D20,Portal 80,#8064A9,4,Calle 80,D,,,2,9001,TM0115,Molinos,CL 50A Sur - KR 7
302,D20,Portal 80,#8064A9,4,Calle 80,D,,,3,9100,TM0111,Calle 40 Sur,AV. Caracas - CL 40 Sur
302,D20,Portal 80,#8064A9,4,Calle 80,D,,,4,9101,TM0110,Quiroga,AV. Caracas - CL 33 Sur
302,D20,Portal 80,#8064A9,4,Calle 80,D,,,5,9103,TM0109,Olaya,AV. Caracas - CL 27 Sur
302,D20,Portal 80,#8064A9,4,Calle 80,D,,,6,9104,TM0108,Restrepo,AV. Caracas - CL 21 Sur
302,D20,Portal 80,#8064A9,4,Calle 80,D,,,7,9113,TM0011,Calle 22,AV. Caracas - CL 22
302,D20,Portal 80,#8064A9,4,Calle 80,D,,,8,9114,TM0010,Calle 26,AV. Caracas - CL 28
302,D20,Portal 80,#8064A9,4,Calle 80,D,,,9,9115,TM0009,Calle 34,AV. Caracas - CL 33A
302,D20,Portal 80,#8064A9,4,Calle 80,D,,,10,9121,TM0003,Flores,AV. Caracas - CL 69
302,D20,Portal 80,#8064A9,4,Calle 80,D,,,11,4108,TM0046,Polo - FINCOMERCIO,AC 80 - KR 27
302,D20,Portal 80,#8064A9,4,Calle 80,D,,,12,4104,TM0050,Avenida 68,AC 80 - KR 68G
302,D20,Portal 80,#8064A9,4,Calle 80,D,,,13,4103,TM0051,Ferias,AC 80 - KR69T
302,D20,Portal 80,#8064A9,4,Calle 80,D,,,14,4102,TM0052,Boyacá,AC 80 - KR 70F
302,D20,Portal 80,#8064A9,4,Calle 80,D,,,15,4004,TM0054,Granja - cra 77,Granja - Carrera 77
302,D20,Portal 80,#8064A9,4,Calle 80,D,,,16,4001,TM0057,Quirigua,AC 80 -  KR 94
302,D20,Portal 80,#8064A9,4,Calle 80,D,,,17,4000,TM0058,Portal 80,Portal 80 - AC 80 - KR 96
313,D21,PORTAL 80,#8064A9,4,Calle 80,D,4:00 AM - 11:00 PM,,1,8000,TM0119,Portal Tunal,AV. Boyacá -  AV. Villavicencio
313,D21,PORTAL 80,#8064A9,4,Calle 80,D,4:00 AM - 11:00 PM,,2,9004,TM0112,Santa Lucía,AV. Caracas - CL 46 Sur
313,D21,PORTAL 80,#8064A9,4,Calle 80,D,4:00 AM - 11:00 PM,,3,9100,TM0111,Calle 40 Sur,AV. Caracas - CL 40 Sur
313,D21,PORTAL 80,#8064A9,4,Calle 80,D,4:00 AM - 11:00 PM,,4,9105,TM0107,Fucha,AV. Caracas - CL 17A Sur
313,D21,PORTAL 80,#8064A9,4,Calle 80,D,4:00 AM - 11:00 PM,,5,7201,TM0147,Guatoque - Veraguas,AC 6 - KR 27
313,D21,PORTAL 80,#8064A9,4,Calle 80,D,4:00 AM - 11:00 PM,,6,7111,TM0069,Ricaurte,AV. NQS - CL 10
313,D21,PORTAL 80,#8064A9,4,Calle 80,D,4:00 AM - 11:00 PM,,7,7106,TM0064,Campin - UAN,AV. NQS - CL 53 Bis
313,D21,PORTAL 80,#8064A9,4,Calle 80,D,4:00 AM - 11:00 PM,,8,7105,TM0063,Movistar Arena,AV. NQS - CL 63
313,D21,PORTAL 80,#8064A9,4,Calle 80,D,4:00 AM - 11:00 PM,,9,7104,TM0062,7 de Agosto,AV. NQS - CL 63G
313,D21,PORTAL 80,#8064A9,4,Calle 80,D,4:00 AM - 11:00 PM,,10,4104,TM0050,Avenida 68,AC 80 - KR 68G
313,D21,PORTAL 80,#8064A9,4,Calle 80,D,4:00 AM - 11:00 PM,,11,4101,TM0053,Minuto De Dios,AC 80 - KR 73A
313,D21,PORTAL 80,#8064A9,4,Calle 80,D,4:00 AM - 11:00 PM,,12,4004,TM0054,Granja - cra 77,Granja - Carrera 77
313,D21,PORTAL 80,#8064A9,4,Calle 80,D,4:00 AM - 11:00 PM,,13,4003,TM0055,Avenida Cali,AC 80 - KR 86
313,D21,PORTAL 80,#8064A9,4,Calle 80,D,4:00 AM - 11:00 PM,,14,4002,TM0056,Carrera 90,AC 80 - KR 90
313,D21,PORTAL 80,#8064A9,4,Calle 80,D,4:00 AM - 11:00 PM,,15,4000,TM0058,Portal 80,Portal 80 - AC 80 - KR 96
379,D22,Portal 80,#8064A9,4,Calle 80,D,4:30 AM - 11:00 PM,5:30 AM - 10:00 PM,1,7000,TM0099,Portal Sur - JFK Coop. Financiera,Autopista Sur - KR 73
379,D22,Portal 80,#8064A9,4,Calle 80,D,4:30 AM - 11:00 PM,5:30 AM - 10:00 PM,2,7003,TM0096,Sevillana,Autopista Sur - KRA 61
379,D22,Portal 80,#8064A9,4,Calle 80,D,4:30 AM - 11:00 PM,5:30 AM - 10:00 PM,3,7006,TM0093,General Santander,Autopista Sur - KR 50A Bis
379,D22,Portal 80,#8064A9,4,Calle 80,D,4:30 AM - 11:00 PM,5:30 AM - 10:00 PM,4,7113,TM0089,Santa Isabel,AV. NQS - CL 1G
379,D22,Portal 80,#8064A9,4,Calle 80,D,4:30 AM - 11:00 PM,5:30 AM - 10:00 PM,5,7110,TM0068,Paloquemao,AV. NQS - CL 18A
379,D22,Portal 80,#8064A9,4,Calle 80,D,4:30 AM - 11:00 PM,5:30 AM - 10:00 PM,6,7108,TM0066,Av. Eldorado,AV. NQS - CL 40A
379,D22,Portal 80,#8064A9,4,Calle 80,D,4:30 AM - 11:00 PM,5:30 AM - 10:00 PM,7,7107,TM0065,Universidad Nacional,AV. NQS - CL 47
379,D22,Portal 80,#8064A9,4,Calle 80,D,4:30 AM - 11:00 PM,5:30 AM - 10:00 PM,8,7103,TM0061,Avenida Chile,AV. NQS - CL 71
379,D22,Portal 80,#8064A9,4,Calle 80,D,4:30 AM - 11:00 PM,5:30 AM - 10:00 PM,9,7102,TM0060,NQS Calle 75,AV. NQS - CL 75
379,D22,Portal 80,#8064A9,4,Calle 80,D,4:30 AM - 11:00 PM,5:30 AM - 10:00 PM,10,4106,TM0048,Carrera 47,AC 80 - KR 57
379,D22,Portal 80,#8064A9,4,Calle 80,D,4:30 AM - 11:00 PM,5:30 AM - 10:00 PM,11,4104,TM0050,Avenida 68,AC 80 - KR 68G
379,D22,Portal 80,#8064A9,4,Calle 80,D,4:30 AM - 11:00 PM,5:30 AM - 10:00 PM,12,4102,TM0052,Boyacá,AC 80 - KR 70F
379,D22,Portal 80,#8064A9,4,Calle 80,D,4:30 AM - 11:00 PM,5:30 AM - 10:00 PM,13,4101,TM0053,Minuto De Dios,AC 80 - KR 73A
379,D22,Portal 80,#8064A9,4,Calle 80,D,4:30 AM - 11:00 PM,5:30 AM - 10:00 PM,14,4004,TM0054,Granja - cra 77,Granja - Carrera 77
379,D22,Portal 80,#8064A9,4,Calle 80,D,4:30 AM - 11:00 PM,5:30 AM - 10:00 PM,15,4000,TM0058,Portal 80,Portal 80 - AC 80 - KR 96
310,D24,P. 80,#8064A9,4,Calle 80,D,,,1,6111,TM0122,Universidades CityU,KR 3 - CL 22
310,D24,P. 80,#8064A9,4,Calle 80,D,,,2,9116,TM0008,Av. 39,AV. Caracas - CL 39
310,D24,P. 80,#8064A9,4,Calle 80,D,,,3,9118,TM0006,Marly,AV. Caracas - CL 51
310,D24,P. 80,#8064A9,4,Calle 80,D,,,4,9119,TM0005,Calle 57,AV. Caracas - CL 57
310,D24,P. 80,#8064A9,4,Calle 80,D,,,5,9123,TM0001,Calle 76,AV. Caracas - CL 76
310,D24,P. 80,#8064A9,4,Calle 80,D,,,6,4107,TM0047,Escuela Militar,AC 80 - KR 51
310,D24,P. 80,#8064A9,4,Calle 80,D,,,7,4106,TM0048,Carrera 47,AC 80 - KR 57
310,D24,P. 80,#8064A9,4,Calle 80,D,,,8,4101,TM0053,Minuto De Dios,AC 80 - KR 73A
310,D24,P. 80,#8064A9,4,Calle 80,D,,,9,4004,TM0054,Granja - cra 77,Granja - Carrera 77
310,D24,P. 80,#8064A9,4,Calle 80,D,,,10,4003,TM0055,Avenida Cali,AC 80 - KR 86
310,D24,P. 80,#8064A9,4,Calle 80,D,,,11,4002,TM0056,Carrera 90,AC 80 - KR 90
310,D24,P. 80,#8064A9,4,Calle 80,D,,,12,4000,TM0058,Portal 80,Portal 80 - AC 80 - KR 96
1246,D55,Portal 80,#8064A9,4,Calle 80,D,,,1,74259,Terminal A - 2 ó 5-nw,,Terminal
1246,D55,Portal 80,#8064A9,4,Calle 80,D,,,2,74255,Calle 187 A - 2 ó 5-nw,,Calle 187
1246,D55,Portal 80,#8064A9,4,Calle 80,D,,,3,2102,TM0027,Calle 161,Autopista Norte - CL 161
1246,D55,Portal 80,#8064A9,4,Calle 80,D,,,4,2105,TM0024,Calle 142,Autopista Norte - CL 143
1246,D55,Portal 80,#8064A9,4,Calle 80,D,,,5,2201,TM0022,Prado,Autopista Norte - CL 128B
1246,D55,Portal 80,#8064A9,4,Calle 80,D,,,6,2204,TM0020,Pepe Sierra - Utel Universidad,Autopista Norte - CL 114A
1246,D55,Portal 80,#8064A9,4,Calle 80,D,,,7,2205,TM0019,Calle 106 - Explora maletas,Autopista Norte - CL 104A
1246,D55,Portal 80,#8064A9,4,Calle 80,D,,,8,2302,TM0017,Virrey,Autopista Norte - CL 89
1246,D55,Portal 80,#8064A9,4,Calle 80,D,,,9,2304,TM0015,Héroes - Colmena Seguros,Autopista Norte - CL 81
1246,D55,Portal 80,#8064A9,4,Calle 80,D,,,10,4108,TM0046,Polo - FINCOMERCIO,AC 80 - KR 27
1246,D55,Portal 80,#8064A9,4,Calle 80,D,,,11,4103,TM0051,Ferias,AC 80 - KR69T
1246,D55,Portal 80,#8064A9,4,Calle 80,D,,,12,4101,TM0053,Minuto De Dios,AC 80 - KR 73A
1246,D55,Portal 80,#8064A9,4,Calle 80,D,,,13,4004,TM0054,Granja - cra 77,Granja - Carrera 77
1246,D55,Portal 80,#8064A9,4,Calle 80,D,,,14,4003,TM0055,Avenida Cali,AC 80 - KR 86
1246,D55,Portal 80,#8064A9,4,Calle 80,D,,,15,4001,TM0057,Quirigua,AC 80 -  KR 94
1246,D55,Portal 80,#8064A9,4,Calle 80,D,,,16,4000,TM0058,Portal 80,Portal 80 - AC 80 - KR 96
619,D81,AV CL80 - KR114,#8064A9,4,Calle 80,D,,2:00 PM - 10:00 PM,1,10000,TM0145,Portal 20  de Julio,KR 5A - CL 30D Sur
619,D81,AV CL80 - KR114,#8064A9,4,Calle 80,D,,2:00 PM - 10:00 PM,2,10001,TM0144,Country Sur,AK 10 - CL 27 Sur
619,D81,AV CL80 - KR114,#8064A9,4,Calle 80,D,,2:00 PM - 10:00 PM,3,10002,TM0143,Av. Primero de Mayo,AK 10 - CL 17 Sur
619,D81,AV CL80 - KR114,#8064A9,4,Calle 80,D,,2:00 PM - 10:00 PM,4,10005,TM0139,Bicentenario,AK 10 - CL 6
619,D81,AV CL80 - KR114,#8064A9,4,Calle 80,D,,2:00 PM - 10:00 PM,5,10006,TM0138,San Victorino,AK 10 - CL 11
619,D81,AV CL80 - KR114,#8064A9,4,Calle 80,D,,2:00 PM - 10:00 PM,6,10009,TM0146,Museo Nacional,KR 7 - CL 29
619,D81,AV CL80 - KR114,#8064A9,4,Calle 80,D,,2:00 PM - 10:00 PM,7,71377,BD-001A,K7 - CL34,K7 - CL34
619,D81,AV CL80 - KR114,#8064A9,4,Calle 80,D,,2:00 PM - 10:00 PM,8,71378,BD-003A,K7 - CL37,K7 - CL37
619,D81,AV CL80 - KR114,#8064A9,4,Calle 80,D,,2:00 PM - 10:00 PM,9,71379,BD-005A,K7 - CL40 S/N A,K7 - CL40
619,D81,AV CL80 - KR114,#8064A9,4,Calle 80,D,,2:00 PM - 10:00 PM,10,71380,BD-007A,K7  -  CL45,K7 - CL45
619,D81,AV CL80 - KR114,#8064A9,4,Calle 80,D,,2:00 PM - 10:00 PM,11,71381,BD-009A,K7 - CL50,K7 - CL50
619,D81,AV CL80 - KR114,#8064A9,4,Calle 80,D,,2:00 PM - 10:00 PM,12,71382,BD-011A,K7 - CL57,K7 - CL57
619,D81,AV CL80 - KR114,#8064A9,4,Calle 80,D,,2:00 PM - 10:00 PM,13,71383,BD-013A,K7 - CL61,K7 - CL61
619,D81,AV CL80 - KR114,#8064A9,4,Calle 80,D,,2:00 PM - 10:00 PM,14,71384,BD-015A,K7 - CL66,K7 - CL66
619,D81,AV CL80 - KR114,#8064A9,4,Calle 80,D,,2:00 PM - 10:00 PM,15,73074,BD-017A,K7 - CL70A S/N A,K7 - CL70A
619,D81,AV CL80 - KR114,#8064A9,4,Calle 80,D,,2:00 PM - 10:00 PM,16,71386,BD-019A,K7 - CL73 S/N A,K7 - CL73
619,D81,AV CL80 - KR114,#8064A9,4,Calle 80,D,,2:00 PM - 10:00 PM,17,74251,BD-051B,CL76 - K11.,CL76 - K11
619,D81,AV CL80 - KR114,#8064A9,4,Calle 80,D,,2:00 PM - 10:00 PM,18,4108,TM0046,Polo - FINCOMERCIO,AC 80 - KR 27
619,D81,AV CL80 - KR114,#8064A9,4,Calle 80,D,,2:00 PM - 10:00 PM,19,4106,TM0048,Carrera 47,AC 80 - KR 57
619,D81,AV CL80 - KR114,#8064A9,4,Calle 80,D,,2:00 PM - 10:00 PM,20,4104,TM0050,Avenida 68,AC 80 - KR 68G
619,D81,AV CL80 - KR114,#8064A9,4,Calle 80,D,,2:00 PM - 10:00 PM,21,51434,146A04,Br. Bolivia Occidental,AC 80 - KR 107
619,D81,AV CL80 - KR114,#8064A9,4,Calle 80,D,,2:00 PM - 10:00 PM,22,73998,144A04,Br. Garcés Navas,_TM
619,D81,AV CL80 - KR114,#8064A9,4,Calle 80,D,,2:00 PM - 10:00 PM,23,51428,140A04,Br. Ciudadela Colsubsidio,AC 80 - KR 111C
619,D81,AV CL80 - KR114,#8064A9,4,Calle 80,D,,2:00 PM - 10:00 PM,24,51426,137A04,Br. El Cortijo,AC 80 - KR 114
619,D81,AV CL80 - KR114,#8064A9,4,Calle 80,D,,2:00 PM - 10:00 PM,25,51705,396A04,Puente de Guadua,AC 80 - KR 119
353,E32,NQS Calle 75,#AE6B00,5,NQS Central,E,,5:00 AM - 10:00 PM,1,5000,TM0087,Portal Américas,AV. Villavicencio - KR 86
353,E32,NQS Calle 75,#AE6B00,5,NQS Central,E,,5:00 AM - 10:00 PM,2,5005,TM0084,Transversal 86,AV. Amércias - KR 80C
353,E32,NQS Calle 75,#AE6B00,5,NQS Central,E,,5:00 AM - 10:00 PM,3,5100,TM0083,Banderas,AV. Américas - KR 78G
353,E32,NQS Calle 75,#AE6B00,5,NQS Central,E,,5:00 AM - 10:00 PM,4,5102,TM0081,Av Américas - Av. Boyacá,AV. Américas - KR 71C
353,E32,NQS Calle 75,#AE6B00,5,NQS Central,E,,5:00 AM - 10:00 PM,5,12000,TM0077,Puente Aranda,CL 13 - KR 47
353,E32,NQS Calle 75,#AE6B00,5,NQS Central,E,,5:00 AM - 10:00 PM,6,12007,TM0075,Zona Industrial,CL 13 - KR 38
353,E32,NQS Calle 75,#AE6B00,5,NQS Central,E,,5:00 AM - 10:00 PM,7,7109,TM0067,CAD,AV. NQS - CL 22C
353,E32,NQS Calle 75,#AE6B00,5,NQS Central,E,,5:00 AM - 10:00 PM,8,7108,TM0066,Av. Eldorado,AV. NQS - CL 40A
353,E32,NQS Calle 75,#AE6B00,5,NQS Central,E,,5:00 AM - 10:00 PM,9,7107,TM0065,Universidad Nacional,AV. NQS - CL 47
353,E32,NQS Calle 75,#AE6B00,5,NQS Central,E,,5:00 AM - 10:00 PM,10,7104,TM0062,7 de Agosto,AV. NQS - CL 63G
353,E32,NQS Calle 75,#AE6B00,5,NQS Central,E,,5:00 AM - 10:00 PM,11,7103,TM0061,Avenida Chile,AV. NQS - CL 71
353,E32,NQS Calle 75,#AE6B00,5,NQS Central,E,,5:00 AM - 10:00 PM,12,7102,TM0060,NQS Calle 75,AV. NQS - CL 75
1174,E42,7 de Agosto,#AE6B00,5,NQS Central,E,4:00 AM - 11:00 PM,4:00 AM - 10:00 PM,1,7503,TM0103,San Mateo,KR 4 - CL 30 Soacha
1174,E42,7 de Agosto,#AE6B00,5,NQS Central,E,4:00 AM - 11:00 PM,4:00 AM - 10:00 PM,2,7504,TM0102,Terreros - H. Cardiovascular,KR 7 - CL 33 Soacha
1174,E42,7 de Agosto,#AE6B00,5,NQS Central,E,4:00 AM - 11:00 PM,4:00 AM - 10:00 PM,3,7505,TM0101,León XIII,TV 7 - CL 47 Soacha
1174,E42,7 de Agosto,#AE6B00,5,NQS Central,E,4:00 AM - 11:00 PM,4:00 AM - 10:00 PM,4,7506,TM0100,La Despensa,TV 7 - CL 55 Soacha
1174,E42,7 de Agosto,#AE6B00,5,NQS Central,E,4:00 AM - 11:00 PM,4:00 AM - 10:00 PM,5,7010,TM0149,Bosa,Autopista Sur- 65A Sur
1174,E42,7 de Agosto,#AE6B00,5,NQS Central,E,4:00 AM - 11:00 PM,4:00 AM - 10:00 PM,6,7112,TM0088,Comuneros,AV. NQS -  CL 5
1174,E42,7 de Agosto,#AE6B00,5,NQS Central,E,4:00 AM - 11:00 PM,4:00 AM - 10:00 PM,7,7110,TM0068,Paloquemao,AV. NQS - CL 18A
1174,E42,7 de Agosto,#AE6B00,5,NQS Central,E,4:00 AM - 11:00 PM,4:00 AM - 10:00 PM,8,7107,TM0065,Universidad Nacional,AV. NQS - CL 47
1174,E42,7 de Agosto,#AE6B00,5,NQS Central,E,4:00 AM - 11:00 PM,4:00 AM - 10:00 PM,9,7106,TM0064,Campin - UAN,AV. NQS - CL 53 Bis
1174,E42,7 de Agosto,#AE6B00,5,NQS Central,E,4:00 AM - 11:00 PM,4:00 AM - 10:00 PM,10,7104,TM0062,7 de Agosto,AV. NQS - CL 63G
12444,E48,CAD,#AE6B00,5,NQS Central,E,,,1,7503,TM0103,San Mateo,KR 4 - CL 30 Soacha
12444,E48,CAD,#AE6B00,5,NQS Central,E,,,2,7504,TM0102,Terreros - H. Cardiovascular,KR 7 - CL 33 Soacha
12444,E48,CAD,#AE6B00,5,NQS Central,E,,,3,7505,TM0101,León XIII,TV 7 - CL 47 Soacha
12444,E48,CAD,#AE6B00,5,NQS Central,E,,,4,7506,TM0100,La Despensa,TV 7 - CL 55 Soacha
12444,E48,CAD,#AE6B00,5,NQS Central,E,,,5,7010,TM0149,Bosa,Autopista Sur- 65A Sur
12444,E48,CAD,#AE6B00,5,NQS Central,E,,,6,7003,TM0096,Sevillana,Autopista Sur - KRA 61
12444,E48,CAD,#AE6B00,5,NQS Central,E,,,7,7004,TM0095,Venecia,Autopista Sur - KR 54A
12444,E48,CAD,#AE6B00,5,NQS Central,E,,,8,7006,TM0093,General Santander,Autopista Sur - KR 50A Bis
12444,E48,CAD,#AE6B00,5,NQS Central,E,,,9,7113,TM0089,Santa Isabel,AV. NQS - CL 1G
12444,E48,CAD,#AE6B00,5,NQS Central,E,,,10,7111,TM0069,Ricaurte,AV. NQS - CL 10
12444,E48,CAD,#AE6B00,5,NQS Central,E,,,11,7109,TM0067,CAD,AV. NQS - CL 22C
3912,F19,Banderas,#DC0814,6,Américas,F,4:30 AM - 10:00 PM,,1,3000,TM0045,Portal Suba,AV. Suba - AV. Ciudad de Cali
3912,F19,Banderas,#DC0814,6,Américas,F,4:30 AM - 10:00 PM,,2,3001,TM0044,La Campiña,AV. SUBA - KR 99A
3912,F19,Banderas,#DC0814,6,Américas,F,4:30 AM - 10:00 PM,,3,3002,TM0043,Suba - Tv. 91,AV. SUBA - KR 91D
3912,F19,Banderas,#DC0814,6,Américas,F,4:30 AM - 10:00 PM,,4,3003,TM0042,21 Ángeles,AV. SUBA - KR 83
3912,F19,Banderas,#DC0814,6,Américas,F,4:30 AM - 10:00 PM,,5,3005,TM0040,Suba - Av. Boyacá,AV. SUBA - AV. BOYACA
3912,F19,Banderas,#DC0814,6,Américas,F,4:30 AM - 10:00 PM,,6,3010,TM0036,Puentelargo,AV. SUBA - CL 106
3912,F19,Banderas,#DC0814,6,Américas,F,4:30 AM - 10:00 PM,,7,90007,TM0035,Suba Calle 100,AV. SUBA - CL 100
3912,F19,Banderas,#DC0814,6,Américas,F,4:30 AM - 10:00 PM,,8,3012,TM0034,Suba - Calle 95,AV. SUBA - CL 95
3912,F19,Banderas,#DC0814,6,Américas,F,4:30 AM - 10:00 PM,,9,9121,TM0003,Flores,AV. Caracas - CL 69
3912,F19,Banderas,#DC0814,6,Américas,F,4:30 AM - 10:00 PM,,10,9115,TM0009,Calle 34,AV. Caracas - CL 33A
3912,F19,Banderas,#DC0814,6,Américas,F,4:30 AM - 10:00 PM,,11,14001,TM0071,De La Sabana,CL 13 - KR 16
3912,F19,Banderas,#DC0814,6,Américas,F,4:30 AM - 10:00 PM,,12,7111,TM0069,Ricaurte,AV. NQS - CL 10
3912,F19,Banderas,#DC0814,6,Américas,F,4:30 AM - 10:00 PM,,13,12002,TM0074,CDS Carrera 32,CL 13 - KR 32
3912,F19,Banderas,#DC0814,6,Américas,F,4:30 AM - 10:00 PM,,14,5107,TM0078,Distrito Grafiti,AV. Américas -  KR 53
3912,F19,Banderas,#DC0814,6,Américas,F,4:30 AM - 10:00 PM,,15,5103,TM0080,Marsella,AV. Américas - KR 69C
3912,F19,Banderas,#DC0814,6,Américas,F,4:30 AM - 10:00 PM,,16,5101,TM0082,Mandalay,AV. Américas - KR 73
3912,F19,Banderas,#DC0814,6,Américas,F,4:30 AM - 10:00 PM,,17,5100,TM0083,Banderas,AV. Américas - KR 78G
10082,F23,Banderas,#DC0814,6,Américas,F,6:00 AM - 8:00 AM,,1,14005,TM0121,Las Aguas - Centro Colombo Americano,KR 3 - AC 19
10082,F23,Banderas,#DC0814,6,Américas,F,6:00 AM - 8:00 AM,,2,14004,TM0120,Museo Del Oro,AC 13 - KR 7
10082,F23,Banderas,#DC0814,6,Américas,F,6:00 AM - 8:00 AM,,3,9110,TM0013,Avenida Jiménez,AV. Caracas - CL 11
10082,F23,Banderas,#DC0814,6,Américas,F,6:00 AM - 8:00 AM,,4,14001,TM0071,De La Sabana,CL 13 - KR 16
10082,F23,Banderas,#DC0814,6,Américas,F,6:00 AM - 8:00 AM,,5,12004,TM0072,San Facon Carrera 22,CL 13 - KR 22
10082,F23,Banderas,#DC0814,6,Américas,F,6:00 AM - 8:00 AM,,6,7111,TM0069,Ricaurte,AV. NQS - CL 10
10082,F23,Banderas,#DC0814,6,Américas,F,6:00 AM - 8:00 AM,,7,12000,TM0077,Puente Aranda,CL 13 - KR 47
10082,F23,Banderas,#DC0814,6,Américas,F,6:00 AM - 8:00 AM,,8,5105,TM0079,Pradera - Plaza Central,AV. Américas -  KR 63
10082,F23,Banderas,#DC0814,6,Américas,F,6:00 AM - 8:00 AM,,9,5102,TM0081,Av Américas - Av. Boyacá,AV. Américas - KR 71C
10082,F23,Banderas,#DC0814,6,Américas,F,6:00 AM - 8:00 AM,,10,5100,TM0083,Banderas,AV. Américas - KR 78G
396,F23,P. Américas,#DC0814,6,Américas,F,5:00 AM - 11:00 PM,5:30 AM - 10:00 PM,1,14005,TM0121,Las Aguas - Centro Colombo Americano,KR 3 - AC 19
396,F23,P. Américas,#DC0814,6,Américas,F,5:00 AM - 11:00 PM,5:30 AM - 10:00 PM,2,14004,TM0120,Museo Del Oro,AC 13 - KR 7
396,F23,P. Américas,#DC0814,6,Américas,F,5:00 AM - 11:00 PM,5:30 AM - 10:00 PM,3,9110,TM0013,Avenida Jiménez,AV. Caracas - CL 11
396,F23,P. Américas,#DC0814,6,Américas,F,5:00 AM - 11:00 PM,5:30 AM - 10:00 PM,4,14001,TM0071,De La Sabana,CL 13 - KR 16
396,F23,P. Américas,#DC0814,6,Américas,F,5:00 AM - 11:00 PM,5:30 AM - 10:00 PM,5,12004,TM0072,San Facon Carrera 22,CL 13 - KR 22
396,F23,P. Américas,#DC0814,6,Américas,F,5:00 AM - 11:00 PM,5:30 AM - 10:00 PM,6,7111,TM0069,Ricaurte,AV. NQS - CL 10
396,F23,P. Américas,#DC0814,6,Américas,F,5:00 AM - 11:00 PM,5:30 AM - 10:00 PM,7,12000,TM0077,Puente Aranda,CL 13 - KR 47
396,F23,P. Américas,#DC0814,6,Américas,F,5:00 AM - 11:00 PM,5:30 AM - 10:00 PM,8,5105,TM0079,Pradera - Plaza Central,AV. Américas -  KR 63
396,F23,P. Américas,#DC0814,6,Américas,F,5:00 AM - 11:00 PM,5:30 AM - 10:00 PM,9,5102,TM0081,Av Américas - Av. Boyacá,AV. Américas - KR 71C
396,F23,P. Américas,#DC0814,6,Américas,F,5:00 AM - 11:00 PM,5:30 AM - 10:00 PM,10,5100,TM0083,Banderas,AV. Américas - KR 78G
396,F23,P. Américas,#DC0814,6,Américas,F,5:00 AM - 11:00 PM,5:30 AM - 10:00 PM,11,5002,TM0085,Biblioteca Tintal,AV. Ciudad de Cali - 33 SUR
396,F23,P. Américas,#DC0814,6,Américas,F,5:00 AM - 11:00 PM,5:30 AM - 10:00 PM,12,5000,TM0087,Portal Américas,AV. Villavicencio - KR 86
1192,F26,Portal Américas,#DC0814,6,Américas,F,,,1,2200,TM0023,Alcalá - Colegio S. Tomás Dominicos,Autopista Norte - CL 134
1192,F26,Portal Américas,#DC0814,6,Américas,F,,,2,2202,TM0021,Calle 127,Autopista Norte - CL 124
1192,F26,Portal Américas,#DC0814,6,Américas,F,,,3,2300,TM0018,Calle 100 - Marketmedios,Autopista Norte - CL 97
1192,F26,Portal Américas,#DC0814,6,Américas,F,,,4,2302,TM0017,Virrey,Autopista Norte - CL 89
1192,F26,Portal Américas,#DC0814,6,Américas,F,,,5,2303,TM0016,Calle 85 - Gato Dumas,Autopista Norte - CL 83A
1192,F26,Portal Américas,#DC0814,6,Américas,F,,,6,2304,TM0015,Héroes - Colmena Seguros,Autopista Norte - CL 81
1192,F26,Portal Américas,#DC0814,6,Américas,F,,,7,5102,TM0081,Av Américas - Av. Boyacá,AV. Américas - KR 71C
1192,F26,Portal Américas,#DC0814,6,Américas,F,,,8,5101,TM0082,Mandalay,AV. Américas - KR 73
1192,F26,Portal Américas,#DC0814,6,Américas,F,,,9,5100,TM0083,Banderas,AV. Américas - KR 78G
1192,F26,Portal Américas,#DC0814,6,Américas,F,,,10,5005,TM0084,Transversal 86,AV. Amércias - KR 80C
1192,F26,Portal Américas,#DC0814,6,Américas,F,,,11,5002,TM0085,Biblioteca Tintal,AV. Ciudad de Cali - 33 SUR
1192,F26,Portal Américas,#DC0814,6,Américas,F,,,12,5000,TM0087,Portal Américas,AV. Villavicencio - KR 86
352,F28,Portal Américas,#DC0814,6,Américas,F,5:00 AM - 8:00 PM,,1,2000,TM0029,Portal Norte - Unicervantes,Autopista Norte - CL 172A
352,F28,Portal Américas,#DC0814,6,Américas,F,5:00 AM - 8:00 PM,,2,2102,TM0027,Calle 161,Autopista Norte - CL 161
352,F28,Portal Américas,#DC0814,6,Américas,F,5:00 AM - 8:00 PM,,3,2104,TM0025,Calle 146,Autopista Norte - CL 147
352,F28,Portal Américas,#DC0814,6,Américas,F,5:00 AM - 8:00 PM,,4,2201,TM0022,Prado,Autopista Norte - CL 128B
352,F28,Portal Américas,#DC0814,6,Américas,F,5:00 AM - 8:00 PM,,5,2204,TM0020,Pepe Sierra - Utel Universidad,Autopista Norte - CL 114A
352,F28,Portal Américas,#DC0814,6,Américas,F,5:00 AM - 8:00 PM,,6,2205,TM0019,Calle 106 - Explora maletas,Autopista Norte - CL 104A
352,F28,Portal Américas,#DC0814,6,Américas,F,5:00 AM - 8:00 PM,,7,7101,TM0059,La Castellana,AV. NQS - CL 86
352,F28,Portal Américas,#DC0814,6,Américas,F,5:00 AM - 8:00 PM,,8,12002,TM0074,CDS Carrera 32,CL 13 - KR 32
352,F28,Portal Américas,#DC0814,6,Américas,F,5:00 AM - 8:00 PM,,9,12007,TM0075,Zona Industrial,CL 13 - KR 38
352,F28,Portal Américas,#DC0814,6,Américas,F,5:00 AM - 8:00 PM,,10,5103,TM0080,Marsella,AV. Américas - KR 69C
352,F28,Portal Américas,#DC0814,6,Américas,F,5:00 AM - 8:00 PM,,11,5100,TM0083,Banderas,AV. Américas - KR 78G
352,F28,Portal Américas,#DC0814,6,Américas,F,5:00 AM - 8:00 PM,,12,5002,TM0085,Biblioteca Tintal,AV. Ciudad de Cali - 33 SUR
352,F28,Portal Américas,#DC0814,6,Américas,F,5:00 AM - 8:00 PM,,13,5000,TM0087,Portal Américas,AV. Villavicencio - KR 86
354,F32,Portal Américas,#DC0814,6,Américas,F,,5:30 AM - 10:00 PM,1,7102,TM0060,NQS Calle 75,AV. NQS - CL 75
354,F32,Portal Américas,#DC0814,6,Américas,F,,5:30 AM - 10:00 PM,2,7103,TM0061,Avenida Chile,AV. NQS - CL 71
354,F32,Portal Américas,#DC0814,6,Américas,F,,5:30 AM - 10:00 PM,3,7104,TM0062,7 de Agosto,AV. NQS - CL 63G
354,F32,Portal Américas,#DC0814,6,Américas,F,,5:30 AM - 10:00 PM,4,7107,TM0065,Universidad Nacional,AV. NQS - CL 47
354,F32,Portal Américas,#DC0814,6,Américas,F,,5:30 AM - 10:00 PM,5,7108,TM0066,Av. Eldorado,AV. NQS - CL 40A
354,F32,Portal Américas,#DC0814,6,Américas,F,,5:30 AM - 10:00 PM,6,7109,TM0067,CAD,AV. NQS - CL 22C
354,F32,Portal Américas,#DC0814,6,Américas,F,,5:30 AM - 10:00 PM,7,12007,TM0075,Zona Industrial,CL 13 - KR 38
354,F32,Portal Américas,#DC0814,6,Américas,F,,5:30 AM - 10:00 PM,8,12000,TM0077,Puente Aranda,CL 13 - KR 47
354,F32,Portal Américas,#DC0814,6,Américas,F,,5:30 AM - 10:00 PM,9,5102,TM0081,Av Américas - Av. Boyacá,AV. Américas - KR 71C
354,F32,Portal Américas,#DC0814,6,Américas,F,,5:30 AM - 10:00 PM,10,5100,TM0083,Banderas,AV. Américas - KR 78G
354,F32,Portal Américas,#DC0814,6,Américas,F,,5:30 AM - 10:00 PM,11,5005,TM0084,Transversal 86,AV. Amércias - KR 80C
354,F32,Portal Américas,#DC0814,6,Américas,F,,5:30 AM - 10:00 PM,12,5000,TM0087,Portal Américas,AV. Villavicencio - KR 86
399,F51,PORTAL AMÉRICAS,#DC0814,6,Américas,F,5:00 AM - 11:00 PM,,1,10009,TM0146,Museo Nacional,KR 7 - CL 29
399,F51,PORTAL AMÉRICAS,#DC0814,6,Américas,F,5:00 AM - 11:00 PM,,2,10008,TM0136,San Diego,AK 10 - CL 23
399,F51,PORTAL AMÉRICAS,#DC0814,6,Américas,F,5:00 AM - 11:00 PM,,3,10007,TM0137,Las Nieves,AK 10 - AC 19
399,F51,PORTAL AMÉRICAS,#DC0814,6,Américas,F,5:00 AM - 11:00 PM,,4,9110,TM0013,Avenida Jiménez,AV. Caracas - CL 11
399,F51,PORTAL AMÉRICAS,#DC0814,6,Américas,F,5:00 AM - 11:00 PM,,5,7111,TM0069,Ricaurte,AV. NQS - CL 10
399,F51,PORTAL AMÉRICAS,#DC0814,6,Américas,F,5:00 AM - 11:00 PM,,6,5107,TM0078,Distrito Grafiti,AV. Américas -  KR 53
399,F51,PORTAL AMÉRICAS,#DC0814,6,Américas,F,5:00 AM - 11:00 PM,,7,5105,TM0079,Pradera - Plaza Central,AV. Américas -  KR 63
399,F51,PORTAL AMÉRICAS,#DC0814,6,Américas,F,5:00 AM - 11:00 PM,,8,5103,TM0080,Marsella,AV. Américas - KR 69C
399,F51,PORTAL AMÉRICAS,#DC0814,6,Américas,F,5:00 AM - 11:00 PM,,9,5102,TM0081,Av Américas - Av. Boyacá,AV. Américas - KR 71C
399,F51,PORTAL AMÉRICAS,#DC0814,6,Américas,F,5:00 AM - 11:00 PM,,10,5101,TM0082,Mandalay,AV. Américas - KR 73
399,F51,PORTAL AMÉRICAS,#DC0814,6,Américas,F,5:00 AM - 11:00 PM,,11,5100,TM0083,Banderas,AV. Américas - KR 78G
399,F51,PORTAL AMÉRICAS,#DC0814,6,Américas,F,5:00 AM - 11:00 PM,,12,5002,TM0085,Biblioteca Tintal,AV. Ciudad de Cali - 33 SUR
399,F51,PORTAL AMÉRICAS,#DC0814,6,Américas,F,5:00 AM - 11:00 PM,,13,5000,TM0087,Portal Américas,AV. Villavicencio - KR 86
1189,F60,Portal Américas,#DC0814,6,Américas,F,,5:00 AM - 10:00 PM,1,9123,TM0001,Calle 76,AV. Caracas - CL 76
1189,F60,Portal Américas,#DC0814,6,Américas,F,,5:00 AM - 10:00 PM,2,9118,TM0006,Marly,AV. Caracas - CL 51
1189,F60,Portal Américas,#DC0814,6,Américas,F,,5:00 AM - 10:00 PM,3,9116,TM0008,Av. 39,AV. Caracas - CL 39
1189,F60,Portal Américas,#DC0814,6,Américas,F,,5:00 AM - 10:00 PM,4,14001,TM0071,De La Sabana,CL 13 - KR 16
1189,F60,Portal Américas,#DC0814,6,Américas,F,,5:00 AM - 10:00 PM,5,7111,TM0069,Ricaurte,AV. NQS - CL 10
1189,F60,Portal Américas,#DC0814,6,Américas,F,,5:00 AM - 10:00 PM,6,12001,TM0076,Carrera 43 - Comapan,CL 13 - KR 43
1189,F60,Portal Américas,#DC0814,6,Américas,F,,5:00 AM - 10:00 PM,7,5107,TM0078,Distrito Grafiti,AV. Américas -  KR 53
1189,F60,Portal Américas,#DC0814,6,Américas,F,,5:00 AM - 10:00 PM,8,5100,TM0083,Banderas,AV. Américas - KR 78G
1189,F60,Portal Américas,#DC0814,6,Américas,F,,5:00 AM - 10:00 PM,9,5005,TM0084,Transversal 86,AV. Amércias - KR 80C
1189,F60,Portal Américas,#DC0814,6,Américas,F,,5:00 AM - 10:00 PM,10,5000,TM0087,Portal Américas,AV. Villavicencio - KR 86
1190,F61,Portal Américas,#DC0814,6,Américas,F,,,1,4108,TM0046,Polo - FINCOMERCIO,AC 80 - KR 27
1190,F61,Portal Américas,#DC0814,6,Américas,F,,,2,9121,TM0003,Flores,AV. Caracas - CL 69
1190,F61,Portal Américas,#DC0814,6,Américas,F,,,3,9119,TM0005,Calle 57,AV. Caracas - CL 57
1190,F61,Portal Américas,#DC0814,6,Américas,F,,,4,9115,TM0009,Calle 34,AV. Caracas - CL 33A
1190,F61,Portal Américas,#DC0814,6,Américas,F,,,5,9113,TM0011,Calle 22,AV. Caracas - CL 22
1190,F61,Portal Américas,#DC0814,6,Américas,F,,,6,12007,TM0075,Zona Industrial,CL 13 - KR 38
1190,F61,Portal Américas,#DC0814,6,Américas,F,,,7,5103,TM0080,Marsella,AV. Américas - KR 69C
1190,F61,Portal Américas,#DC0814,6,Américas,F,,,8,5100,TM0083,Banderas,AV. Américas - KR 78G
1190,F61,Portal Américas,#DC0814,6,Américas,F,,,9,5002,TM0085,Biblioteca Tintal,AV. Ciudad de Cali - 33 SUR
1190,F61,Portal Américas,#DC0814,6,Américas,F,,,10,5000,TM0087,Portal Américas,AV. Villavicencio - KR 86
347,G11,Portal Sur,#009CDE,7,NQS Sur,G,,,1,74259,Terminal A - 2 ó 5-nw,,Terminal
347,G11,Portal Sur,#009CDE,7,NQS Sur,G,,,2,74255,Calle 187 A - 2 ó 5-nw,,Calle 187
347,G11,Portal Sur,#009CDE,7,NQS Sur,G,,,3,2101,TM0028,Toberín- Foundever,Autopista Norte - CL 165
347,G11,Portal Sur,#009CDE,7,NQS Sur,G,,,4,2104,TM0025,Calle 146,Autopista Norte - CL 147
347,G11,Portal Sur,#009CDE,7,NQS Sur,G,,,5,2205,TM0019,Calle 106 - Explora maletas,Autopista Norte - CL 104A
347,G11,Portal Sur,#009CDE,7,NQS Sur,G,,,6,2302,TM0017,Virrey,Autopista Norte - CL 89
347,G11,Portal Sur,#009CDE,7,NQS Sur,G,,,7,2303,TM0016,Calle 85 - Gato Dumas,Autopista Norte - CL 83A
347,G11,Portal Sur,#009CDE,7,NQS Sur,G,,,8,2304,TM0015,Héroes - Colmena Seguros,Autopista Norte - CL 81
347,G11,Portal Sur,#009CDE,7,NQS Sur,G,,,9,4107,TM0047,Escuela Militar,AC 80 - KR 51
347,G11,Portal Sur,#009CDE,7,NQS Sur,G,,,10,7106,TM0064,Campin - UAN,AV. NQS - CL 53 Bis
347,G11,Portal Sur,#009CDE,7,NQS Sur,G,,,11,7110,TM0068,Paloquemao,AV. NQS - CL 18A
347,G11,Portal Sur,#009CDE,7,NQS Sur,G,,,12,7111,TM0069,Ricaurte,AV. NQS - CL 10
347,G11,Portal Sur,#009CDE,7,NQS Sur,G,,,13,7113,TM0089,Santa Isabel,AV. NQS - CL 1G
347,G11,Portal Sur,#009CDE,7,NQS Sur,G,,,14,7008,TM0091,NQS Calle 30 SUR,Autopista Sur - CL 30 Sur
347,G11,Portal Sur,#009CDE,7,NQS Sur,G,,,15,7005,TM0094,Alquería,Autopista Sur - KR 52A
347,G11,Portal Sur,#009CDE,7,NQS Sur,G,,,16,7002,TM0097,C.C Paseo Villa Del Rio - Madelena,Autopista Sur - KR 65
347,G11,Portal Sur,#009CDE,7,NQS Sur,G,,,17,7000,TM0099,Portal Sur - JFK Coop. Financiera,Autopista Sur - KR 73
350,G12,P. Sur,#009CDE,7,NQS Sur,G,4:30 AM - 11:00 PM,4:30 AM - 10:00 PM,1,2000,TM0029,Portal Norte - Unicervantes,Autopista Norte - CL 172A
350,G12,P. Sur,#009CDE,7,NQS Sur,G,4:30 AM - 11:00 PM,4:30 AM - 10:00 PM,2,2101,TM0028,Toberín- Foundever,Autopista Norte - CL 165
350,G12,P. Sur,#009CDE,7,NQS Sur,G,4:30 AM - 11:00 PM,4:30 AM - 10:00 PM,3,2105,TM0024,Calle 142,Autopista Norte - CL 143
350,G12,P. Sur,#009CDE,7,NQS Sur,G,4:30 AM - 11:00 PM,4:30 AM - 10:00 PM,4,2201,TM0022,Prado,Autopista Norte - CL 128B
350,G12,P. Sur,#009CDE,7,NQS Sur,G,4:30 AM - 11:00 PM,4:30 AM - 10:00 PM,5,2202,TM0021,Calle 127,Autopista Norte - CL 124
350,G12,P. Sur,#009CDE,7,NQS Sur,G,4:30 AM - 11:00 PM,4:30 AM - 10:00 PM,6,2300,TM0018,Calle 100 - Marketmedios,Autopista Norte - CL 97
350,G12,P. Sur,#009CDE,7,NQS Sur,G,4:30 AM - 11:00 PM,4:30 AM - 10:00 PM,7,7101,TM0059,La Castellana,AV. NQS - CL 86
350,G12,P. Sur,#009CDE,7,NQS Sur,G,4:30 AM - 11:00 PM,4:30 AM - 10:00 PM,8,7102,TM0060,NQS Calle 75,AV. NQS - CL 75
350,G12,P. Sur,#009CDE,7,NQS Sur,G,4:30 AM - 11:00 PM,4:30 AM - 10:00 PM,9,7104,TM0062,7 de Agosto,AV. NQS - CL 63G
350,G12,P. Sur,#009CDE,7,NQS Sur,G,4:30 AM - 11:00 PM,4:30 AM - 10:00 PM,10,7107,TM0065,Universidad Nacional,AV. NQS - CL 47
350,G12,P. Sur,#009CDE,7,NQS Sur,G,4:30 AM - 11:00 PM,4:30 AM - 10:00 PM,11,7108,TM0066,Av. Eldorado,AV. NQS - CL 40A
350,G12,P. Sur,#009CDE,7,NQS Sur,G,4:30 AM - 11:00 PM,4:30 AM - 10:00 PM,12,7111,TM0069,Ricaurte,AV. NQS - CL 10
350,G12,P. Sur,#009CDE,7,NQS Sur,G,4:30 AM - 11:00 PM,4:30 AM - 10:00 PM,13,7112,TM0088,Comuneros,AV. NQS -  CL 5
350,G12,P. Sur,#009CDE,7,NQS Sur,G,4:30 AM - 11:00 PM,4:30 AM - 10:00 PM,14,7006,TM0093,General Santander,Autopista Sur - KR 50A Bis
350,G12,P. Sur,#009CDE,7,NQS Sur,G,4:30 AM - 11:00 PM,4:30 AM - 10:00 PM,15,7001,TM0098,Perdomo,Autopista Sur - KR 72 Sur
350,G12,P. Sur,#009CDE,7,NQS Sur,G,4:30 AM - 11:00 PM,4:30 AM - 10:00 PM,16,7000,TM0099,Portal Sur - JFK Coop. Financiera,Autopista Sur - KR 73
1210,G12,G. Santander,#009CDE,7,NQS Sur,G,4:30 AM - 11:00 PM,4:30 AM - 10:00 PM,1,2000,TM0029,Portal Norte - Unicervantes,Autopista Norte - CL 172A
1210,G12,G. Santander,#009CDE,7,NQS Sur,G,4:30 AM - 11:00 PM,4:30 AM - 10:00 PM,2,2101,TM0028,Toberín- Foundever,Autopista Norte - CL 165
1210,G12,G. Santander,#009CDE,7,NQS Sur,G,4:30 AM - 11:00 PM,4:30 AM - 10:00 PM,3,2105,TM0024,Calle 142,Autopista Norte - CL 143
1210,G12,G. Santander,#009CDE,7,NQS Sur,G,4:30 AM - 11:00 PM,4:30 AM - 10:00 PM,4,2201,TM0022,Prado,Autopista Norte - CL 128B
1210,G12,G. Santander,#009CDE,7,NQS Sur,G,4:30 AM - 11:00 PM,4:30 AM - 10:00 PM,5,2202,TM0021,Calle 127,Autopista Norte - CL 124
1210,G12,G. Santander,#009CDE,7,NQS Sur,G,4:30 AM - 11:00 PM,4:30 AM - 10:00 PM,6,2300,TM0018,Calle 100 - Marketmedios,Autopista Norte - CL 97
1210,G12,G. Santander,#009CDE,7,NQS Sur,G,4:30 AM - 11:00 PM,4:30 AM - 10:00 PM,7,7101,TM0059,La Castellana,AV. NQS - CL 86
1210,G12,G. Santander,#009CDE,7,NQS Sur,G,4:30 AM - 11:00 PM,4:30 AM - 10:00 PM,8,7102,TM0060,NQS Calle 75,AV. NQS - CL 75
1210,G12,G. Santander,#009CDE,7,NQS Sur,G,4:30 AM - 11:00 PM,4:30 AM - 10:00 PM,9,7104,TM0062,7 de Agosto,AV. NQS - CL 63G
1210,G12,G. Santander,#009CDE,7,NQS Sur,G,4:30 AM - 11:00 PM,4:30 AM - 10:00 PM,10,7107,TM0065,Universidad Nacional,AV. NQS - CL 47
1210,G12,G. Santander,#009CDE,7,NQS Sur,G,4:30 AM - 11:00 PM,4:30 AM - 10:00 PM,11,7108,TM0066,Av. Eldorado,AV. NQS - CL 40A
1210,G12,G. Santander,#009CDE,7,NQS Sur,G,4:30 AM - 11:00 PM,4:30 AM - 10:00 PM,12,7111,TM0069,Ricaurte,AV. NQS - CL 10
1210,G12,G. Santander,#009CDE,7,NQS Sur,G,4:30 AM - 11:00 PM,4:30 AM - 10:00 PM,13,7112,TM0088,Comuneros,AV. NQS -  CL 5
1210,G12,G. Santander,#009CDE,7,NQS Sur,G,4:30 AM - 11:00 PM,4:30 AM - 10:00 PM,14,7006,TM0093,General Santander,Autopista Sur - KR 50A Bis
380,G22,Portal Sur,#009CDE,7,NQS Sur,G,5:00 AM - 11:00 PM,5:30 AM - 10:00 PM,1,4000,TM0058,Portal 80,Portal 80 - AC 80 - KR 96
380,G22,Portal Sur,#009CDE,7,NQS Sur,G,5:00 AM - 11:00 PM,5:30 AM - 10:00 PM,2,4004,TM0054,Granja - cra 77,Granja - Carrera 77
380,G22,Portal Sur,#009CDE,7,NQS Sur,G,5:00 AM - 11:00 PM,5:30 AM - 10:00 PM,3,4101,TM0053,Minuto De Dios,AC 80 - KR 73A
380,G22,Portal Sur,#009CDE,7,NQS Sur,G,5:00 AM - 11:00 PM,5:30 AM - 10:00 PM,4,4102,TM0052,Boyacá,AC 80 - KR 70F
380,G22,Portal Sur,#009CDE,7,NQS Sur,G,5:00 AM - 11:00 PM,5:30 AM - 10:00 PM,5,4104,TM0050,Avenida 68,AC 80 - KR 68G
380,G22,Portal Sur,#009CDE,7,NQS Sur,G,5:00 AM - 11:00 PM,5:30 AM - 10:00 PM,6,4106,TM0048,Carrera 47,AC 80 - KR 57
380,G22,Portal Sur,#009CDE,7,NQS Sur,G,5:00 AM - 11:00 PM,5:30 AM - 10:00 PM,7,7102,TM0060,NQS Calle 75,AV. NQS - CL 75
380,G22,Portal Sur,#009CDE,7,NQS Sur,G,5:00 AM - 11:00 PM,5:30 AM - 10:00 PM,8,7103,TM0061,Avenida Chile,AV. NQS - CL 71
380,G22,Portal Sur,#009CDE,7,NQS Sur,G,5:00 AM - 11:00 PM,5:30 AM - 10:00 PM,9,7107,TM0065,Universidad Nacional,AV. NQS - CL 47
380,G22,Portal Sur,#009CDE,7,NQS Sur,G,5:00 AM - 11:00 PM,5:30 AM - 10:00 PM,10,7108,TM0066,Av. Eldorado,AV. NQS - CL 40A
380,G22,Portal Sur,#009CDE,7,NQS Sur,G,5:00 AM - 11:00 PM,5:30 AM - 10:00 PM,11,7110,TM0068,Paloquemao,AV. NQS - CL 18A
380,G22,Portal Sur,#009CDE,7,NQS Sur,G,5:00 AM - 11:00 PM,5:30 AM - 10:00 PM,12,7113,TM0089,Santa Isabel,AV. NQS - CL 1G
380,G22,Portal Sur,#009CDE,7,NQS Sur,G,5:00 AM - 11:00 PM,5:30 AM - 10:00 PM,13,7006,TM0093,General Santander,Autopista Sur - KR 50A Bis
380,G22,Portal Sur,#009CDE,7,NQS Sur,G,5:00 AM - 11:00 PM,5:30 AM - 10:00 PM,14,7003,TM0096,Sevillana,Autopista Sur - KRA 61
380,G22,Portal Sur,#009CDE,7,NQS Sur,G,5:00 AM - 11:00 PM,5:30 AM - 10:00 PM,15,7000,TM0099,Portal Sur - JFK Coop. Financiera,Autopista Sur - KR 73
370,G30,PORTAL SUR,#009CDE,7,NQS Sur,G,,,1,3000,TM0045,Portal Suba,AV. Suba - AV. Ciudad de Cali
370,G30,PORTAL SUR,#009CDE,7,NQS Sur,G,,,2,3001,TM0044,La Campiña,AV. SUBA - KR 99A
370,G30,PORTAL SUR,#009CDE,7,NQS Sur,G,,,3,3002,TM0043,Suba - Tv. 91,AV. SUBA - KR 91D
370,G30,PORTAL SUR,#009CDE,7,NQS Sur,G,,,4,3005,TM0040,Suba - Av. Boyacá,AV. SUBA - AV. BOYACA
370,G30,PORTAL SUR,#009CDE,7,NQS Sur,G,,,5,3009,TM0037,Av. Suba - Calle 116,AV. SUBA - CL 116
370,G30,PORTAL SUR,#009CDE,7,NQS Sur,G,,,6,3010,TM0036,Puentelargo,AV. SUBA - CL 106
370,G30,PORTAL SUR,#009CDE,7,NQS Sur,G,,,7,3013,TM0033,Rionegro,AV SUBA - CL 90
370,G30,PORTAL SUR,#009CDE,7,NQS Sur,G,,,8,7105,TM0063,Movistar Arena,AV. NQS - CL 63
370,G30,PORTAL SUR,#009CDE,7,NQS Sur,G,,,9,7107,TM0065,Universidad Nacional,AV. NQS - CL 47
370,G30,PORTAL SUR,#009CDE,7,NQS Sur,G,,,10,7109,TM0067,CAD,AV. NQS - CL 22C
370,G30,PORTAL SUR,#009CDE,7,NQS Sur,G,,,11,7113,TM0089,Santa Isabel,AV. NQS - CL 1G
370,G30,PORTAL SUR,#009CDE,7,NQS Sur,G,,,12,7007,TM0092,NQS Calle 38A Sur,Autopista Sur - CL 38 Sur
370,G30,PORTAL SUR,#009CDE,7,NQS Sur,G,,,13,7006,TM0093,General Santander,Autopista Sur - KR 50A Bis
370,G30,PORTAL SUR,#009CDE,7,NQS Sur,G,,,14,7004,TM0095,Venecia,Autopista Sur - KR 54A
370,G30,PORTAL SUR,#009CDE,7,NQS Sur,G,,,15,7000,TM0099,Portal Sur - JFK Coop. Financiera,Autopista Sur - KR 73
776,G41,San Mateo,#009CDE,7,NQS Sur,G,,,1,10005,TM0139,Bicentenario,AK 10 - CL 6
776,G41,San Mateo,#009CDE,7,NQS Sur,G,,,2,7200,TM0148,Tygua-San José,AC 6 - KR 18
776,G41,San Mateo,#009CDE,7,NQS Sur,G,,,3,7201,TM0147,Guatoque - Veraguas,AC 6 - KR 27
776,G41,San Mateo,#009CDE,7,NQS Sur,G,,,4,7008,TM0091,NQS Calle 30 SUR,Autopista Sur - CL 30 Sur
776,G41,San Mateo,#009CDE,7,NQS Sur,G,,,5,7005,TM0094,Alquería,Autopista Sur - KR 52A
776,G41,San Mateo,#009CDE,7,NQS Sur,G,,,6,7010,TM0149,Bosa,Autopista Sur- 65A Sur
776,G41,San Mateo,#009CDE,7,NQS Sur,G,,,7,7504,TM0102,Terreros - H. Cardiovascular,KR 7 - CL 33 Soacha
776,G41,San Mateo,#009CDE,7,NQS Sur,G,,,8,7503,TM0103,San Mateo,KR 4 - CL 30 Soacha
1175,G42,San Mateo,#009CDE,7,NQS Sur,G,,5:00 AM - 10:00 PM,1,7104,TM0062,7 de Agosto,AV. NQS - CL 63G
1175,G42,San Mateo,#009CDE,7,NQS Sur,G,,5:00 AM - 10:00 PM,2,7106,TM0064,Campin - UAN,AV. NQS - CL 53 Bis
1175,G42,San Mateo,#009CDE,7,NQS Sur,G,,5:00 AM - 10:00 PM,3,7107,TM0065,Universidad Nacional,AV. NQS - CL 47
1175,G42,San Mateo,#009CDE,7,NQS Sur,G,,5:00 AM - 10:00 PM,4,7110,TM0068,Paloquemao,AV. NQS - CL 18A
1175,G42,San Mateo,#009CDE,7,NQS Sur,G,,5:00 AM - 10:00 PM,5,7112,TM0088,Comuneros,AV. NQS -  CL 5
1175,G42,San Mateo,#009CDE,7,NQS Sur,G,,5:00 AM - 10:00 PM,6,7010,TM0149,Bosa,Autopista Sur- 65A Sur
1175,G42,San Mateo,#009CDE,7,NQS Sur,G,,5:00 AM - 10:00 PM,7,7506,TM0100,La Despensa,TV 7 - CL 55 Soacha
1175,G42,San Mateo,#009CDE,7,NQS Sur,G,,5:00 AM - 10:00 PM,8,7505,TM0101,León XIII,TV 7 - CL 47 Soacha
1175,G42,San Mateo,#009CDE,7,NQS Sur,G,,5:00 AM - 10:00 PM,9,7504,TM0102,Terreros - H. Cardiovascular,KR 7 - CL 33 Soacha
1175,G42,San Mateo,#009CDE,7,NQS Sur,G,,5:00 AM - 10:00 PM,10,7503,TM0103,San Mateo,KR 4 - CL 30 Soacha
389,G43,San Mateo,#009CDE,7,NQS Sur,G,5:00 AM - 11:00 PM,4:30 AM - 10:00 PM,1,6000,TM0135,Portal El Dorado – C.C Nuestro Bogotá,AV. Eldorado - KR 91
389,G43,San Mateo,#009CDE,7,NQS Sur,G,5:00 AM - 11:00 PM,4:30 AM - 10:00 PM,2,6001,TM0134,Modelia,AV. Eldorado - KR 82
389,G43,San Mateo,#009CDE,7,NQS Sur,G,5:00 AM - 11:00 PM,4:30 AM - 10:00 PM,3,6002,TM0133,Normandia,AV. Eldorado - KR 74
389,G43,San Mateo,#009CDE,7,NQS Sur,G,5:00 AM - 11:00 PM,4:30 AM - 10:00 PM,4,6101,TM0131,El Tiempo - Cámara De Comercio De Bogotá,AV. Eldorado - KR 69
389,G43,San Mateo,#009CDE,7,NQS Sur,G,5:00 AM - 11:00 PM,4:30 AM - 10:00 PM,5,6102,TM0130,Salitre El Greco - Vive Claro,AV. Eldorado - KR 66
389,G43,San Mateo,#009CDE,7,NQS Sur,G,5:00 AM - 11:00 PM,4:30 AM - 10:00 PM,6,6104,TM0128,Gobernacion,AV. Eldorado - KR 54
389,G43,San Mateo,#009CDE,7,NQS Sur,G,5:00 AM - 11:00 PM,4:30 AM - 10:00 PM,7,6105,TM0127,Quinta Paredes,AV. Eldorado - KR 45
389,G43,San Mateo,#009CDE,7,NQS Sur,G,5:00 AM - 11:00 PM,4:30 AM - 10:00 PM,8,6106,TM0126,Corferias,AV. Eldorado - KR 40
389,G43,San Mateo,#009CDE,7,NQS Sur,G,5:00 AM - 11:00 PM,4:30 AM - 10:00 PM,9,7109,TM0067,CAD,AV. NQS - CL 22C
389,G43,San Mateo,#009CDE,7,NQS Sur,G,5:00 AM - 11:00 PM,4:30 AM - 10:00 PM,10,7111,TM0069,Ricaurte,AV. NQS - CL 10
389,G43,San Mateo,#009CDE,7,NQS Sur,G,5:00 AM - 11:00 PM,4:30 AM - 10:00 PM,11,7006,TM0093,General Santander,Autopista Sur - KR 50A Bis
389,G43,San Mateo,#009CDE,7,NQS Sur,G,5:00 AM - 11:00 PM,4:30 AM - 10:00 PM,12,7004,TM0095,Venecia,Autopista Sur - KR 54A
389,G43,San Mateo,#009CDE,7,NQS Sur,G,5:00 AM - 11:00 PM,4:30 AM - 10:00 PM,13,7506,TM0100,La Despensa,TV 7 - CL 55 Soacha
389,G43,San Mateo,#009CDE,7,NQS Sur,G,5:00 AM - 11:00 PM,4:30 AM - 10:00 PM,14,7505,TM0101,León XIII,TV 7 - CL 47 Soacha
389,G43,San Mateo,#009CDE,7,NQS Sur,G,5:00 AM - 11:00 PM,4:30 AM - 10:00 PM,15,7504,TM0102,Terreros - H. Cardiovascular,KR 7 - CL 33 Soacha
389,G43,San Mateo,#009CDE,7,NQS Sur,G,5:00 AM - 11:00 PM,4:30 AM - 10:00 PM,16,7503,TM0103,San Mateo,KR 4 - CL 30 Soacha
393,G45,San Mateo,#009CDE,7,NQS Sur,G,5:00 PM - 8:00 PM,,1,7000,TM0099,Portal Sur - JFK Coop. Financiera,Autopista Sur - KR 73
393,G45,San Mateo,#009CDE,7,NQS Sur,G,5:00 PM - 8:00 PM,,2,7010,TM0149,Bosa,Autopista Sur- 65A Sur
393,G45,San Mateo,#009CDE,7,NQS Sur,G,5:00 PM - 8:00 PM,,3,7506,TM0100,La Despensa,TV 7 - CL 55 Soacha
393,G45,San Mateo,#009CDE,7,NQS Sur,G,5:00 PM - 8:00 PM,,4,7505,TM0101,León XIII,TV 7 - CL 47 Soacha
393,G45,San Mateo,#009CDE,7,NQS Sur,G,5:00 PM - 8:00 PM,,5,7504,TM0102,Terreros - H. Cardiovascular,KR 7 - CL 33 Soacha
393,G45,San Mateo,#009CDE,7,NQS Sur,G,5:00 PM - 8:00 PM,,6,7503,TM0103,San Mateo,KR 4 - CL 30 Soacha
3929,G45,Portal Sur,#009CDE,7,NQS Sur,G,5:00 PM - 8:00 PM,,1,7503,TM0103,San Mateo,KR 4 - CL 30 Soacha
3929,G45,Portal Sur,#009CDE,7,NQS Sur,G,5:00 PM - 8:00 PM,,2,7504,TM0102,Terreros - H. Cardiovascular,KR 7 - CL 33 Soacha
3929,G45,Portal Sur,#009CDE,7,NQS Sur,G,5:00 PM - 8:00 PM,,3,7505,TM0101,León XIII,TV 7 - CL 47 Soacha
3929,G45,Portal Sur,#009CDE,7,NQS Sur,G,5:00 PM - 8:00 PM,,4,7506,TM0100,La Despensa,TV 7 - CL 55 Soacha
3929,G45,Portal Sur,#009CDE,7,NQS Sur,G,5:00 PM - 8:00 PM,,5,7010,TM0149,Bosa,Autopista Sur- 65A Sur
3929,G45,Portal Sur,#009CDE,7,NQS Sur,G,5:00 PM - 8:00 PM,,6,7000,TM0099,Portal Sur - JFK Coop. Financiera,Autopista Sur - KR 73
387,G46,San Mateo,#009CDE,7,NQS Sur,G,5:00 AM - 9:00 AM,,1,2000,TM0029,Portal Norte - Unicervantes,Autopista Norte - CL 172A
387,G46,San Mateo,#009CDE,7,NQS Sur,G,5:00 AM - 9:00 AM,,2,2101,TM0028,Toberín- Foundever,Autopista Norte - CL 165
387,G46,San Mateo,#009CDE,7,NQS Sur,G,5:00 AM - 9:00 AM,,3,2200,TM0023,Alcalá - Colegio S. Tomás Dominicos,Autopista Norte - CL 134
387,G46,San Mateo,#009CDE,7,NQS Sur,G,5:00 AM - 9:00 AM,,4,2300,TM0018,Calle 100 - Marketmedios,Autopista Norte - CL 97
387,G46,San Mateo,#009CDE,7,NQS Sur,G,5:00 AM - 9:00 AM,,5,7010,TM0149,Bosa,Autopista Sur- 65A Sur
387,G46,San Mateo,#009CDE,7,NQS Sur,G,5:00 AM - 9:00 AM,,6,7506,TM0100,La Despensa,TV 7 - CL 55 Soacha
387,G46,San Mateo,#009CDE,7,NQS Sur,G,5:00 AM - 9:00 AM,,7,7505,TM0101,León XIII,TV 7 - CL 47 Soacha
387,G46,San Mateo,#009CDE,7,NQS Sur,G,5:00 AM - 9:00 AM,,8,7504,TM0102,Terreros - H. Cardiovascular,KR 7 - CL 33 Soacha
387,G46,San Mateo,#009CDE,7,NQS Sur,G,5:00 AM - 9:00 AM,,9,7503,TM0103,San Mateo,KR 4 - CL 30 Soacha
385,G47,Portal Sur,#009CDE,7,NQS Sur,G,,5:30 AM - 10:00 PM,1,10009,TM0146,Museo Nacional,KR 7 - CL 29
385,G47,Portal Sur,#009CDE,7,NQS Sur,G,,5:30 AM - 10:00 PM,2,10008,TM0136,San Diego,AK 10 - CL 23
385,G47,Portal Sur,#009CDE,7,NQS Sur,G,,5:30 AM - 10:00 PM,3,10007,TM0137,Las Nieves,AK 10 - AC 19
385,G47,Portal Sur,#009CDE,7,NQS Sur,G,,5:30 AM - 10:00 PM,4,10006,TM0138,San Victorino,AK 10 - CL 11
385,G47,Portal Sur,#009CDE,7,NQS Sur,G,,5:30 AM - 10:00 PM,5,7200,TM0148,Tygua-San José,AC 6 - KR 18
385,G47,Portal Sur,#009CDE,7,NQS Sur,G,,5:30 AM - 10:00 PM,6,7201,TM0147,Guatoque - Veraguas,AC 6 - KR 27
385,G47,Portal Sur,#009CDE,7,NQS Sur,G,,5:30 AM - 10:00 PM,7,7112,TM0088,Comuneros,AV. NQS -  CL 5
385,G47,Portal Sur,#009CDE,7,NQS Sur,G,,5:30 AM - 10:00 PM,8,7007,TM0092,NQS Calle 38A Sur,Autopista Sur - CL 38 Sur
385,G47,Portal Sur,#009CDE,7,NQS Sur,G,,5:30 AM - 10:00 PM,9,7003,TM0096,Sevillana,Autopista Sur - KRA 61
385,G47,Portal Sur,#009CDE,7,NQS Sur,G,,5:30 AM - 10:00 PM,10,7002,TM0097,C.C Paseo Villa Del Rio - Madelena,Autopista Sur - KR 65
385,G47,Portal Sur,#009CDE,7,NQS Sur,G,,5:30 AM - 10:00 PM,11,7001,TM0098,Perdomo,Autopista Sur - KR 72 Sur
385,G47,Portal Sur,#009CDE,7,NQS Sur,G,,5:30 AM - 10:00 PM,12,7000,TM0099,Portal Sur - JFK Coop. Financiera,Autopista Sur - KR 73
12611,G48,San Mateo,#009CDE,7,NQS Sur,G,,,1,7109,TM0067,CAD,AV. NQS - CL 22C
12611,G48,San Mateo,#009CDE,7,NQS Sur,G,,,2,7111,TM0069,Ricaurte,AV. NQS - CL 10
12611,G48,San Mateo,#009CDE,7,NQS Sur,G,,,3,7113,TM0089,Santa Isabel,AV. NQS - CL 1G
12611,G48,San Mateo,#009CDE,7,NQS Sur,G,,,4,7006,TM0093,General Santander,Autopista Sur - KR 50A Bis
12611,G48,San Mateo,#009CDE,7,NQS Sur,G,,,5,7004,TM0095,Venecia,Autopista Sur - KR 54A
12611,G48,San Mateo,#009CDE,7,NQS Sur,G,,,6,7003,TM0096,Sevillana,Autopista Sur - KRA 61
12611,G48,San Mateo,#009CDE,7,NQS Sur,G,,,7,7010,TM0149,Bosa,Autopista Sur- 65A Sur
12611,G48,San Mateo,#009CDE,7,NQS Sur,G,,,8,7506,TM0100,La Despensa,TV 7 - CL 55 Soacha
12611,G48,San Mateo,#009CDE,7,NQS Sur,G,,,9,7505,TM0101,León XIII,TV 7 - CL 47 Soacha
12611,G48,San Mateo,#009CDE,7,NQS Sur,G,,,10,7504,TM0102,Terreros - H. Cardiovascular,KR 7 - CL 33 Soacha
12611,G48,San Mateo,#009CDE,7,NQS Sur,G,,,11,7503,TM0103,San Mateo,KR 4 - CL 30 Soacha
296,G52,Portal Sur,#009CDE,7,NQS Sur,G,,,1,9121,TM0003,Flores,AV. Caracas - CL 69
296,G52,Portal Sur,#009CDE,7,NQS Sur,G,,,2,9123,TM0001,Calle 76,AV. Caracas - CL 76
296,G52,Portal Sur,#009CDE,7,NQS Sur,G,,,3,7113,TM0089,Santa Isabel,AV. NQS - CL 1G
296,G52,Portal Sur,#009CDE,7,NQS Sur,G,,,4,7008,TM0091,NQS Calle 30 SUR,Autopista Sur - CL 30 Sur
296,G52,Portal Sur,#009CDE,7,NQS Sur,G,,,5,7006,TM0093,General Santander,Autopista Sur - KR 50A Bis
296,G52,Portal Sur,#009CDE,7,NQS Sur,G,,,6,7005,TM0094,Alquería,Autopista Sur - KR 52A
296,G52,Portal Sur,#009CDE,7,NQS Sur,G,,,7,7004,TM0095,Venecia,Autopista Sur - KR 54A
296,G52,Portal Sur,#009CDE,7,NQS Sur,G,,,8,7002,TM0097,C.C Paseo Villa Del Rio - Madelena,Autopista Sur - KR 65
296,G52,Portal Sur,#009CDE,7,NQS Sur,G,,,9,7001,TM0098,Perdomo,Autopista Sur - KR 72 Sur
296,G52,Portal Sur,#009CDE,7,NQS Sur,G,,,10,7000,TM0099,Portal Sur - JFK Coop. Financiera,Autopista Sur - KR 73
283,H13,P. TUNAL,#F18500,8,Caracas Sur,H,,,1,2000,TM0029,Portal Norte - Unicervantes,Autopista Norte - CL 172A
283,H13,P. TUNAL,#F18500,8,Caracas Sur,H,,,2,2102,TM0027,Calle 161,Autopista Norte - CL 161
283,H13,P. TUNAL,#F18500,8,Caracas Sur,H,,,3,2103,TM0026,Mazurén,Autopista Norte - CL 151
283,H13,P. TUNAL,#F18500,8,Caracas Sur,H,,,4,2104,TM0025,Calle 146,Autopista Norte - CL 147
283,H13,P. TUNAL,#F18500,8,Caracas Sur,H,,,5,2105,TM0024,Calle 142,Autopista Norte - CL 143
283,H13,P. TUNAL,#F18500,8,Caracas Sur,H,,,6,2202,TM0021,Calle 127,Autopista Norte - CL 124
283,H13,P. TUNAL,#F18500,8,Caracas Sur,H,,,7,2205,TM0019,Calle 106 - Explora maletas,Autopista Norte - CL 104A
283,H13,P. TUNAL,#F18500,8,Caracas Sur,H,,,8,2303,TM0016,Calle 85 - Gato Dumas,Autopista Norte - CL 83A
283,H13,P. TUNAL,#F18500,8,Caracas Sur,H,,,9,9123,TM0001,Calle 76,AV. Caracas - CL 76
283,H13,P. TUNAL,#F18500,8,Caracas Sur,H,,,10,9121,TM0003,Flores,AV. Caracas - CL 69
283,H13,P. TUNAL,#F18500,8,Caracas Sur,H,,,11,9113,TM0011,Calle 22,AV. Caracas - CL 22
283,H13,P. TUNAL,#F18500,8,Caracas Sur,H,,,12,9107,TM0105,Hortúa,AV. Caracas - CL 1 Bis Sur
283,H13,P. TUNAL,#F18500,8,Caracas Sur,H,,,13,9104,TM0108,Restrepo,AV. Caracas - CL 21 Sur
283,H13,P. TUNAL,#F18500,8,Caracas Sur,H,,,14,9101,TM0110,Quiroga,AV. Caracas - CL 33 Sur
283,H13,P. TUNAL,#F18500,8,Caracas Sur,H,,,15,9100,TM0111,Calle 40 Sur,AV. Caracas - CL 40 Sur
283,H13,P. TUNAL,#F18500,8,Caracas Sur,H,,,16,8002,TM0116,Biblioteca,KR 19C -  CL 51 Sur
283,H13,P. TUNAL,#F18500,8,Caracas Sur,H,,,17,8000,TM0119,Portal Tunal,AV. Boyacá -  AV. Villavicencio
367,H15,Portal Tunal,#F18500,8,Caracas Sur,H,,4:30 AM - 10:00 PM,1,3000,TM0045,Portal Suba,AV. Suba - AV. Ciudad de Cali
367,H15,Portal Tunal,#F18500,8,Caracas Sur,H,,4:30 AM - 10:00 PM,2,3001,TM0044,La Campiña,AV. SUBA - KR 99A
367,H15,Portal Tunal,#F18500,8,Caracas Sur,H,,4:30 AM - 10:00 PM,3,3002,TM0043,Suba - Tv. 91,AV. SUBA - KR 91D
367,H15,Portal Tunal,#F18500,8,Caracas Sur,H,,4:30 AM - 10:00 PM,4,3004,TM0041,Gratamira,AV. SUBA - CL 132A
367,H15,Portal Tunal,#F18500,8,Caracas Sur,H,,4:30 AM - 10:00 PM,5,3006,TM0039,Niza - Calle 127,AV. SUBA - CL 127D
367,H15,Portal Tunal,#F18500,8,Caracas Sur,H,,4:30 AM - 10:00 PM,6,3007,TM0038,Humedal Córdoba,AV. SUBA - CL 120
367,H15,Portal Tunal,#F18500,8,Caracas Sur,H,,4:30 AM - 10:00 PM,7,3009,TM0037,Av. Suba - Calle 116,AV. SUBA - CL 116
367,H15,Portal Tunal,#F18500,8,Caracas Sur,H,,4:30 AM - 10:00 PM,8,3013,TM0033,Rionegro,AV SUBA - CL 90
367,H15,Portal Tunal,#F18500,8,Caracas Sur,H,,4:30 AM - 10:00 PM,9,9123,TM0001,Calle 76,AV. Caracas - CL 76
367,H15,Portal Tunal,#F18500,8,Caracas Sur,H,,4:30 AM - 10:00 PM,10,9119,TM0005,Calle 57,AV. Caracas - CL 57
367,H15,Portal Tunal,#F18500,8,Caracas Sur,H,,4:30 AM - 10:00 PM,11,9118,TM0006,Marly,AV. Caracas - CL 51
367,H15,Portal Tunal,#F18500,8,Caracas Sur,H,,4:30 AM - 10:00 PM,12,9116,TM0008,Av. 39,AV. Caracas - CL 39
367,H15,Portal Tunal,#F18500,8,Caracas Sur,H,,4:30 AM - 10:00 PM,13,9113,TM0011,Calle 22,AV. Caracas - CL 22
367,H15,Portal Tunal,#F18500,8,Caracas Sur,H,,4:30 AM - 10:00 PM,14,9110,TM0013,Avenida Jiménez,AV. Caracas - CL 11
367,H15,Portal Tunal,#F18500,8,Caracas Sur,H,,4:30 AM - 10:00 PM,15,9106,TM0106,Nariño,AV. Caracas - CL 10 Sur
367,H15,Portal Tunal,#F18500,8,Caracas Sur,H,,4:30 AM - 10:00 PM,16,9103,TM0109,Olaya,AV. Caracas - CL 27 Sur
367,H15,Portal Tunal,#F18500,8,Caracas Sur,H,,4:30 AM - 10:00 PM,17,9100,TM0111,Calle 40 Sur,AV. Caracas - CL 40 Sur
367,H15,Portal Tunal,#F18500,8,Caracas Sur,H,,4:30 AM - 10:00 PM,18,8001,TM0117,Parque,KR 19C - CL 56 Sur
367,H15,Portal Tunal,#F18500,8,Caracas Sur,H,,4:30 AM - 10:00 PM,19,8000,TM0119,Portal Tunal,AV. Boyacá -  AV. Villavicencio
298,H17,Portal Usme,#F18500,8,Caracas Sur,H,,,1,3000,TM0045,Portal Suba,AV. Suba - AV. Ciudad de Cali
298,H17,Portal Usme,#F18500,8,Caracas Sur,H,,,2,3001,TM0044,La Campiña,AV. SUBA - KR 99A
298,H17,Portal Usme,#F18500,8,Caracas Sur,H,,,3,3002,TM0043,Suba - Tv. 91,AV. SUBA - KR 91D
298,H17,Portal Usme,#F18500,8,Caracas Sur,H,,,4,3006,TM0039,Niza - Calle 127,AV. SUBA - CL 127D
298,H17,Portal Usme,#F18500,8,Caracas Sur,H,,,5,3009,TM0037,Av. Suba - Calle 116,AV. SUBA - CL 116
298,H17,Portal Usme,#F18500,8,Caracas Sur,H,,,6,3010,TM0036,Puentelargo,AV. SUBA - CL 106
298,H17,Portal Usme,#F18500,8,Caracas Sur,H,,,7,90007,TM0035,Suba Calle 100,AV. SUBA - CL 100
298,H17,Portal Usme,#F18500,8,Caracas Sur,H,,,8,3012,TM0034,Suba - Calle 95,AV. SUBA - CL 95
298,H17,Portal Usme,#F18500,8,Caracas Sur,H,,,9,3014,TM0032,San Martín,AV. SUBA - CL 86A
298,H17,Portal Usme,#F18500,8,Caracas Sur,H,,,10,7104,TM0062,7 de Agosto,AV. NQS - CL 63G
298,H17,Portal Usme,#F18500,8,Caracas Sur,H,,,11,7107,TM0065,Universidad Nacional,AV. NQS - CL 47
298,H17,Portal Usme,#F18500,8,Caracas Sur,H,,,12,7108,TM0066,Av. Eldorado,AV. NQS - CL 40A
298,H17,Portal Usme,#F18500,8,Caracas Sur,H,,,13,7110,TM0068,Paloquemao,AV. NQS - CL 18A
298,H17,Portal Usme,#F18500,8,Caracas Sur,H,,,14,7201,TM0147,Guatoque - Veraguas,AC 6 - KR 27
298,H17,Portal Usme,#F18500,8,Caracas Sur,H,,,15,9107,TM0105,Hortúa,AV. Caracas - CL 1 Bis Sur
298,H17,Portal Usme,#F18500,8,Caracas Sur,H,,,16,9104,TM0108,Restrepo,AV. Caracas - CL 21 Sur
298,H17,Portal Usme,#F18500,8,Caracas Sur,H,,,17,9101,TM0110,Quiroga,AV. Caracas - CL 33 Sur
298,H17,Portal Usme,#F18500,8,Caracas Sur,H,,,18,9004,TM0112,Santa Lucía,AV. Caracas - CL 46 Sur
298,H17,Portal Usme,#F18500,8,Caracas Sur,H,,,19,9003,TM0113,Socorro,AK 15 - CL 51 SUR
298,H17,Portal Usme,#F18500,8,Caracas Sur,H,,,20,9002,TM0114,Consuelo,CL 51 Sur - KR 11
298,H17,Portal Usme,#F18500,8,Caracas Sur,H,,,21,90008,TM0190,Danubio,Danubio
298,H17,Portal Usme,#F18500,8,Caracas Sur,H,,,22,90004,TM0118,Portal Usme,AV. Caracas - CL 65 Sur
303,H20,Portal Usme,#F18500,8,Caracas Sur,H,,,1,4000,TM0058,Portal 80,Portal 80 - AC 80 - KR 96
303,H20,Portal Usme,#F18500,8,Caracas Sur,H,,,2,4001,TM0057,Quirigua,AC 80 -  KR 94
303,H20,Portal Usme,#F18500,8,Caracas Sur,H,,,3,4004,TM0054,Granja - cra 77,Granja - Carrera 77
303,H20,Portal Usme,#F18500,8,Caracas Sur,H,,,4,4102,TM0052,Boyacá,AC 80 - KR 70F
303,H20,Portal Usme,#F18500,8,Caracas Sur,H,,,5,4103,TM0051,Ferias,AC 80 - KR69T
303,H20,Portal Usme,#F18500,8,Caracas Sur,H,,,6,4104,TM0050,Avenida 68,AC 80 - KR 68G
303,H20,Portal Usme,#F18500,8,Caracas Sur,H,,,7,4108,TM0046,Polo - FINCOMERCIO,AC 80 - KR 27
303,H20,Portal Usme,#F18500,8,Caracas Sur,H,,,8,9121,TM0003,Flores,AV. Caracas - CL 69
303,H20,Portal Usme,#F18500,8,Caracas Sur,H,,,9,9115,TM0009,Calle 34,AV. Caracas - CL 33A
303,H20,Portal Usme,#F18500,8,Caracas Sur,H,,,10,9114,TM0010,Calle 26,AV. Caracas - CL 28
303,H20,Portal Usme,#F18500,8,Caracas Sur,H,,,11,9113,TM0011,Calle 22,AV. Caracas - CL 22
303,H20,Portal Usme,#F18500,8,Caracas Sur,H,,,12,9104,TM0108,Restrepo,AV. Caracas - CL 21 Sur
303,H20,Portal Usme,#F18500,8,Caracas Sur,H,,,13,9103,TM0109,Olaya,AV. Caracas - CL 27 Sur
303,H20,Portal Usme,#F18500,8,Caracas Sur,H,,,14,9101,TM0110,Quiroga,AV. Caracas - CL 33 Sur
303,H20,Portal Usme,#F18500,8,Caracas Sur,H,,,15,9100,TM0111,Calle 40 Sur,AV. Caracas - CL 40 Sur
303,H20,Portal Usme,#F18500,8,Caracas Sur,H,,,16,9001,TM0115,Molinos,CL 50A Sur - KR 7
303,H20,Portal Usme,#F18500,8,Caracas Sur,H,,,17,90004,TM0118,Portal Usme,AV. Caracas - CL 65 Sur
312,H21,PORTAL TUNAL,#F18500,8,Caracas Sur,H,4:30 AM - 11:00 PM,,1,4000,TM0058,Portal 80,Portal 80 - AC 80 - KR 96
312,H21,PORTAL TUNAL,#F18500,8,Caracas Sur,H,4:30 AM - 11:00 PM,,2,4002,TM0056,Carrera 90,AC 80 - KR 90
312,H21,PORTAL TUNAL,#F18500,8,Caracas Sur,H,4:30 AM - 11:00 PM,,3,4003,TM0055,Avenida Cali,AC 80 - KR 86
312,H21,PORTAL TUNAL,#F18500,8,Caracas Sur,H,4:30 AM - 11:00 PM,,4,4004,TM0054,Granja - cra 77,Granja - Carrera 77
312,H21,PORTAL TUNAL,#F18500,8,Caracas Sur,H,4:30 AM - 11:00 PM,,5,4101,TM0053,Minuto De Dios,AC 80 - KR 73A
312,H21,PORTAL TUNAL,#F18500,8,Caracas Sur,H,4:30 AM - 11:00 PM,,6,4104,TM0050,Avenida 68,AC 80 - KR 68G
312,H21,PORTAL TUNAL,#F18500,8,Caracas Sur,H,4:30 AM - 11:00 PM,,7,7104,TM0062,7 de Agosto,AV. NQS - CL 63G
312,H21,PORTAL TUNAL,#F18500,8,Caracas Sur,H,4:30 AM - 11:00 PM,,8,7105,TM0063,Movistar Arena,AV. NQS - CL 63
312,H21,PORTAL TUNAL,#F18500,8,Caracas Sur,H,4:30 AM - 11:00 PM,,9,7106,TM0064,Campin - UAN,AV. NQS - CL 53 Bis
312,H21,PORTAL TUNAL,#F18500,8,Caracas Sur,H,4:30 AM - 11:00 PM,,10,7111,TM0069,Ricaurte,AV. NQS - CL 10
312,H21,PORTAL TUNAL,#F18500,8,Caracas Sur,H,4:30 AM - 11:00 PM,,11,7201,TM0147,Guatoque - Veraguas,AC 6 - KR 27
312,H21,PORTAL TUNAL,#F18500,8,Caracas Sur,H,4:30 AM - 11:00 PM,,12,9105,TM0107,Fucha,AV. Caracas - CL 17A Sur
312,H21,PORTAL TUNAL,#F18500,8,Caracas Sur,H,4:30 AM - 11:00 PM,,13,9100,TM0111,Calle 40 Sur,AV. Caracas - CL 40 Sur
312,H21,PORTAL TUNAL,#F18500,8,Caracas Sur,H,4:30 AM - 11:00 PM,,14,9004,TM0112,Santa Lucía,AV. Caracas - CL 46 Sur
312,H21,PORTAL TUNAL,#F18500,8,Caracas Sur,H,4:30 AM - 11:00 PM,,15,8000,TM0119,Portal Tunal,AV. Boyacá -  AV. Villavicencio
288,H27,Portal Tunal,#F18500,8,Caracas Sur,H,,,1,2000,TM0029,Portal Norte - Unicervantes,Autopista Norte - CL 172A
288,H27,Portal Tunal,#F18500,8,Caracas Sur,H,,,2,2101,TM0028,Toberín- Foundever,Autopista Norte - CL 165
288,H27,Portal Tunal,#F18500,8,Caracas Sur,H,,,3,2300,TM0018,Calle 100 - Marketmedios,Autopista Norte - CL 97
288,H27,Portal Tunal,#F18500,8,Caracas Sur,H,,,4,2302,TM0017,Virrey,Autopista Norte - CL 89
288,H27,Portal Tunal,#F18500,8,Caracas Sur,H,,,5,2303,TM0016,Calle 85 - Gato Dumas,Autopista Norte - CL 83A
288,H27,Portal Tunal,#F18500,8,Caracas Sur,H,,,6,2304,TM0015,Héroes - Colmena Seguros,Autopista Norte - CL 81
288,H27,Portal Tunal,#F18500,8,Caracas Sur,H,,,7,9115,TM0009,Calle 34,AV. Caracas - CL 33A
288,H27,Portal Tunal,#F18500,8,Caracas Sur,H,,,8,9114,TM0010,Calle 26,AV. Caracas - CL 28
288,H27,Portal Tunal,#F18500,8,Caracas Sur,H,,,9,9110,TM0013,Avenida Jiménez,AV. Caracas - CL 11
288,H27,Portal Tunal,#F18500,8,Caracas Sur,H,,,10,9100,TM0111,Calle 40 Sur,AV. Caracas - CL 40 Sur
288,H27,Portal Tunal,#F18500,8,Caracas Sur,H,,,11,8000,TM0119,Portal Tunal,AV. Boyacá -  AV. Villavicencio
317,H54,Portal Usme,#F18500,8,Caracas Sur,H,5:30 AM - 11:00 PM,4:30 AM - 10:00 PM,1,6000,TM0135,Portal El Dorado – C.C Nuestro Bogotá,AV. Eldorado - KR 91
317,H54,Portal Usme,#F18500,8,Caracas Sur,H,5:30 AM - 11:00 PM,4:30 AM - 10:00 PM,2,6001,TM0134,Modelia,AV. Eldorado - KR 82
317,H54,Portal Usme,#F18500,8,Caracas Sur,H,5:30 AM - 11:00 PM,4:30 AM - 10:00 PM,3,6100,TM0132,Av. Rojas - UNISALESIANA,AV. Eldorado - KR 69D
317,H54,Portal Usme,#F18500,8,Caracas Sur,H,5:30 AM - 11:00 PM,4:30 AM - 10:00 PM,4,6101,TM0131,El Tiempo - Cámara De Comercio De Bogotá,AV. Eldorado - KR 69
317,H54,Portal Usme,#F18500,8,Caracas Sur,H,5:30 AM - 11:00 PM,4:30 AM - 10:00 PM,5,6102,TM0130,Salitre El Greco - Vive Claro,AV. Eldorado - KR 66
317,H54,Portal Usme,#F18500,8,Caracas Sur,H,5:30 AM - 11:00 PM,4:30 AM - 10:00 PM,6,6103,TM0129,CAN - British Council,AV. Eldorado - KR 59
317,H54,Portal Usme,#F18500,8,Caracas Sur,H,5:30 AM - 11:00 PM,4:30 AM - 10:00 PM,7,6105,TM0127,Quinta Paredes,AV. Eldorado - KR 45
317,H54,Portal Usme,#F18500,8,Caracas Sur,H,5:30 AM - 11:00 PM,4:30 AM - 10:00 PM,8,6106,TM0126,Corferias,AV. Eldorado - KR 40
317,H54,Portal Usme,#F18500,8,Caracas Sur,H,5:30 AM - 11:00 PM,4:30 AM - 10:00 PM,9,6107,TM0125,Ciudad Universitaria- Lotería de Bogotá,AV. Eldorado - KR 33A
317,H54,Portal Usme,#F18500,8,Caracas Sur,H,5:30 AM - 11:00 PM,4:30 AM - 10:00 PM,10,6108,TM0124,Concejo de Bogotá,AV. Eldorado - KR 28
317,H54,Portal Usme,#F18500,8,Caracas Sur,H,5:30 AM - 11:00 PM,4:30 AM - 10:00 PM,11,9110,TM0013,Avenida Jiménez,AV. Caracas - CL 11
317,H54,Portal Usme,#F18500,8,Caracas Sur,H,5:30 AM - 11:00 PM,4:30 AM - 10:00 PM,12,9107,TM0105,Hortúa,AV. Caracas - CL 1 Bis Sur
317,H54,Portal Usme,#F18500,8,Caracas Sur,H,5:30 AM - 11:00 PM,4:30 AM - 10:00 PM,13,9104,TM0108,Restrepo,AV. Caracas - CL 21 Sur
317,H54,Portal Usme,#F18500,8,Caracas Sur,H,5:30 AM - 11:00 PM,4:30 AM - 10:00 PM,14,9100,TM0111,Calle 40 Sur,AV. Caracas - CL 40 Sur
317,H54,Portal Usme,#F18500,8,Caracas Sur,H,5:30 AM - 11:00 PM,4:30 AM - 10:00 PM,15,9001,TM0115,Molinos,CL 50A Sur - KR 7
317,H54,Portal Usme,#F18500,8,Caracas Sur,H,5:30 AM - 11:00 PM,4:30 AM - 10:00 PM,16,90008,TM0190,Danubio,Danubio
317,H54,Portal Usme,#F18500,8,Caracas Sur,H,5:30 AM - 11:00 PM,4:30 AM - 10:00 PM,17,90004,TM0118,Portal Usme,AV. Caracas - CL 65 Sur
339,H72,P. Usme,#F18500,8,Caracas Sur,H,5:30 AM - 11:00 PM,5:00 AM - 9:00 PM,1,2101,TM0028,Toberín- Foundever,Autopista Norte - CL 165
339,H72,P. Usme,#F18500,8,Caracas Sur,H,5:30 AM - 11:00 PM,5:00 AM - 9:00 PM,2,2103,TM0026,Mazurén,Autopista Norte - CL 151
339,H72,P. Usme,#F18500,8,Caracas Sur,H,5:30 AM - 11:00 PM,5:00 AM - 9:00 PM,3,2200,TM0023,Alcalá - Colegio S. Tomás Dominicos,Autopista Norte - CL 134
339,H72,P. Usme,#F18500,8,Caracas Sur,H,5:30 AM - 11:00 PM,5:00 AM - 9:00 PM,4,2204,TM0020,Pepe Sierra - Utel Universidad,Autopista Norte - CL 114A
339,H72,P. Usme,#F18500,8,Caracas Sur,H,5:30 AM - 11:00 PM,5:00 AM - 9:00 PM,5,7101,TM0059,La Castellana,AV. NQS - CL 86
339,H72,P. Usme,#F18500,8,Caracas Sur,H,5:30 AM - 11:00 PM,5:00 AM - 9:00 PM,6,7103,TM0061,Avenida Chile,AV. NQS - CL 71
339,H72,P. Usme,#F18500,8,Caracas Sur,H,5:30 AM - 11:00 PM,5:00 AM - 9:00 PM,7,7105,TM0063,Movistar Arena,AV. NQS - CL 63
339,H72,P. Usme,#F18500,8,Caracas Sur,H,5:30 AM - 11:00 PM,5:00 AM - 9:00 PM,8,7110,TM0068,Paloquemao,AV. NQS - CL 18A
339,H72,P. Usme,#F18500,8,Caracas Sur,H,5:30 AM - 11:00 PM,5:00 AM - 9:00 PM,9,7200,TM0148,Tygua-San José,AC 6 - KR 18
339,H72,P. Usme,#F18500,8,Caracas Sur,H,5:30 AM - 11:00 PM,5:00 AM - 9:00 PM,10,9106,TM0106,Nariño,AV. Caracas - CL 10 Sur
339,H72,P. Usme,#F18500,8,Caracas Sur,H,5:30 AM - 11:00 PM,5:00 AM - 9:00 PM,11,9105,TM0107,Fucha,AV. Caracas - CL 17A Sur
339,H72,P. Usme,#F18500,8,Caracas Sur,H,5:30 AM - 11:00 PM,5:00 AM - 9:00 PM,12,9103,TM0109,Olaya,AV. Caracas - CL 27 Sur
339,H72,P. Usme,#F18500,8,Caracas Sur,H,5:30 AM - 11:00 PM,5:00 AM - 9:00 PM,13,9003,TM0113,Socorro,AK 15 - CL 51 SUR
339,H72,P. Usme,#F18500,8,Caracas Sur,H,5:30 AM - 11:00 PM,5:00 AM - 9:00 PM,14,9001,TM0115,Molinos,CL 50A Sur - KR 7
339,H72,P. Usme,#F18500,8,Caracas Sur,H,5:30 AM - 11:00 PM,5:00 AM - 9:00 PM,15,90004,TM0118,Portal Usme,AV. Caracas - CL 65 Sur
5394,H728,Danubio,#009944,,,,04:00 AM - 12:30 AM,04:00 AM - 11:30 PM,1,90004,TM0118,Portal Usme,AV. Caracas - CL 65 Sur
5394,H728,Danubio,#009944,,,,04:00 AM - 12:30 AM,04:00 AM - 11:30 PM,2,74271,008B12,Ladrillera Santafe,Ladrillera Santafe
5394,H728,Danubio,#009944,,,,04:00 AM - 12:30 AM,04:00 AM - 11:30 PM,3,53521,124A12,Br. Danubio Azul,CL 56 Sur - KR 4P
5394,H728,Danubio,#009944,,,,04:00 AM - 12:30 AM,04:00 AM - 11:30 PM,4,53708,232A12,Br. Danubio Azul,CL 56 Sur - KR 4A
5394,H728,Danubio,#009944,,,,04:00 AM - 12:30 AM,04:00 AM - 11:30 PM,5,53889,328B12,Br. Danubio Azul,CL 56 Sur - KR 2
5394,H728,Danubio,#009944,,,,04:00 AM - 12:30 AM,04:00 AM - 11:30 PM,6,53888,328A12,Br. Danubio Azul,CL 56 Sur - KR 3B
5356,H738,Portal Usme,#009944,,,,,,1,74264,HH738,Portal Usme  Av Caracas,Portal Usme H738 Av Caracas
5354,H738,Av Caracas,#009944,,,,,,1,74264,HH738,Portal Usme  Av Caracas,Portal Usme H738 Av Caracas
5354,H738,Av Caracas,#009944,,,,,,2,53311,029B12,Br. Nuevo San Andrés,AV. Caracas - DG 68B Sur
5354,H738,Av Caracas,#009944,,,,,,3,53314,031A12,Br. Cartagena,AV. Caracas - CL 69F Sur
5354,H738,Av Caracas,#009944,,,,,,4,53316,033A12,Br. La Fortaleza,AV. Caracas - CL 71F Sur
5354,H738,Av Caracas,#009944,,,,,,5,53319,035A12,Br. Santa Librada,AV. Caracas - CL 73 Sur
5354,H738,Av Caracas,#009944,,,,,,6,53323,037B12,C.C. Santa Librada,AV. Caracas - CL 74A Sur
5354,H738,Av Caracas,#009944,,,,,,7,53326,039A12,IED Miguel de Cervantes,AV. Caracas - CL 76B Sur
5354,H738,Av Caracas,#009944,,,,,,8,54112,484A12,Br. Almirante Padilla,KR 9A - CL 76A Sur
281,H75,P.USME,#F18500,8,Caracas Sur,H,5:00 AM - 11:00 PM,5:30 AM - 10:00 PM,1,2000,TM0029,Portal Norte - Unicervantes,Autopista Norte - CL 172A
281,H75,P.USME,#F18500,8,Caracas Sur,H,5:00 AM - 11:00 PM,5:30 AM - 10:00 PM,2,2101,TM0028,Toberín- Foundever,Autopista Norte - CL 165
281,H75,P.USME,#F18500,8,Caracas Sur,H,5:00 AM - 11:00 PM,5:30 AM - 10:00 PM,3,2104,TM0025,Calle 146,Autopista Norte - CL 147
281,H75,P.USME,#F18500,8,Caracas Sur,H,5:00 AM - 11:00 PM,5:30 AM - 10:00 PM,4,2105,TM0024,Calle 142,Autopista Norte - CL 143
281,H75,P.USME,#F18500,8,Caracas Sur,H,5:00 AM - 11:00 PM,5:30 AM - 10:00 PM,5,2201,TM0022,Prado,Autopista Norte - CL 128B
281,H75,P.USME,#F18500,8,Caracas Sur,H,5:00 AM - 11:00 PM,5:30 AM - 10:00 PM,6,2300,TM0018,Calle 100 - Marketmedios,Autopista Norte - CL 97
281,H75,P.USME,#F18500,8,Caracas Sur,H,5:00 AM - 11:00 PM,5:30 AM - 10:00 PM,7,2304,TM0015,Héroes - Colmena Seguros,Autopista Norte - CL 81
281,H75,P.USME,#F18500,8,Caracas Sur,H,5:00 AM - 11:00 PM,5:30 AM - 10:00 PM,8,9123,TM0001,Calle 76,AV. Caracas - CL 76
281,H75,P.USME,#F18500,8,Caracas Sur,H,5:00 AM - 11:00 PM,5:30 AM - 10:00 PM,9,9119,TM0005,Calle 57,AV. Caracas - CL 57
281,H75,P.USME,#F18500,8,Caracas Sur,H,5:00 AM - 11:00 PM,5:30 AM - 10:00 PM,10,9118,TM0006,Marly,AV. Caracas - CL 51
281,H75,P.USME,#F18500,8,Caracas Sur,H,5:00 AM - 11:00 PM,5:30 AM - 10:00 PM,11,9116,TM0008,Av. 39,AV. Caracas - CL 39
281,H75,P.USME,#F18500,8,Caracas Sur,H,5:00 AM - 11:00 PM,5:30 AM - 10:00 PM,12,9110,TM0013,Avenida Jiménez,AV. Caracas - CL 11
281,H75,P.USME,#F18500,8,Caracas Sur,H,5:00 AM - 11:00 PM,5:30 AM - 10:00 PM,13,9107,TM0105,Hortúa,AV. Caracas - CL 1 Bis Sur
281,H75,P.USME,#F18500,8,Caracas Sur,H,5:00 AM - 11:00 PM,5:30 AM - 10:00 PM,14,9106,TM0106,Nariño,AV. Caracas - CL 10 Sur
281,H75,P.USME,#F18500,8,Caracas Sur,H,5:00 AM - 11:00 PM,5:30 AM - 10:00 PM,15,9105,TM0107,Fucha,AV. Caracas - CL 17A Sur
281,H75,P.USME,#F18500,8,Caracas Sur,H,5:00 AM - 11:00 PM,5:30 AM - 10:00 PM,16,9004,TM0112,Santa Lucía,AV. Caracas - CL 46 Sur
281,H75,P.USME,#F18500,8,Caracas Sur,H,5:00 AM - 11:00 PM,5:30 AM - 10:00 PM,17,9003,TM0113,Socorro,AK 15 - CL 51 SUR
281,H75,P.USME,#F18500,8,Caracas Sur,H,5:00 AM - 11:00 PM,5:30 AM - 10:00 PM,18,9002,TM0114,Consuelo,CL 51 Sur - KR 11
281,H75,P.USME,#F18500,8,Caracas Sur,H,5:00 AM - 11:00 PM,5:30 AM - 10:00 PM,19,9001,TM0115,Molinos,CL 50A Sur - KR 7
281,H75,P.USME,#F18500,8,Caracas Sur,H,5:00 AM - 11:00 PM,5:30 AM - 10:00 PM,20,90008,TM0190,Danubio,Danubio
281,H75,P.USME,#F18500,8,Caracas Sur,H,5:00 AM - 11:00 PM,5:30 AM - 10:00 PM,21,90004,TM0118,Portal Usme,AV. Caracas - CL 65 Sur
1213,H76,Portal Usme,#F18500,8,Caracas Sur,H,,,1,6111,TM0122,Universidades CityU,KR 3 - CL 22
1213,H76,Portal Usme,#F18500,8,Caracas Sur,H,,,2,9110,TM0013,Avenida Jiménez,AV. Caracas - CL 11
1213,H76,Portal Usme,#F18500,8,Caracas Sur,H,,,3,9104,TM0108,Restrepo,AV. Caracas - CL 21 Sur
1213,H76,Portal Usme,#F18500,8,Caracas Sur,H,,,4,9100,TM0111,Calle 40 Sur,AV. Caracas - CL 40 Sur
1213,H76,Portal Usme,#F18500,8,Caracas Sur,H,,,5,9004,TM0112,Santa Lucía,AV. Caracas - CL 46 Sur
1213,H76,Portal Usme,#F18500,8,Caracas Sur,H,,,6,9003,TM0113,Socorro,AK 15 - CL 51 SUR
1213,H76,Portal Usme,#F18500,8,Caracas Sur,H,,,7,9002,TM0114,Consuelo,CL 51 Sur - KR 11
1213,H76,Portal Usme,#F18500,8,Caracas Sur,H,,,8,9001,TM0115,Molinos,CL 50A Sur - KR 7
1213,H76,Portal Usme,#F18500,8,Caracas Sur,H,,,9,90008,TM0190,Danubio,Danubio
1213,H76,Portal Usme,#F18500,8,Caracas Sur,H,,,10,90004,TM0118,Portal Usme,AV. Caracas - CL 65 Sur
645,H83,Portal Usme,#F18500,8,Caracas Sur,H,,5:00 AM - 10:00 PM,1,10009,TM0146,Museo Nacional,KR 7 - CL 29
645,H83,Portal Usme,#F18500,8,Caracas Sur,H,,5:00 AM - 10:00 PM,2,10008,TM0136,San Diego,AK 10 - CL 23
645,H83,Portal Usme,#F18500,8,Caracas Sur,H,,5:00 AM - 10:00 PM,3,10006,TM0138,San Victorino,AK 10 - CL 11
645,H83,Portal Usme,#F18500,8,Caracas Sur,H,,5:00 AM - 10:00 PM,4,10005,TM0139,Bicentenario,AK 10 - CL 6
645,H83,Portal Usme,#F18500,8,Caracas Sur,H,,5:00 AM - 10:00 PM,5,10004,TM0141,Policarpa,AK 10 - CL 2 Sur
645,H83,Portal Usme,#F18500,8,Caracas Sur,H,,5:00 AM - 10:00 PM,6,10002,TM0143,Av. Primero de Mayo,AK 10 - CL 17 Sur
645,H83,Portal Usme,#F18500,8,Caracas Sur,H,,5:00 AM - 10:00 PM,7,9101,TM0110,Quiroga,AV. Caracas - CL 33 Sur
645,H83,Portal Usme,#F18500,8,Caracas Sur,H,,5:00 AM - 10:00 PM,8,9002,TM0114,Consuelo,CL 51 Sur - KR 11
645,H83,Portal Usme,#F18500,8,Caracas Sur,H,,5:00 AM - 10:00 PM,9,90008,TM0190,Danubio,Danubio
645,H83,Portal Usme,#F18500,8,Caracas Sur,H,,5:00 AM - 10:00 PM,10,90004,TM0118,Portal Usme,AV. Caracas - CL 65 Sur
397,J23,Aguas,#E1A2AC,9,Eje Ambiental,J,4:00 AM - 11:00 PM,5:00 AM - 10:00 PM,1,5000,TM0087,Portal Américas,AV. Villavicencio - KR 86
397,J23,Aguas,#E1A2AC,9,Eje Ambiental,J,4:00 AM - 11:00 PM,5:00 AM - 10:00 PM,2,5002,TM0085,Biblioteca Tintal,AV. Ciudad de Cali - 33 SUR
397,J23,Aguas,#E1A2AC,9,Eje Ambiental,J,4:00 AM - 11:00 PM,5:00 AM - 10:00 PM,3,5100,TM0083,Banderas,AV. Américas - KR 78G
397,J23,Aguas,#E1A2AC,9,Eje Ambiental,J,4:00 AM - 11:00 PM,5:00 AM - 10:00 PM,4,5102,TM0081,Av Américas - Av. Boyacá,AV. Américas - KR 71C
397,J23,Aguas,#E1A2AC,9,Eje Ambiental,J,4:00 AM - 11:00 PM,5:00 AM - 10:00 PM,5,5105,TM0079,Pradera - Plaza Central,AV. Américas -  KR 63
397,J23,Aguas,#E1A2AC,9,Eje Ambiental,J,4:00 AM - 11:00 PM,5:00 AM - 10:00 PM,6,12000,TM0077,Puente Aranda,CL 13 - KR 47
397,J23,Aguas,#E1A2AC,9,Eje Ambiental,J,4:00 AM - 11:00 PM,5:00 AM - 10:00 PM,7,7111,TM0069,Ricaurte,AV. NQS - CL 10
397,J23,Aguas,#E1A2AC,9,Eje Ambiental,J,4:00 AM - 11:00 PM,5:00 AM - 10:00 PM,8,12004,TM0072,San Facon Carrera 22,CL 13 - KR 22
397,J23,Aguas,#E1A2AC,9,Eje Ambiental,J,4:00 AM - 11:00 PM,5:00 AM - 10:00 PM,9,14001,TM0071,De La Sabana,CL 13 - KR 16
397,J23,Aguas,#E1A2AC,9,Eje Ambiental,J,4:00 AM - 11:00 PM,5:00 AM - 10:00 PM,10,9110,TM0013,Avenida Jiménez,AV. Caracas - CL 11
397,J23,Aguas,#E1A2AC,9,Eje Ambiental,J,4:00 AM - 11:00 PM,5:00 AM - 10:00 PM,11,14004,TM0120,Museo Del Oro,AC 13 - KR 7
397,J23,Aguas,#E1A2AC,9,Eje Ambiental,J,4:00 AM - 11:00 PM,5:00 AM - 10:00 PM,12,14005,TM0121,Las Aguas - Centro Colombo Americano,KR 3 - AC 19
311,J24,Universidades,#E1A2AC,9,Eje Ambiental,J,,,1,4000,TM0058,Portal 80,Portal 80 - AC 80 - KR 96
311,J24,Universidades,#E1A2AC,9,Eje Ambiental,J,,,2,4002,TM0056,Carrera 90,AC 80 - KR 90
311,J24,Universidades,#E1A2AC,9,Eje Ambiental,J,,,3,4003,TM0055,Avenida Cali,AC 80 - KR 86
311,J24,Universidades,#E1A2AC,9,Eje Ambiental,J,,,4,4004,TM0054,Granja - cra 77,Granja - Carrera 77
311,J24,Universidades,#E1A2AC,9,Eje Ambiental,J,,,5,4101,TM0053,Minuto De Dios,AC 80 - KR 73A
311,J24,Universidades,#E1A2AC,9,Eje Ambiental,J,,,6,4106,TM0048,Carrera 47,AC 80 - KR 57
311,J24,Universidades,#E1A2AC,9,Eje Ambiental,J,,,7,4107,TM0047,Escuela Militar,AC 80 - KR 51
311,J24,Universidades,#E1A2AC,9,Eje Ambiental,J,,,8,9123,TM0001,Calle 76,AV. Caracas - CL 76
311,J24,Universidades,#E1A2AC,9,Eje Ambiental,J,,,9,9119,TM0005,Calle 57,AV. Caracas - CL 57
311,J24,Universidades,#E1A2AC,9,Eje Ambiental,J,,,10,9118,TM0006,Marly,AV. Caracas - CL 51
311,J24,Universidades,#E1A2AC,9,Eje Ambiental,J,,,11,9116,TM0008,Av. 39,AV. Caracas - CL 39
311,J24,Universidades,#E1A2AC,9,Eje Ambiental,J,,,12,6111,TM0122,Universidades CityU,KR 3 - CL 22
342,J70,Aguas,#E1A2AC,9,Eje Ambiental,J,,,1,2000,TM0029,Portal Norte - Unicervantes,Autopista Norte - CL 172A
342,J70,Aguas,#E1A2AC,9,Eje Ambiental,J,,,2,2101,TM0028,Toberín- Foundever,Autopista Norte - CL 165
342,J70,Aguas,#E1A2AC,9,Eje Ambiental,J,,,3,2103,TM0026,Mazurén,Autopista Norte - CL 151
342,J70,Aguas,#E1A2AC,9,Eje Ambiental,J,,,4,2104,TM0025,Calle 146,Autopista Norte - CL 147
342,J70,Aguas,#E1A2AC,9,Eje Ambiental,J,,,5,2105,TM0024,Calle 142,Autopista Norte - CL 143
342,J70,Aguas,#E1A2AC,9,Eje Ambiental,J,,,6,2200,TM0023,Alcalá - Colegio S. Tomás Dominicos,Autopista Norte - CL 134
342,J70,Aguas,#E1A2AC,9,Eje Ambiental,J,,,7,2201,TM0022,Prado,Autopista Norte - CL 128B
342,J70,Aguas,#E1A2AC,9,Eje Ambiental,J,,,8,2202,TM0021,Calle 127,Autopista Norte - CL 124
342,J70,Aguas,#E1A2AC,9,Eje Ambiental,J,,,9,7109,TM0067,CAD,AV. NQS - CL 22C
342,J70,Aguas,#E1A2AC,9,Eje Ambiental,J,,,10,9110,TM0013,Avenida Jiménez,AV. Caracas - CL 11
342,J70,Aguas,#E1A2AC,9,Eje Ambiental,J,,,11,14004,TM0120,Museo Del Oro,AC 13 - KR 7
342,J70,Aguas,#E1A2AC,9,Eje Ambiental,J,,,12,14005,TM0121,Las Aguas - Centro Colombo Americano,KR 3 - AC 19
376,J73,UNIVERSIDADES,#E1A2AC,9,Eje Ambiental,J,,,1,3000,TM0045,Portal Suba,AV. Suba - AV. Ciudad de Cali
376,J73,UNIVERSIDADES,#E1A2AC,9,Eje Ambiental,J,,,2,3001,TM0044,La Campiña,AV. SUBA - KR 99A
376,J73,UNIVERSIDADES,#E1A2AC,9,Eje Ambiental,J,,,3,3002,TM0043,Suba - Tv. 91,AV. SUBA - KR 91D
376,J73,UNIVERSIDADES,#E1A2AC,9,Eje Ambiental,J,,,4,3006,TM0039,Niza - Calle 127,AV. SUBA - CL 127D
376,J73,UNIVERSIDADES,#E1A2AC,9,Eje Ambiental,J,,,5,3010,TM0036,Puentelargo,AV. SUBA - CL 106
376,J73,UNIVERSIDADES,#E1A2AC,9,Eje Ambiental,J,,,6,90007,TM0035,Suba Calle 100,AV. SUBA - CL 100
376,J73,UNIVERSIDADES,#E1A2AC,9,Eje Ambiental,J,,,7,3014,TM0032,San Martín,AV. SUBA - CL 86A
376,J73,UNIVERSIDADES,#E1A2AC,9,Eje Ambiental,J,,,8,6107,TM0125,Ciudad Universitaria- Lotería de Bogotá,AV. Eldorado - KR 33A
376,J73,UNIVERSIDADES,#E1A2AC,9,Eje Ambiental,J,,,9,6109,TM0123,Centro Memoria,AV. Eldorado - KR 19B
376,J73,UNIVERSIDADES,#E1A2AC,9,Eje Ambiental,J,,,10,6111,TM0122,Universidades CityU,KR 3 - CL 22
289,J74,Universidades,#E1A2AC,9,Eje Ambiental,J,9:00 AM - 4:00 PM,,1,2000,TM0029,Portal Norte - Unicervantes,Autopista Norte - CL 172A
289,J74,Universidades,#E1A2AC,9,Eje Ambiental,J,9:00 AM - 4:00 PM,,2,2101,TM0028,Toberín- Foundever,Autopista Norte - CL 165
289,J74,Universidades,#E1A2AC,9,Eje Ambiental,J,9:00 AM - 4:00 PM,,3,2103,TM0026,Mazurén,Autopista Norte - CL 151
289,J74,Universidades,#E1A2AC,9,Eje Ambiental,J,9:00 AM - 4:00 PM,,4,2104,TM0025,Calle 146,Autopista Norte - CL 147
289,J74,Universidades,#E1A2AC,9,Eje Ambiental,J,9:00 AM - 4:00 PM,,5,2105,TM0024,Calle 142,Autopista Norte - CL 143
289,J74,Universidades,#E1A2AC,9,Eje Ambiental,J,9:00 AM - 4:00 PM,,6,2201,TM0022,Prado,Autopista Norte - CL 128B
289,J74,Universidades,#E1A2AC,9,Eje Ambiental,J,9:00 AM - 4:00 PM,,7,2302,TM0017,Virrey,Autopista Norte - CL 89
289,J74,Universidades,#E1A2AC,9,Eje Ambiental,J,9:00 AM - 4:00 PM,,8,2304,TM0015,Héroes - Colmena Seguros,Autopista Norte - CL 81
289,J74,Universidades,#E1A2AC,9,Eje Ambiental,J,9:00 AM - 4:00 PM,,9,9119,TM0005,Calle 57,AV. Caracas - CL 57
289,J74,Universidades,#E1A2AC,9,Eje Ambiental,J,9:00 AM - 4:00 PM,,10,9116,TM0008,Av. 39,AV. Caracas - CL 39
289,J74,Universidades,#E1A2AC,9,Eje Ambiental,J,9:00 AM - 4:00 PM,,11,6111,TM0122,Universidades CityU,KR 3 - CL 22
1214,J76,Universidades,#E1A2AC,9,Eje Ambiental,J,,,1,90004,TM0118,Portal Usme,AV. Caracas - CL 65 Sur
1214,J76,Universidades,#E1A2AC,9,Eje Ambiental,J,,,2,90008,TM0190,Danubio,Danubio
1214,J76,Universidades,#E1A2AC,9,Eje Ambiental,J,,,3,9001,TM0115,Molinos,CL 50A Sur - KR 7
1214,J76,Universidades,#E1A2AC,9,Eje Ambiental,J,,,4,9002,TM0114,Consuelo,CL 51 Sur - KR 11
1214,J76,Universidades,#E1A2AC,9,Eje Ambiental,J,,,5,9003,TM0113,Socorro,AK 15 - CL 51 SUR
1214,J76,Universidades,#E1A2AC,9,Eje Ambiental,J,,,6,9004,TM0112,Santa Lucía,AV. Caracas - CL 46 Sur
1214,J76,Universidades,#E1A2AC,9,Eje Ambiental,J,,,7,9100,TM0111,Calle 40 Sur,AV. Caracas - CL 40 Sur
1214,J76,Universidades,#E1A2AC,9,Eje Ambiental,J,,,8,9104,TM0108,Restrepo,AV. Caracas - CL 21 Sur
1214,J76,Universidades,#E1A2AC,9,Eje Ambiental,J,,,9,9110,TM0013,Avenida Jiménez,AV. Caracas - CL 11
1214,J76,Universidades,#E1A2AC,9,Eje Ambiental,J,,,10,6111,TM0122,Universidades CityU,KR 3 - CL 22
314,K10,P. ELDORADO,#D5B079,10,Calle 26,K,4:00 AM - 11:00 PM,,1,58218,908V12,Br. Brisas del Llano,CL 115 Sur - KR 6A Este Br. Brisas del Llano
314,K10,P. ELDORADO,#D5B079,10,Calle 26,K,4:00 AM - 11:00 PM,,2,53405,074A12,Br. Brisas del Llano,CL 115 Sur - TV 6D Este Br. Brisas del Llano
314,K10,P. ELDORADO,#D5B079,10,Calle 26,K,4:00 AM - 11:00 PM,,3,53944,369A12,Br. El Uval II Sector,CL 115 Sur - KR 6B Este
314,K10,P. ELDORADO,#D5B079,10,Calle 26,K,4:00 AM - 11:00 PM,,4,53609,167A12,IED Ciudad de Villavicencio,KR 6H Este - CL 114A Sur
314,K10,P. ELDORADO,#D5B079,10,Calle 26,K,4:00 AM - 11:00 PM,,5,53969,375A12,Br. Nuevo Porvenir,TV 6F Este – CL 105A Sur
314,K10,P. ELDORADO,#D5B079,10,Calle 26,K,4:00 AM - 11:00 PM,,6,53588,166A12,Br. Nuevo Portal,TV 6A Este – CL 101 Sur
314,K10,P. ELDORADO,#D5B079,10,Calle 26,K,4:00 AM - 11:00 PM,,7,53615,173A12,Br. Nuevo Portal,KR 5B Este – DG 98B Sur
314,K10,P. ELDORADO,#D5B079,10,Calle 26,K,4:00 AM - 11:00 PM,,8,53616,174A12,Br. Villa Hermosa,DG 98 Sur - KR 6D Este Alfonso Lopez
314,K10,P. ELDORADO,#D5B079,10,Calle 26,K,4:00 AM - 11:00 PM,,9,58344,581A12,IED Ciudad de Villavicencio,TV 6 Bis E - CL 97F S
314,K10,P. ELDORADO,#D5B079,10,Calle 26,K,4:00 AM - 11:00 PM,,10,53627,185A12,Br Alfonso López Sec El Progreso,KR 7A Este – CL 97B Sur
314,K10,P. ELDORADO,#D5B079,10,Calle 26,K,4:00 AM - 11:00 PM,,11,54056,447A12,Br. El Progreso II Sector,KR 7 Este – CL 92
314,K10,P. ELDORADO,#D5B079,10,Calle 26,K,4:00 AM - 11:00 PM,,12,58349,582A12,Br. El Progreso,KR 7 Este - CL 89C Sur
314,K10,P. ELDORADO,#D5B079,10,Calle 26,K,4:00 AM - 11:00 PM,,13,73773,595A12,Br. Casaloma,KR 7 Este - TV 8 Este
314,K10,P. ELDORADO,#D5B079,10,Calle 26,K,4:00 AM - 11:00 PM,,14,53976,385A12,Desarrollo San Felipe,TV 6 E - CL 83 A Sur
314,K10,P. ELDORADO,#D5B079,10,Calle 26,K,4:00 AM - 11:00 PM,,15,73786,384A12,El Bosque,DG 81 A Bis Sur - TV 6 E
314,K10,P. ELDORADO,#D5B079,10,Calle 26,K,4:00 AM - 11:00 PM,,16,53977,386A12,Br. El Bosque,KR 7 A E - CL 82 Bis A Sur
314,K10,P. ELDORADO,#D5B079,10,Calle 26,K,4:00 AM - 11:00 PM,,17,73858,605A12,Centro Dia San David,KR 7 Bis Este - DG 81A Sur
314,K10,P. ELDORADO,#D5B079,10,Calle 26,K,4:00 AM - 11:00 PM,,18,53694,216A12,Br. Yomasita,KR 7C E - CL 81 Bis Sur
314,K10,P. ELDORADO,#D5B079,10,Calle 26,K,4:00 AM - 11:00 PM,,19,59152,597A12,Br. Compostela,KR 7C Este - CL 80A Sur
314,K10,P. ELDORADO,#D5B079,10,Calle 26,K,4:00 AM - 11:00 PM,,20,53689,209A12,Br. Compostela I,CL 80A Sur - KR 6A Este
314,K10,P. ELDORADO,#D5B079,10,Calle 26,K,4:00 AM - 11:00 PM,,21,53667,207A12,Br. El Curubo,CL 80 A Sur - KR 5F Este
314,K10,P. ELDORADO,#D5B079,10,Calle 26,K,4:00 AM - 11:00 PM,,22,53665,204A12,Br. La Cabaña,CL 81 Sur - KR 4A E
314,K10,P. ELDORADO,#D5B079,10,Calle 26,K,4:00 AM - 11:00 PM,,23,54101,473A12,Br. Gran Yomasa II Sector,CL 81 SUR - KR 2C Este
314,K10,P. ELDORADO,#D5B079,10,Calle 26,K,4:00 AM - 11:00 PM,,24,53656,195A12,Br. La Andrea,CL 81 Sur - KR 1G Este
314,K10,P. ELDORADO,#D5B079,10,Calle 26,K,4:00 AM - 11:00 PM,,25,53654,193A12,Br. La Andrea,CL 81 Sur - KR 1A Este
314,K10,P. ELDORADO,#D5B079,10,Calle 26,K,4:00 AM - 11:00 PM,,26,53329,040B12,IED Miguel de Cervantes,AV. Caracas - CL 76B Sur
314,K10,P. ELDORADO,#D5B079,10,Calle 26,K,4:00 AM - 11:00 PM,,27,53325,038B12,C.C. Santa Librada,AV. Caracas - CL 75 Sur
314,K10,P. ELDORADO,#D5B079,10,Calle 26,K,4:00 AM - 11:00 PM,,28,53321,036B12,Br. Santa Librada,AV. Caracas - CL 74A Sur
314,K10,P. ELDORADO,#D5B079,10,Calle 26,K,4:00 AM - 11:00 PM,,29,53658,197A12,Pq Brasilia,CL 73D Sur - KR 1A
314,K10,P. ELDORADO,#D5B079,10,Calle 26,K,4:00 AM - 11:00 PM,,30,53494,113A12,Br. Santa Librada,KR 3 - CL 73B Sur
314,K10,P. ELDORADO,#D5B079,10,Calle 26,K,4:00 AM - 11:00 PM,,31,53497,117A12,Pq la Aurora,CL 71F Sur - KR 3 BIS
314,K10,P. ELDORADO,#D5B079,10,Calle 26,K,4:00 AM - 11:00 PM,,32,53262,019A12,Br. La Aurora,KR 14V - DG 69B Sur
314,K10,P. ELDORADO,#D5B079,10,Calle 26,K,4:00 AM - 11:00 PM,,33,52032,094A11,Cementerio Parque Serafín,AV. Boyacá - KR 4
314,K10,P. ELDORADO,#D5B079,10,Calle 26,K,4:00 AM - 11:00 PM,,34,52030,092A11,Cementerio Parque Serafín,AV. Boyacá - KR 8
314,K10,P. ELDORADO,#D5B079,10,Calle 26,K,4:00 AM - 11:00 PM,,35,52837,620A11,El Mochuelo Oriental,Av. Boyacá - KR 12
314,K10,P. ELDORADO,#D5B079,10,Calle 26,K,4:00 AM - 11:00 PM,,36,52085,117A11,Central de mezclas,AV. Boyacá - KR 15
314,K10,P. ELDORADO,#D5B079,10,Calle 26,K,4:00 AM - 11:00 PM,,37,52036,099A11,Central de mezclas,AV. Boyacá - KR 16D
314,K10,P. ELDORADO,#D5B079,10,Calle 26,K,4:00 AM - 11:00 PM,,38,51817,008A11,Br. México,AV. Boyacá - CL 65A Sur
314,K10,P. ELDORADO,#D5B079,10,Calle 26,K,4:00 AM - 11:00 PM,,39,59138,006C11,Br. México,AV. Boyacá - CL 63B Sur
314,K10,P. ELDORADO,#D5B079,10,Calle 26,K,4:00 AM - 11:00 PM,,40,51811,005A11,Hsp. de Meissen,AV. Boyacá - KR 18B
314,K10,P. ELDORADO,#D5B079,10,Calle 26,K,4:00 AM - 11:00 PM,,41,51805,002B11,Br. San Benito,AV. Boyacá - CL 60B Bis Sur
314,K10,P. ELDORADO,#D5B079,10,Calle 26,K,4:00 AM - 11:00 PM,,42,52022,084A11,Br. Ronda,AV. V/cio - KR 22
314,K10,P. ELDORADO,#D5B079,10,Calle 26,K,4:00 AM - 11:00 PM,,43,51932,062A11,Br. El Chircal Sur,AV. V/cio - KR 22G
314,K10,P. ELDORADO,#D5B079,10,Calle 26,K,4:00 AM - 11:00 PM,,44,52086,118A11,CADE Ciudad Bolívar,AV. V/cio - TV 32
314,K10,P. ELDORADO,#D5B079,10,Calle 26,K,4:00 AM - 11:00 PM,,45,52705,499A11,Br. Arborizadora Baja,AV. V/cio - KR 37C
314,K10,P. ELDORADO,#D5B079,10,Calle 26,K,4:00 AM - 11:00 PM,,46,51861,031A11,Br. Arborizadora Baja,AV. V/cio - KR 44
314,K10,P. ELDORADO,#D5B079,10,Calle 26,K,4:00 AM - 11:00 PM,,47,54938,030A10,Br. Verona,AV. V/cio - KR 48
314,K10,P. ELDORADO,#D5B079,10,Calle 26,K,4:00 AM - 11:00 PM,,48,55092,090A10,U. Distrital,AV. V/cio - KR 49C
314,K10,P. ELDORADO,#D5B079,10,Calle 26,K,4:00 AM - 11:00 PM,,49,55361,313A10,Br. El Ensueño,AV. V/cio - TV 63
314,K10,P. ELDORADO,#D5B079,10,Calle 26,K,4:00 AM - 11:00 PM,,50,55534,417A10,Ciudadela El Ensueño,AV. V/cio - TV 69
314,K10,P. ELDORADO,#D5B079,10,Calle 26,K,4:00 AM - 11:00 PM,,51,54937,029A10,Br. El Ensueño,AV. V/cio - TV 70D
314,K10,P. ELDORADO,#D5B079,10,Calle 26,K,4:00 AM - 11:00 PM,,52,54935,027A10,Br. Madelena,AV. V/cio - CL 63 Sur
314,K10,P. ELDORADO,#D5B079,10,Calle 26,K,4:00 AM - 11:00 PM,,53,55435,335A10,Br. Rafael Escamilla,AV. V/cio - CL 60 A Sur
314,K10,P. ELDORADO,#D5B079,10,Calle 26,K,4:00 AM - 11:00 PM,,54,55029,054A10,Br. Rafael Escamilla,AV. V/cio - Auto Sur
314,K10,P. ELDORADO,#D5B079,10,Calle 26,K,4:00 AM - 11:00 PM,,55,51192,055A09,Estación Perdomo,Auto Sur - KR 72
314,K10,P. ELDORADO,#D5B079,10,Calle 26,K,4:00 AM - 11:00 PM,,56,51239,075A09,Cementerio Jardines del Apogeo,Auto Sur - TV 74
314,K10,P. ELDORADO,#D5B079,10,Calle 26,K,4:00 AM - 11:00 PM,,57,51156,046A09,Hsp. Pablo VI Bosa,CL 63 Sur - KR 77G
314,K10,P. ELDORADO,#D5B079,10,Calle 26,K,4:00 AM - 11:00 PM,,58,51154,045A09,Centro Comunitario Bosa,CL 65 Sur - KR 77G
356,K16,P ElDorado,#D5B079,10,Calle 26,K,,,1,74261,Terminal B- 1 ó 5,,Terminal
356,K16,P ElDorado,#D5B079,10,Calle 26,K,,,2,74257,Calle 187 B - 1 ó 5,,Calle 187
356,K16,P ElDorado,#D5B079,10,Calle 26,K,,,3,2101,TM0028,Toberín- Foundever,Autopista Norte - CL 165
356,K16,P ElDorado,#D5B079,10,Calle 26,K,,,4,2103,TM0026,Mazurén,Autopista Norte - CL 151
356,K16,P ElDorado,#D5B079,10,Calle 26,K,,,5,2200,TM0023,Alcalá - Colegio S. Tomás Dominicos,Autopista Norte - CL 134
356,K16,P ElDorado,#D5B079,10,Calle 26,K,,,6,2204,TM0020,Pepe Sierra - Utel Universidad,Autopista Norte - CL 114A
356,K16,P ElDorado,#D5B079,10,Calle 26,K,,,7,7103,TM0061,Avenida Chile,AV. NQS - CL 71
356,K16,P ElDorado,#D5B079,10,Calle 26,K,,,8,7108,TM0066,Av. Eldorado,AV. NQS - CL 40A
356,K16,P ElDorado,#D5B079,10,Calle 26,K,,,9,6106,TM0126,Corferias,AV. Eldorado - KR 40
356,K16,P ElDorado,#D5B079,10,Calle 26,K,,,10,6105,TM0127,Quinta Paredes,AV. Eldorado - KR 45
356,K16,P ElDorado,#D5B079,10,Calle 26,K,,,11,6103,TM0129,CAN - British Council,AV. Eldorado - KR 59
356,K16,P ElDorado,#D5B079,10,Calle 26,K,,,12,6102,TM0130,Salitre El Greco - Vive Claro,AV. Eldorado - KR 66
356,K16,P ElDorado,#D5B079,10,Calle 26,K,,,13,6101,TM0131,El Tiempo - Cámara De Comercio De Bogotá,AV. Eldorado - KR 69
356,K16,P ElDorado,#D5B079,10,Calle 26,K,,,14,6100,TM0132,Av. Rojas - UNISALESIANA,AV. Eldorado - KR 69D
356,K16,P ElDorado,#D5B079,10,Calle 26,K,,,15,6001,TM0134,Modelia,AV. Eldorado - KR 82
356,K16,P ElDorado,#D5B079,10,Calle 26,K,,,16,6000,TM0135,Portal El Dorado – C.C Nuestro Bogotá,AV. Eldorado - KR 91
321,K23,Portal Eldorado,#D5B079,10,Calle 26,K,5:30 AM - 10:00 PM,,1,2200,TM0023,Alcalá - Colegio S. Tomás Dominicos,Autopista Norte - CL 134
321,K23,Portal Eldorado,#D5B079,10,Calle 26,K,5:30 AM - 10:00 PM,,2,2201,TM0022,Prado,Autopista Norte - CL 128B
321,K23,Portal Eldorado,#D5B079,10,Calle 26,K,5:30 AM - 10:00 PM,,3,2202,TM0021,Calle 127,Autopista Norte - CL 124
321,K23,Portal Eldorado,#D5B079,10,Calle 26,K,5:30 AM - 10:00 PM,,4,2303,TM0016,Calle 85 - Gato Dumas,Autopista Norte - CL 83A
321,K23,Portal Eldorado,#D5B079,10,Calle 26,K,5:30 AM - 10:00 PM,,5,9119,TM0005,Calle 57,AV. Caracas - CL 57
321,K23,Portal Eldorado,#D5B079,10,Calle 26,K,5:30 AM - 10:00 PM,,6,9118,TM0006,Marly,AV. Caracas - CL 51
321,K23,Portal Eldorado,#D5B079,10,Calle 26,K,5:30 AM - 10:00 PM,,7,9116,TM0008,Av. 39,AV. Caracas - CL 39
321,K23,Portal Eldorado,#D5B079,10,Calle 26,K,5:30 AM - 10:00 PM,,8,9115,TM0009,Calle 34,AV. Caracas - CL 33A
321,K23,Portal Eldorado,#D5B079,10,Calle 26,K,5:30 AM - 10:00 PM,,9,6108,TM0124,Concejo de Bogotá,AV. Eldorado - KR 28
321,K23,Portal Eldorado,#D5B079,10,Calle 26,K,5:30 AM - 10:00 PM,,10,6107,TM0125,Ciudad Universitaria- Lotería de Bogotá,AV. Eldorado - KR 33A
321,K23,Portal Eldorado,#D5B079,10,Calle 26,K,5:30 AM - 10:00 PM,,11,6104,TM0128,Gobernacion,AV. Eldorado - KR 54
321,K23,Portal Eldorado,#D5B079,10,Calle 26,K,5:30 AM - 10:00 PM,,12,6103,TM0129,CAN - British Council,AV. Eldorado - KR 59
321,K23,Portal Eldorado,#D5B079,10,Calle 26,K,5:30 AM - 10:00 PM,,13,6102,TM0130,Salitre El Greco - Vive Claro,AV. Eldorado - KR 66
321,K23,Portal Eldorado,#D5B079,10,Calle 26,K,5:30 AM - 10:00 PM,,14,6101,TM0131,El Tiempo - Cámara De Comercio De Bogotá,AV. Eldorado - KR 69
321,K23,Portal Eldorado,#D5B079,10,Calle 26,K,5:30 AM - 10:00 PM,,15,6100,TM0132,Av. Rojas - UNISALESIANA,AV. Eldorado - KR 69D
321,K23,Portal Eldorado,#D5B079,10,Calle 26,K,5:30 AM - 10:00 PM,,16,6000,TM0135,Portal El Dorado – C.C Nuestro Bogotá,AV. Eldorado - KR 91
5370,K337,Portal ElDorado,#009944,,,,04:30 AM - 12:20 AM,04:30 AM - 11:20 PM,1,52980,057A06,Br. Brisas Aldea Fontibon,AK 129 - CL 18A
5370,K337,Portal ElDorado,#009944,,,,04:30 AM - 12:20 AM,04:30 AM - 11:20 PM,2,53056,099A06,Br. Brisas Aldea Fontibón,AK 129 - CL 22C
5370,K337,Portal ElDorado,#009944,,,,04:30 AM - 12:20 AM,04:30 AM - 11:20 PM,3,53546,424A06,Br. El Ocaso,KR 127 - CL 22D Fontibon Refugio
5370,K337,Portal ElDorado,#009944,,,,04:30 AM - 12:20 AM,04:30 AM - 11:20 PM,4,52978,055A06,Br. El Refugio,AC 24 - KR 122
5370,K337,Portal ElDorado,#009944,,,,04:30 AM - 12:20 AM,04:30 AM - 11:20 PM,5,58596,282A06,Br. Puente Aranda,AC 17 - KR 52
5370,K337,Portal ElDorado,#009944,,,,04:30 AM - 12:20 AM,04:30 AM - 11:20 PM,6,52977,054A06,Br. El Refugio - La Zelfita,CL 24 - KR 118
5370,K337,Portal ElDorado,#009944,,,,04:30 AM - 12:20 AM,04:30 AM - 11:20 PM,7,52976,052A06,Pq. Zonal Atahualpa,KR 113 - CL 23D
5370,K337,Portal ElDorado,#009944,,,,04:30 AM - 12:20 AM,04:30 AM - 11:20 PM,8,53387,297A06,Br. Versalles Fontibón,CL 23D - KR 111
5370,K337,Portal ElDorado,#009944,,,,04:30 AM - 12:20 AM,04:30 AM - 11:20 PM,9,53394,316A06,Br. Versalles Fontibón,CL 23D - KR 108
5370,K337,Portal ElDorado,#009944,,,,04:30 AM - 12:20 AM,04:30 AM - 11:20 PM,10,53395,317A06,Br. La Cabaña Fontibón,CL 23D - KR 104B
5370,K337,Portal ElDorado,#009944,,,,04:30 AM - 12:20 AM,04:30 AM - 11:20 PM,11,53397,322A06,Br. La Cabaña Fontibón,CL 23D - KR 101
5370,K337,Portal ElDorado,#009944,,,,04:30 AM - 12:20 AM,04:30 AM - 11:20 PM,12,53175,158A06,Br. San José De Fontibón,KR 100 - AV. Esperanza
5370,K337,Portal ElDorado,#009944,,,,04:30 AM - 12:20 AM,04:30 AM - 11:20 PM,13,53422,329A06,Br. San José De Fontibón,DG 24C - KR 99
5370,K337,Portal ElDorado,#009944,,,,04:30 AM - 12:20 AM,04:30 AM - 11:20 PM,14,58797,411A06,Pq. Versalles,CL 23 - KR 109
5370,K337,Portal ElDorado,#009944,,,,04:30 AM - 12:20 AM,04:30 AM - 11:20 PM,15,6000,TM0135,Portal El Dorado – C.C Nuestro Bogotá,AV. Eldorado - KR 91
5369,K337,San Pablo Jericó,#009944,,,,04:30 AM - 12:20 AM,04:30 AM - 11:20 PM,1,6000,TM0135,Portal El Dorado – C.C Nuestro Bogotá,AV. Eldorado - KR 91
5369,K337,San Pablo Jericó,#009944,,,,04:30 AM - 12:20 AM,04:30 AM - 11:20 PM,2,53168,153A06,Centro Industrial La Rabida,AV. C. de Cali - DG 25G
5369,K337,San Pablo Jericó,#009944,,,,04:30 AM - 12:20 AM,04:30 AM - 11:20 PM,3,53265,189A06,Humedal de Capellanía,AV. Esperanza - KR 95A
5369,K337,San Pablo Jericó,#009944,,,,04:30 AM - 12:20 AM,04:30 AM - 11:20 PM,4,53033,093A06,Br. Ferrocaja,AK 97 - CL 23J Bis
5369,K337,San Pablo Jericó,#009944,,,,04:30 AM - 12:20 AM,04:30 AM - 11:20 PM,5,53342,248A06,Salón comunal Arabia,CL 23G - KR 98
5369,K337,San Pablo Jericó,#009944,,,,04:30 AM - 12:20 AM,04:30 AM - 11:20 PM,6,53398,325A06,Br. La Cabaña Fontibón,CL 23G - KR 101B
5369,K337,San Pablo Jericó,#009944,,,,04:30 AM - 12:20 AM,04:30 AM - 11:20 PM,7,53399,326A06,IED La Cabaña,CL 23G - KR 104B
5369,K337,San Pablo Jericó,#009944,,,,04:30 AM - 12:20 AM,04:30 AM - 11:20 PM,8,53400,327A06,Br. Los Cámbulos,CL 23G - KR 108
5369,K337,San Pablo Jericó,#009944,,,,04:30 AM - 12:20 AM,04:30 AM - 11:20 PM,9,53401,328A06,Br. Versalles Fontibón,CL 23G - KR 111
5369,K337,San Pablo Jericó,#009944,,,,04:30 AM - 12:20 AM,04:30 AM - 11:20 PM,10,53347,255A06,Conj Res Parques de Atahualpa,CL 23B - KR 113
5369,K337,San Pablo Jericó,#009944,,,,04:30 AM - 12:20 AM,04:30 AM - 11:20 PM,11,53385,293A06,Br. El Refugio - La Zelfita,CL 23B - KR 116C
5369,K337,San Pablo Jericó,#009944,,,,04:30 AM - 12:20 AM,04:30 AM - 11:20 PM,12,53346,253A06,Br. El Refugio - La Zelfita,CL 23B - KR 119
5369,K337,San Pablo Jericó,#009944,,,,04:30 AM - 12:20 AM,04:30 AM - 11:20 PM,13,58484,467A06,Br. El Refugio,CL 23B – KR 120A
5369,K337,San Pablo Jericó,#009944,,,,04:30 AM - 12:20 AM,04:30 AM - 11:20 PM,14,53348,258A06,Br. El Refugio,CL 23B - KR 122
5369,K337,San Pablo Jericó,#009944,,,,04:30 AM - 12:20 AM,04:30 AM - 11:20 PM,15,53034,096A06,Urbanización Brisas,KR 129 - CL 22G
5369,K337,San Pablo Jericó,#009944,,,,04:30 AM - 12:20 AM,04:30 AM - 11:20 PM,16,53035,098A06,Parque Industrial de Occidente,AK 129 - CL 22C
5369,K337,San Pablo Jericó,#009944,,,,04:30 AM - 12:20 AM,04:30 AM - 11:20 PM,17,52979,056A06,Brisas Aldea Fontibón,AK 129 - CL 18A
5369,K337,San Pablo Jericó,#009944,,,,04:30 AM - 12:20 AM,04:30 AM - 11:20 PM,18,58118,453A06,San Pablo Jericó,KR 126 – CL 17F
5369,K337,San Pablo Jericó,#009944,,,,04:30 AM - 12:20 AM,04:30 AM - 11:20 PM,19,53057,100A06,Br. Puente Grande,TV 128 - CL 17F
5369,K337,San Pablo Jericó,#009944,,,,04:30 AM - 12:20 AM,04:30 AM - 11:20 PM,20,52976,052A06,Pq. Zonal Atahualpa,KR 113 - CL 23D
5377,K338,El Refugio,#009944,,,,,,1,6000,TM0135,Portal El Dorado – C.C Nuestro Bogotá,AV. Eldorado - KR 91
5377,K338,El Refugio,#009944,,,,,,2,53168,153A06,Centro Industrial La Rabida,AV. C. de Cali - DG 25G
5377,K338,El Refugio,#009944,,,,,,3,53265,189A06,Humedal de Capellanía,AV. Esperanza - KR 95A
5377,K338,El Refugio,#009944,,,,,,4,53033,093A06,Br. Ferrocaja,AK 97 - CL 23J Bis
5377,K338,El Refugio,#009944,,,,,,5,53342,248A06,Salón comunal Arabia,CL 23G - KR 98
5377,K338,El Refugio,#009944,,,,,,6,53398,325A06,Br. La Cabaña Fontibón,CL 23G - KR 101B
5377,K338,El Refugio,#009944,,,,,,7,53399,326A06,IED La Cabaña,CL 23G - KR 104B
5377,K338,El Refugio,#009944,,,,,,8,53400,327A06,Br. Los Cámbulos,CL 23G - KR 108
5377,K338,El Refugio,#009944,,,,,,9,53401,328A06,Br. Versalles Fontibón,CL 23G - KR 111
5377,K338,El Refugio,#009944,,,,,,10,53347,255A06,Conj Res Parques de Atahualpa,CL 23B - KR 113
5377,K338,El Refugio,#009944,,,,,,11,53385,293A06,Br. El Refugio - La Zelfita,CL 23B - KR 116C
5377,K338,El Refugio,#009944,,,,,,12,53346,253A06,Br. El Refugio - La Zelfita,CL 23B - KR 119
5377,K338,El Refugio,#009944,,,,,,13,58484,467A06,Br. El Refugio,CL 23B – KR 120A
5377,K338,El Refugio,#009944,,,,,,14,53348,258A06,Br. El Refugio,CL 23B - KR 122
5377,K338,El Refugio,#009944,,,,,,15,52976,052A06,Pq. Zonal Atahualpa,KR 113 - CL 23D
5380,K338,Portal ElDorado,#009944,,,,,,1,52978,055A06,Br. El Refugio,AC 24 - KR 122
5380,K338,Portal ElDorado,#009944,,,,,,2,58596,282A06,Br. Puente Aranda,AC 17 - KR 52
5380,K338,Portal ElDorado,#009944,,,,,,3,52977,054A06,Br. El Refugio - La Zelfita,CL 24 - KR 118
5380,K338,Portal ElDorado,#009944,,,,,,4,52976,052A06,Pq. Zonal Atahualpa,KR 113 - CL 23D
5380,K338,Portal ElDorado,#009944,,,,,,5,53387,297A06,Br. Versalles Fontibón,CL 23D - KR 111
5380,K338,Portal ElDorado,#009944,,,,,,6,53394,316A06,Br. Versalles Fontibón,CL 23D - KR 108
5380,K338,Portal ElDorado,#009944,,,,,,7,53395,317A06,Br. La Cabaña Fontibón,CL 23D - KR 104B
5380,K338,Portal ElDorado,#009944,,,,,,8,53397,322A06,Br. La Cabaña Fontibón,CL 23D - KR 101
5380,K338,Portal ElDorado,#009944,,,,,,9,53175,158A06,Br. San José De Fontibón,KR 100 - AV. Esperanza
5380,K338,Portal ElDorado,#009944,,,,,,10,53422,329A06,Br. San José De Fontibón,DG 24C - KR 99
5380,K338,Portal ElDorado,#009944,,,,,,11,58797,411A06,Pq. Versalles,CL 23 - KR 109
5380,K338,Portal ElDorado,#009944,,,,,,12,6000,TM0135,Portal El Dorado – C.C Nuestro Bogotá,AV. Eldorado - KR 91
388,K43,Portal Eldorado,#D5B079,10,Calle 26,K,4:00 AM - 11:00 PM,4:00 AM - 10:00 PM,1,7503,TM0103,San Mateo,KR 4 - CL 30 Soacha
388,K43,Portal Eldorado,#D5B079,10,Calle 26,K,4:00 AM - 11:00 PM,4:00 AM - 10:00 PM,2,7504,TM0102,Terreros - H. Cardiovascular,KR 7 - CL 33 Soacha
388,K43,Portal Eldorado,#D5B079,10,Calle 26,K,4:00 AM - 11:00 PM,4:00 AM - 10:00 PM,3,7505,TM0101,León XIII,TV 7 - CL 47 Soacha
388,K43,Portal Eldorado,#D5B079,10,Calle 26,K,4:00 AM - 11:00 PM,4:00 AM - 10:00 PM,4,7506,TM0100,La Despensa,TV 7 - CL 55 Soacha
388,K43,Portal Eldorado,#D5B079,10,Calle 26,K,4:00 AM - 11:00 PM,4:00 AM - 10:00 PM,5,7004,TM0095,Venecia,Autopista Sur - KR 54A
388,K43,Portal Eldorado,#D5B079,10,Calle 26,K,4:00 AM - 11:00 PM,4:00 AM - 10:00 PM,6,7006,TM0093,General Santander,Autopista Sur - KR 50A Bis
388,K43,Portal Eldorado,#D5B079,10,Calle 26,K,4:00 AM - 11:00 PM,4:00 AM - 10:00 PM,7,7111,TM0069,Ricaurte,AV. NQS - CL 10
388,K43,Portal Eldorado,#D5B079,10,Calle 26,K,4:00 AM - 11:00 PM,4:00 AM - 10:00 PM,8,7109,TM0067,CAD,AV. NQS - CL 22C
388,K43,Portal Eldorado,#D5B079,10,Calle 26,K,4:00 AM - 11:00 PM,4:00 AM - 10:00 PM,9,6106,TM0126,Corferias,AV. Eldorado - KR 40
388,K43,Portal Eldorado,#D5B079,10,Calle 26,K,4:00 AM - 11:00 PM,4:00 AM - 10:00 PM,10,6105,TM0127,Quinta Paredes,AV. Eldorado - KR 45
388,K43,Portal Eldorado,#D5B079,10,Calle 26,K,4:00 AM - 11:00 PM,4:00 AM - 10:00 PM,11,6104,TM0128,Gobernacion,AV. Eldorado - KR 54
388,K43,Portal Eldorado,#D5B079,10,Calle 26,K,4:00 AM - 11:00 PM,4:00 AM - 10:00 PM,12,6102,TM0130,Salitre El Greco - Vive Claro,AV. Eldorado - KR 66
388,K43,Portal Eldorado,#D5B079,10,Calle 26,K,4:00 AM - 11:00 PM,4:00 AM - 10:00 PM,13,6101,TM0131,El Tiempo - Cámara De Comercio De Bogotá,AV. Eldorado - KR 69
388,K43,Portal Eldorado,#D5B079,10,Calle 26,K,4:00 AM - 11:00 PM,4:00 AM - 10:00 PM,14,6002,TM0133,Normandia,AV. Eldorado - KR 74
388,K43,Portal Eldorado,#D5B079,10,Calle 26,K,4:00 AM - 11:00 PM,4:00 AM - 10:00 PM,15,6001,TM0134,Modelia,AV. Eldorado - KR 82
388,K43,Portal Eldorado,#D5B079,10,Calle 26,K,4:00 AM - 11:00 PM,4:00 AM - 10:00 PM,16,6000,TM0135,Portal El Dorado – C.C Nuestro Bogotá,AV. Eldorado - KR 91
316,K54,Portal Eldorado,#D5B079,10,Calle 26,K,4:30 AM - 11:00 PM,4:30 AM - 10:00 PM,1,55038,063A10,Br. La Estancia,Auto Sur - KR 75D
316,K54,Portal Eldorado,#D5B079,10,Calle 26,K,4:30 AM - 11:00 PM,4:30 AM - 10:00 PM,2,55343,291A10,Portal del Sur,Auto Sur - KR 74
316,K54,Portal Eldorado,#D5B079,10,Calle 26,K,4:30 AM - 11:00 PM,4:30 AM - 10:00 PM,3,55037,062A10,Br. Olarte,Auto Sur - KR 73
316,K54,Portal Eldorado,#D5B079,10,Calle 26,K,4:30 AM - 11:00 PM,4:30 AM - 10:00 PM,4,55333,276A10,Br. Barlovento,KR 72 - Auto Sur
316,K54,Portal Eldorado,#D5B079,10,Calle 26,K,4:30 AM - 11:00 PM,4:30 AM - 10:00 PM,5,55252,208A10,Br. Barlovento,KR 72 - CL 60A Sur
316,K54,Portal Eldorado,#D5B079,10,Calle 26,K,4:30 AM - 11:00 PM,4:30 AM - 10:00 PM,6,55250,204A10,Br. Barlovento,KR 72 - CL 62D Sur
316,K54,Portal Eldorado,#D5B079,10,Calle 26,K,4:30 AM - 11:00 PM,4:30 AM - 10:00 PM,7,55478,382A10,Br. Perdomo,CL 63A Sur - KR 71F
316,K54,Portal Eldorado,#D5B079,10,Calle 26,K,4:30 AM - 11:00 PM,4:30 AM - 10:00 PM,8,55255,212A10,IED Ismael Perdomo,CL 63A Sur - TV 70G
316,K54,Portal Eldorado,#D5B079,10,Calle 26,K,4:30 AM - 11:00 PM,4:30 AM - 10:00 PM,9,55532,415A10,Pq. Central Bonavista,CL 63 Sur - KR 70C
316,K54,Portal Eldorado,#D5B079,10,Calle 26,K,4:30 AM - 11:00 PM,4:30 AM - 10:00 PM,10,54936,028A10,Br. El Ensueño,AV. V/cio - CL 68 Sur
316,K54,Portal Eldorado,#D5B079,10,Calle 26,K,4:30 AM - 11:00 PM,4:30 AM - 10:00 PM,11,55362,314A10,Br. El Ensueño,AV. V/cio - TV 70C
316,K54,Portal Eldorado,#D5B079,10,Calle 26,K,4:30 AM - 11:00 PM,4:30 AM - 10:00 PM,12,55389,315A10,Br. El Ensueño,AV. V/cio - TV 63
316,K54,Portal Eldorado,#D5B079,10,Calle 26,K,4:30 AM - 11:00 PM,4:30 AM - 10:00 PM,13,58348,071C10,Universidad Distrital,AV. V/cio – AV. J. Gaitán C.
316,K54,Portal Eldorado,#D5B079,10,Calle 26,K,4:30 AM - 11:00 PM,4:30 AM - 10:00 PM,14,55091,089B10,Br. Verona,AV. V/cio - KR 48
316,K54,Portal Eldorado,#D5B079,10,Calle 26,K,4:30 AM - 11:00 PM,4:30 AM - 10:00 PM,15,52666,453B11,Br. Candelaria La Nueva,AV. V/cio - KR 44C
316,K54,Portal Eldorado,#D5B079,10,Calle 26,K,4:30 AM - 11:00 PM,4:30 AM - 10:00 PM,16,51860,030B11,CAI Candelaria,AV. V/cio - KR 41A
316,K54,Portal Eldorado,#D5B079,10,Calle 26,K,4:30 AM - 11:00 PM,4:30 AM - 10:00 PM,17,51884,032B11,Br. El Satélite,AV. V/cio - KR 32
316,K54,Portal Eldorado,#D5B079,10,Calle 26,K,4:30 AM - 11:00 PM,4:30 AM - 10:00 PM,18,51931,061B11,Br. El Satélite,AV. V/cio - KR 22H
316,K54,Portal Eldorado,#D5B079,10,Calle 26,K,4:30 AM - 11:00 PM,4:30 AM - 10:00 PM,19,52027,089A11,Br.  San Francisco I Sector,DG 62 Sur - KR 22
316,K54,Portal Eldorado,#D5B079,10,Calle 26,K,4:30 AM - 11:00 PM,4:30 AM - 10:00 PM,20,52025,087A11,Br.  San Francisco I Sector,DG 62 Sur - KR 20
316,K54,Portal Eldorado,#D5B079,10,Calle 26,K,4:30 AM - 11:00 PM,4:30 AM - 10:00 PM,21,52023,085A11,Br. Lucero Alto,DG 62 Sur - KR 19
316,K54,Portal Eldorado,#D5B079,10,Calle 26,K,4:30 AM - 11:00 PM,4:30 AM - 10:00 PM,22,51809,004A11,Br. Lucero Alto,AV. Boyacá - KR 18Q
316,K54,Portal Eldorado,#D5B079,10,Calle 26,K,4:30 AM - 11:00 PM,4:30 AM - 10:00 PM,23,51815,007A11,Br. Lucero del Sur,AV. Boyacá - CL 64ABis Sur
316,K54,Portal Eldorado,#D5B079,10,Calle 26,K,4:30 AM - 11:00 PM,4:30 AM - 10:00 PM,24,51818,009A11,Br. Lucero del Sur,AV. Boyacá - CL 66 Sur
316,K54,Portal Eldorado,#D5B079,10,Calle 26,K,4:30 AM - 11:00 PM,4:30 AM - 10:00 PM,25,51898,048A11,Br. Quintas del Sur,AV. Boyacá - CL 70B Sur
316,K54,Portal Eldorado,#D5B079,10,Calle 26,K,4:30 AM - 11:00 PM,4:30 AM - 10:00 PM,26,52752,557A11,Br. Central de Mezclas,Av. Boyacá – CL 71 Sur
316,K54,Portal Eldorado,#D5B079,10,Calle 26,K,4:30 AM - 11:00 PM,4:30 AM - 10:00 PM,27,58374,537A11,Br. Acapulco,KR 14B - CL 77 Sur
316,K54,Portal Eldorado,#D5B079,10,Calle 26,K,4:30 AM - 11:00 PM,4:30 AM - 10:00 PM,28,51819,010A11,Br. Casa de Teja,AV. Boyacá - KR 15
316,K54,Portal Eldorado,#D5B079,10,Calle 26,K,4:30 AM - 11:00 PM,4:30 AM - 10:00 PM,29,52836,619A11,El Mochuelo Oriental,AV. Boyacá - KR 14Bis A
316,K54,Portal Eldorado,#D5B079,10,Calle 26,K,4:30 AM - 11:00 PM,4:30 AM - 10:00 PM,30,52029,091A11,Br. La Fiscala,AV. Boyacá - KR 8
316,K54,Portal Eldorado,#D5B079,10,Calle 26,K,4:30 AM - 11:00 PM,4:30 AM - 10:00 PM,31,52031,093A11,Cementerio Parque Serafín,AV. Boyacá - KR 4
316,K54,Portal Eldorado,#D5B079,10,Calle 26,K,4:30 AM - 11:00 PM,4:30 AM - 10:00 PM,32,73975,611A12,Br. La Aurora,CL 71 Sur - KR 3H
316,K54,Portal Eldorado,#D5B079,10,Calle 26,K,4:30 AM - 11:00 PM,4:30 AM - 10:00 PM,33,53303,020A12,Br. La Aurora,Autopista al Llano - DG 69F Sur
316,K54,Portal Eldorado,#D5B079,10,Calle 26,K,4:30 AM - 11:00 PM,4:30 AM - 10:00 PM,34,53498,118A12,Pq la Aurora,CL 71F Sur - KR 3 BIS
316,K54,Portal Eldorado,#D5B079,10,Calle 26,K,4:30 AM - 11:00 PM,4:30 AM - 10:00 PM,35,53493,112B12,Br. Santa Librada,KR 14L - CL 73 Sur
316,K54,Portal Eldorado,#D5B079,10,Calle 26,K,4:30 AM - 11:00 PM,4:30 AM - 10:00 PM,36,53657,196A12,Br. Santa Librada,CL 73D Sur - AV. Caracas
316,K54,Portal Eldorado,#D5B079,10,Calle 26,K,4:30 AM - 11:00 PM,4:30 AM - 10:00 PM,37,53322,037A12,C.C. Santa Librada,AV. Caracas - CL 74C Sur
316,K54,Portal Eldorado,#D5B079,10,Calle 26,K,4:30 AM - 11:00 PM,4:30 AM - 10:00 PM,38,54123,499A12,C.C. Santa Librada,AV. Caracas - CL 75 Sur
316,K54,Portal Eldorado,#D5B079,10,Calle 26,K,4:30 AM - 11:00 PM,4:30 AM - 10:00 PM,39,53326,039A12,IED Miguel de Cervantes,AV. Caracas - CL 76B Sur
316,K54,Portal Eldorado,#D5B079,10,Calle 26,K,4:30 AM - 11:00 PM,4:30 AM - 10:00 PM,40,53651,189A12,Br. Gran Yomasa I,CL 81 Sur - KR 1 A Este
316,K54,Portal Eldorado,#D5B079,10,Calle 26,K,4:30 AM - 11:00 PM,4:30 AM - 10:00 PM,41,53655,194A12,Br. Gran Yomasa I,CL 81 Sur - KR 8B
316,K54,Portal Eldorado,#D5B079,10,Calle 26,K,4:30 AM - 11:00 PM,4:30 AM - 10:00 PM,42,54100,472A12,Br. Gran Yomasa II Sector,CL 81 SUR - KR 2C Este
316,K54,Portal Eldorado,#D5B079,10,Calle 26,K,4:30 AM - 11:00 PM,4:30 AM - 10:00 PM,43,53664,203A12,Br. Gran Yomasa I,CL 81 Sur - KR 4 B Este
316,K54,Portal Eldorado,#D5B079,10,Calle 26,K,4:30 AM - 11:00 PM,4:30 AM - 10:00 PM,44,53666,206A12,Br. El Curubo,DG 81 Sur - KR 5B Este
316,K54,Portal Eldorado,#D5B079,10,Calle 26,K,4:30 AM - 11:00 PM,4:30 AM - 10:00 PM,45,53668,208A12,Br. Compostela I,CL 80A Sur - KR 6 Este
316,K54,Portal Eldorado,#D5B079,10,Calle 26,K,4:30 AM - 11:00 PM,4:30 AM - 10:00 PM,46,53693,215A12,Br. Compostela I,KR 7C E - CL 80A Sur
316,K54,Portal Eldorado,#D5B079,10,Calle 26,K,4:30 AM - 11:00 PM,4:30 AM - 10:00 PM,47,53692,214A12,Br. El Bosque,KR 7 A E - CL 82 Bis Sur
316,K54,Portal Eldorado,#D5B079,10,Calle 26,K,4:30 AM - 11:00 PM,4:30 AM - 10:00 PM,48,73860,607A12,Br. El Bosque,TV 7 Este - CL 82 Bis A Sur
316,K54,Portal Eldorado,#D5B079,10,Calle 26,K,4:30 AM - 11:00 PM,4:30 AM - 10:00 PM,49,53972,378A12,Br. El Bosque,DG 81 A Bis Sur - TV 6 E
316,K54,Portal Eldorado,#D5B079,10,Calle 26,K,4:30 AM - 11:00 PM,4:30 AM - 10:00 PM,50,53971,377A12,Br. San Felipe de Usme,TV 6 E - CL 83B Sur
316,K54,Portal Eldorado,#D5B079,10,Calle 26,K,4:30 AM - 11:00 PM,4:30 AM - 10:00 PM,51,58350,583A12,Br. El Progreso,KR 7 Este - CL 89C Sur
316,K54,Portal Eldorado,#D5B079,10,Calle 26,K,4:30 AM - 11:00 PM,4:30 AM - 10:00 PM,52,54060,452A12,Br. Alfonso López,KR 7 Este - CL 93 Sur
316,K54,Portal Eldorado,#D5B079,10,Calle 26,K,4:30 AM - 11:00 PM,4:30 AM - 10:00 PM,53,53622,180A12,Br. El Progreso,KR 6 Este – CL 97D Sur
316,K54,Portal Eldorado,#D5B079,10,Calle 26,K,4:30 AM - 11:00 PM,4:30 AM - 10:00 PM,54,53614,172A12,Br. Puerta al Llano,KR 5B Este – DG 99 Sur
316,K54,Portal Eldorado,#D5B079,10,Calle 26,K,4:30 AM - 11:00 PM,4:30 AM - 10:00 PM,55,53587,165A12,Br. Puerta al Llano,KR 6 Este – DG 100C Sur
316,K54,Portal Eldorado,#D5B079,10,Calle 26,K,4:30 AM - 11:00 PM,4:30 AM - 10:00 PM,56,54022,430A12,Br. El Nuevo Portal II,TV 6F Este – CL 105 Sur
316,K54,Portal Eldorado,#D5B079,10,Calle 26,K,4:30 AM - 11:00 PM,4:30 AM - 10:00 PM,57,53586,164A12,IED Ciudad de Villavicencio,KR 6H Este - CL 113A Sur
316,K54,Portal Eldorado,#D5B079,10,Calle 26,K,4:30 AM - 11:00 PM,4:30 AM - 10:00 PM,58,53404,073A12,Br. Puerta al Llano,CL 115 Sur - KR 6H Este
316,K54,Portal Eldorado,#D5B079,10,Calle 26,K,4:30 AM - 11:00 PM,4:30 AM - 10:00 PM,59,53943,368A12,Br. Brisas del Llano,CL 115 Sur - KR 6C Este Br. El Uval
5316,K86,Aeropuerto,#D5B079,10,Calle 26,K,5:30 AM - 11:00 PM,5:00 AM - 2:00 PM,1,6000,TM0135,Portal El Dorado – C.C Nuestro Bogotá,AV. Eldorado - KR 91
5316,K86,Aeropuerto,#D5B079,10,Calle 26,K,5:30 AM - 11:00 PM,5:00 AM - 2:00 PM,2,52733,194A05,CIAC,AC 26 - KR 103
5316,K86,Aeropuerto,#D5B079,10,Calle 26,K,5:30 AM - 11:00 PM,5:00 AM - 2:00 PM,3,53036,380A05,Puente Aéreo,AC 26 - KR 106
5316,K86,Aeropuerto,#D5B079,10,Calle 26,K,5:30 AM - 11:00 PM,5:00 AM - 2:00 PM,4,53037,383A05,Puente Aéreo,AC 26 - KR 106
5316,K86,Aeropuerto,#D5B079,10,Calle 26,K,5:30 AM - 11:00 PM,5:00 AM - 2:00 PM,5,53014,377B05,Aeropuerto Eldorado,Aeropuerto Eldorado
629,K86,Portal ElDorado,#D5B079,10,Calle 26,K,5:30 AM - 11:00 PM,2:00 PM - 10:00 PM,1,53014,377B05,Aeropuerto Eldorado,Aeropuerto Eldorado
629,K86,Portal ElDorado,#D5B079,10,Calle 26,K,5:30 AM - 11:00 PM,2:00 PM - 10:00 PM,2,73769,382A06,CAC,AC 26 - KR 106
629,K86,Portal ElDorado,#D5B079,10,Calle 26,K,5:30 AM - 11:00 PM,2:00 PM - 10:00 PM,3,73770,383A06,Aeronáutica Civil,AC 26 - KR 103
629,K86,Portal ElDorado,#D5B079,10,Calle 26,K,5:30 AM - 11:00 PM,2:00 PM - 10:00 PM,4,6000,TM0135,Portal El Dorado – C.C Nuestro Bogotá,AV. Eldorado - KR 91
629,K86,Portal ElDorado,#D5B079,10,Calle 26,K,5:30 AM - 11:00 PM,2:00 PM - 10:00 PM,5,71699,BD-056B,K7 - CL116 N/S B,K7 - CL116
629,K86,Portal ElDorado,#D5B079,10,Calle 26,K,5:30 AM - 11:00 PM,2:00 PM - 10:00 PM,6,71699,BD-056B,K7 - CL116 N/S B,K7 - CL116
629,K86,Portal ElDorado,#D5B079,10,Calle 26,K,5:30 AM - 11:00 PM,2:00 PM - 10:00 PM,7,71506,BD-049A,K7  -  CL 101,K7 - CL101
629,K86,Portal ElDorado,#D5B079,10,Calle 26,K,5:30 AM - 11:00 PM,2:00 PM - 10:00 PM,8,71506,BD-049A,K7  -  CL 101,K7 - CL101
629,K86,Portal ElDorado,#D5B079,10,Calle 26,K,5:30 AM - 11:00 PM,2:00 PM - 10:00 PM,9,71507,BD-038A,K7  -  CL94,K7 - CL94
629,K86,Portal ElDorado,#D5B079,10,Calle 26,K,5:30 AM - 11:00 PM,2:00 PM - 10:00 PM,10,71507,BD-038A,K7  -  CL94,K7 - CL94
629,K86,Portal ElDorado,#D5B079,10,Calle 26,K,5:30 AM - 11:00 PM,2:00 PM - 10:00 PM,11,71508,BD-036A,K7 - CL90,K7 - CL90
629,K86,Portal ElDorado,#D5B079,10,Calle 26,K,5:30 AM - 11:00 PM,2:00 PM - 10:00 PM,12,71508,BD-036A,K7 - CL90,K7 - CL90
629,K86,Portal ElDorado,#D5B079,10,Calle 26,K,5:30 AM - 11:00 PM,2:00 PM - 10:00 PM,13,71509,BD-034A,K7  -  CL86,K7 - CL86
629,K86,Portal ElDorado,#D5B079,10,Calle 26,K,5:30 AM - 11:00 PM,2:00 PM - 10:00 PM,14,71509,BD-034A,K7  -  CL86,K7 - CL86
629,K86,Portal ElDorado,#D5B079,10,Calle 26,K,5:30 AM - 11:00 PM,2:00 PM - 10:00 PM,15,71510,BD-032A,K7  -  CL81,K7 - CL81
629,K86,Portal ElDorado,#D5B079,10,Calle 26,K,5:30 AM - 11:00 PM,2:00 PM - 10:00 PM,16,71510,BD-032A,K7  -  CL81,K7 - CL81
629,K86,Portal ElDorado,#D5B079,10,Calle 26,K,5:30 AM - 11:00 PM,2:00 PM - 10:00 PM,17,71511,BD-029B,K7 - CL74 N/S B,K7 - CL74
629,K86,Portal ElDorado,#D5B079,10,Calle 26,K,5:30 AM - 11:00 PM,2:00 PM - 10:00 PM,18,71511,BD-029B,K7 - CL74 N/S B,K7 - CL74
629,K86,Portal ElDorado,#D5B079,10,Calle 26,K,5:30 AM - 11:00 PM,2:00 PM - 10:00 PM,19,71408,BD-018B,K7 - CL71 N/S B,K7 - CL71
629,K86,Portal ElDorado,#D5B079,10,Calle 26,K,5:30 AM - 11:00 PM,2:00 PM - 10:00 PM,20,71408,BD-018B,K7 - CL71 N/S B,K7 - CL71
629,K86,Portal ElDorado,#D5B079,10,Calle 26,K,5:30 AM - 11:00 PM,2:00 PM - 10:00 PM,21,73079,BD-016B,K7- CL66 N/S B,K7 - CL66
629,K86,Portal ElDorado,#D5B079,10,Calle 26,K,5:30 AM - 11:00 PM,2:00 PM - 10:00 PM,22,73079,BD-016B,K7- CL66 N/S B,K7 - CL66
629,K86,Portal ElDorado,#D5B079,10,Calle 26,K,5:30 AM - 11:00 PM,2:00 PM - 10:00 PM,23,71410,BD-014A,K7 - CL60 N/S A,K7 - CL60
629,K86,Portal ElDorado,#D5B079,10,Calle 26,K,5:30 AM - 11:00 PM,2:00 PM - 10:00 PM,24,71410,BD-014A,K7 - CL60 N/S A,K7 - CL60
629,K86,Portal ElDorado,#D5B079,10,Calle 26,K,5:30 AM - 11:00 PM,2:00 PM - 10:00 PM,25,71411,BD-012A,K7 - CL55 N/S A,K7 - CL55
629,K86,Portal ElDorado,#D5B079,10,Calle 26,K,5:30 AM - 11:00 PM,2:00 PM - 10:00 PM,26,71411,BD-012A,K7 - CL55 N/S A,K7 - CL55
629,K86,Portal ElDorado,#D5B079,10,Calle 26,K,5:30 AM - 11:00 PM,2:00 PM - 10:00 PM,27,71412,BD-010A,K7 - CL51,K7 - CL51
629,K86,Portal ElDorado,#D5B079,10,Calle 26,K,5:30 AM - 11:00 PM,2:00 PM - 10:00 PM,28,71412,BD-010A,K7 - CL51,K7 - CL51
629,K86,Portal ElDorado,#D5B079,10,Calle 26,K,5:30 AM - 11:00 PM,2:00 PM - 10:00 PM,29,73076,BD-006B,K7 - CL40 N/S B,K7 - CL40
629,K86,Portal ElDorado,#D5B079,10,Calle 26,K,5:30 AM - 11:00 PM,2:00 PM - 10:00 PM,30,73076,BD-006B,K7 - CL40 N/S B,K7 - CL40
629,K86,Portal ElDorado,#D5B079,10,Calle 26,K,5:30 AM - 11:00 PM,2:00 PM - 10:00 PM,31,10009,TM0146,Museo Nacional,KR 7 - CL 29
629,K86,Portal ElDorado,#D5B079,10,Calle 26,K,5:30 AM - 11:00 PM,2:00 PM - 10:00 PM,32,10009,TM0146,Museo Nacional,KR 7 - CL 29
629,K86,Portal ElDorado,#D5B079,10,Calle 26,K,5:30 AM - 11:00 PM,2:00 PM - 10:00 PM,33,6108,TM0124,Concejo de Bogotá,AV. Eldorado - KR 28
629,K86,Portal ElDorado,#D5B079,10,Calle 26,K,5:30 AM - 11:00 PM,2:00 PM - 10:00 PM,34,6108,TM0124,Concejo de Bogotá,AV. Eldorado - KR 28
629,K86,Portal ElDorado,#D5B079,10,Calle 26,K,5:30 AM - 11:00 PM,2:00 PM - 10:00 PM,35,6106,TM0126,Corferias,AV. Eldorado - KR 40
629,K86,Portal ElDorado,#D5B079,10,Calle 26,K,5:30 AM - 11:00 PM,2:00 PM - 10:00 PM,36,6106,TM0126,Corferias,AV. Eldorado - KR 40
629,K86,Portal ElDorado,#D5B079,10,Calle 26,K,5:30 AM - 11:00 PM,2:00 PM - 10:00 PM,37,6104,TM0128,Gobernacion,AV. Eldorado - KR 54
629,K86,Portal ElDorado,#D5B079,10,Calle 26,K,5:30 AM - 11:00 PM,2:00 PM - 10:00 PM,38,6104,TM0128,Gobernacion,AV. Eldorado - KR 54
629,K86,Portal ElDorado,#D5B079,10,Calle 26,K,5:30 AM - 11:00 PM,2:00 PM - 10:00 PM,39,6103,TM0129,CAN - British Council,AV. Eldorado - KR 59
629,K86,Portal ElDorado,#D5B079,10,Calle 26,K,5:30 AM - 11:00 PM,2:00 PM - 10:00 PM,40,6103,TM0129,CAN - British Council,AV. Eldorado - KR 59
629,K86,Portal ElDorado,#D5B079,10,Calle 26,K,5:30 AM - 11:00 PM,2:00 PM - 10:00 PM,41,6101,TM0131,El Tiempo - Cámara De Comercio De Bogotá,AV. Eldorado - KR 69
629,K86,Portal ElDorado,#D5B079,10,Calle 26,K,5:30 AM - 11:00 PM,2:00 PM - 10:00 PM,42,6101,TM0131,El Tiempo - Cámara De Comercio De Bogotá,AV. Eldorado - KR 69
629,K86,Portal ElDorado,#D5B079,10,Calle 26,K,5:30 AM - 11:00 PM,2:00 PM - 10:00 PM,43,6100,TM0132,Av. Rojas - UNISALESIANA,AV. Eldorado - KR 69D
629,K86,Portal ElDorado,#D5B079,10,Calle 26,K,5:30 AM - 11:00 PM,2:00 PM - 10:00 PM,44,6100,TM0132,Av. Rojas - UNISALESIANA,AV. Eldorado - KR 69D
629,K86,Portal ElDorado,#D5B079,10,Calle 26,K,5:30 AM - 11:00 PM,2:00 PM - 10:00 PM,45,6000,TM0135,Portal El Dorado – C.C Nuestro Bogotá,AV. Eldorado - KR 91
629,K86,Portal ElDorado,#D5B079,10,Calle 26,K,5:30 AM - 11:00 PM,2:00 PM - 10:00 PM,46,52733,194A05,CIAC,AC 26 - KR 103
629,K86,Portal ElDorado,#D5B079,10,Calle 26,K,5:30 AM - 11:00 PM,2:00 PM - 10:00 PM,47,53036,380A05,Puente Aéreo,AC 26 - KR 106
629,K86,Portal ElDorado,#D5B079,10,Calle 26,K,5:30 AM - 11:00 PM,2:00 PM - 10:00 PM,48,53037,383A05,Puente Aéreo,AC 26 - KR 106
629,K86,Portal ElDorado,#D5B079,10,Calle 26,K,5:30 AM - 11:00 PM,2:00 PM - 10:00 PM,49,53014,377B05,Aeropuerto Eldorado,Aeropuerto Eldorado
629,K86,Portal ElDorado,#D5B079,10,Calle 26,K,5:30 AM - 11:00 PM,2:00 PM - 10:00 PM,50,73769,382A06,CAC,AC 26 - KR 106
629,K86,Portal ElDorado,#D5B079,10,Calle 26,K,5:30 AM - 11:00 PM,2:00 PM - 10:00 PM,51,73770,383A06,Aeronáutica Civil,AC 26 - KR 103
629,K86,Portal ElDorado,#D5B079,10,Calle 26,K,5:30 AM - 11:00 PM,2:00 PM - 10:00 PM,52,6000,TM0135,Portal El Dorado – C.C Nuestro Bogotá,AV. Eldorado - KR 91
11488,K86,Portal ElDorado,#D5B079,10,Calle 26,K,,5:00 AM - 2:00 PM,1,53014,377B05,Aeropuerto Eldorado,Aeropuerto Eldorado
11488,K86,Portal ElDorado,#D5B079,10,Calle 26,K,,5:00 AM - 2:00 PM,2,73769,382A06,CAC,AC 26 - KR 106
11488,K86,Portal ElDorado,#D5B079,10,Calle 26,K,,5:00 AM - 2:00 PM,3,73770,383A06,Aeronáutica Civil,AC 26 - KR 103
11488,K86,Portal ElDorado,#D5B079,10,Calle 26,K,,5:00 AM - 2:00 PM,4,6000,TM0135,Portal El Dorado – C.C Nuestro Bogotá,AV. Eldorado - KR 91
11488,K86,Portal ElDorado,#D5B079,10,Calle 26,K,,5:00 AM - 2:00 PM,5,71699,BD-056B,K7 - CL116 N/S B,K7 - CL116
11488,K86,Portal ElDorado,#D5B079,10,Calle 26,K,,5:00 AM - 2:00 PM,6,71699,BD-056B,K7 - CL116 N/S B,K7 - CL116
11488,K86,Portal ElDorado,#D5B079,10,Calle 26,K,,5:00 AM - 2:00 PM,7,71506,BD-049A,K7  -  CL 101,K7 - CL101
11488,K86,Portal ElDorado,#D5B079,10,Calle 26,K,,5:00 AM - 2:00 PM,8,71506,BD-049A,K7  -  CL 101,K7 - CL101
11488,K86,Portal ElDorado,#D5B079,10,Calle 26,K,,5:00 AM - 2:00 PM,9,71507,BD-038A,K7  -  CL94,K7 - CL94
11488,K86,Portal ElDorado,#D5B079,10,Calle 26,K,,5:00 AM - 2:00 PM,10,71507,BD-038A,K7  -  CL94,K7 - CL94
11488,K86,Portal ElDorado,#D5B079,10,Calle 26,K,,5:00 AM - 2:00 PM,11,71508,BD-036A,K7 - CL90,K7 - CL90
11488,K86,Portal ElDorado,#D5B079,10,Calle 26,K,,5:00 AM - 2:00 PM,12,71508,BD-036A,K7 - CL90,K7 - CL90
11488,K86,Portal ElDorado,#D5B079,10,Calle 26,K,,5:00 AM - 2:00 PM,13,71509,BD-034A,K7  -  CL86,K7 - CL86
11488,K86,Portal ElDorado,#D5B079,10,Calle 26,K,,5:00 AM - 2:00 PM,14,71509,BD-034A,K7  -  CL86,K7 - CL86
11488,K86,Portal ElDorado,#D5B079,10,Calle 26,K,,5:00 AM - 2:00 PM,15,71510,BD-032A,K7  -  CL81,K7 - CL81
11488,K86,Portal ElDorado,#D5B079,10,Calle 26,K,,5:00 AM - 2:00 PM,16,71510,BD-032A,K7  -  CL81,K7 - CL81
11488,K86,Portal ElDorado,#D5B079,10,Calle 26,K,,5:00 AM - 2:00 PM,17,71511,BD-029B,K7 - CL74 N/S B,K7 - CL74
11488,K86,Portal ElDorado,#D5B079,10,Calle 26,K,,5:00 AM - 2:00 PM,18,71511,BD-029B,K7 - CL74 N/S B,K7 - CL74
11488,K86,Portal ElDorado,#D5B079,10,Calle 26,K,,5:00 AM - 2:00 PM,19,71408,BD-018B,K7 - CL71 N/S B,K7 - CL71
11488,K86,Portal ElDorado,#D5B079,10,Calle 26,K,,5:00 AM - 2:00 PM,20,71408,BD-018B,K7 - CL71 N/S B,K7 - CL71
11488,K86,Portal ElDorado,#D5B079,10,Calle 26,K,,5:00 AM - 2:00 PM,21,73079,BD-016B,K7- CL66 N/S B,K7 - CL66
11488,K86,Portal ElDorado,#D5B079,10,Calle 26,K,,5:00 AM - 2:00 PM,22,73079,BD-016B,K7- CL66 N/S B,K7 - CL66
11488,K86,Portal ElDorado,#D5B079,10,Calle 26,K,,5:00 AM - 2:00 PM,23,71410,BD-014A,K7 - CL60 N/S A,K7 - CL60
11488,K86,Portal ElDorado,#D5B079,10,Calle 26,K,,5:00 AM - 2:00 PM,24,71410,BD-014A,K7 - CL60 N/S A,K7 - CL60
11488,K86,Portal ElDorado,#D5B079,10,Calle 26,K,,5:00 AM - 2:00 PM,25,71411,BD-012A,K7 - CL55 N/S A,K7 - CL55
11488,K86,Portal ElDorado,#D5B079,10,Calle 26,K,,5:00 AM - 2:00 PM,26,71411,BD-012A,K7 - CL55 N/S A,K7 - CL55
11488,K86,Portal ElDorado,#D5B079,10,Calle 26,K,,5:00 AM - 2:00 PM,27,71412,BD-010A,K7 - CL51,K7 - CL51
11488,K86,Portal ElDorado,#D5B079,10,Calle 26,K,,5:00 AM - 2:00 PM,28,71412,BD-010A,K7 - CL51,K7 - CL51
11488,K86,Portal ElDorado,#D5B079,10,Calle 26,K,,5:00 AM - 2:00 PM,29,73076,BD-006B,K7 - CL40 N/S B,K7 - CL40
11488,K86,Portal ElDorado,#D5B079,10,Calle 26,K,,5:00 AM - 2:00 PM,30,73076,BD-006B,K7 - CL40 N/S B,K7 - CL40
11488,K86,Portal ElDorado,#D5B079,10,Calle 26,K,,5:00 AM - 2:00 PM,31,10009,TM0146,Museo Nacional,KR 7 - CL 29
11488,K86,Portal ElDorado,#D5B079,10,Calle 26,K,,5:00 AM - 2:00 PM,32,10009,TM0146,Museo Nacional,KR 7 - CL 29
11488,K86,Portal ElDorado,#D5B079,10,Calle 26,K,,5:00 AM - 2:00 PM,33,6108,TM0124,Concejo de Bogotá,AV. Eldorado - KR 28
11488,K86,Portal ElDorado,#D5B079,10,Calle 26,K,,5:00 AM - 2:00 PM,34,6108,TM0124,Concejo de Bogotá,AV. Eldorado - KR 28
11488,K86,Portal ElDorado,#D5B079,10,Calle 26,K,,5:00 AM - 2:00 PM,35,6106,TM0126,Corferias,AV. Eldorado - KR 40
11488,K86,Portal ElDorado,#D5B079,10,Calle 26,K,,5:00 AM - 2:00 PM,36,6106,TM0126,Corferias,AV. Eldorado - KR 40
11488,K86,Portal ElDorado,#D5B079,10,Calle 26,K,,5:00 AM - 2:00 PM,37,6104,TM0128,Gobernacion,AV. Eldorado - KR 54
11488,K86,Portal ElDorado,#D5B079,10,Calle 26,K,,5:00 AM - 2:00 PM,38,6104,TM0128,Gobernacion,AV. Eldorado - KR 54
11488,K86,Portal ElDorado,#D5B079,10,Calle 26,K,,5:00 AM - 2:00 PM,39,6103,TM0129,CAN - British Council,AV. Eldorado - KR 59
11488,K86,Portal ElDorado,#D5B079,10,Calle 26,K,,5:00 AM - 2:00 PM,40,6103,TM0129,CAN - British Council,AV. Eldorado - KR 59
11488,K86,Portal ElDorado,#D5B079,10,Calle 26,K,,5:00 AM - 2:00 PM,41,6101,TM0131,El Tiempo - Cámara De Comercio De Bogotá,AV. Eldorado - KR 69
11488,K86,Portal ElDorado,#D5B079,10,Calle 26,K,,5:00 AM - 2:00 PM,42,6101,TM0131,El Tiempo - Cámara De Comercio De Bogotá,AV. Eldorado - KR 69
11488,K86,Portal ElDorado,#D5B079,10,Calle 26,K,,5:00 AM - 2:00 PM,43,6100,TM0132,Av. Rojas - UNISALESIANA,AV. Eldorado - KR 69D
11488,K86,Portal ElDorado,#D5B079,10,Calle 26,K,,5:00 AM - 2:00 PM,44,6100,TM0132,Av. Rojas - UNISALESIANA,AV. Eldorado - KR 69D
11488,K86,Portal ElDorado,#D5B079,10,Calle 26,K,,5:00 AM - 2:00 PM,45,6000,TM0135,Portal El Dorado – C.C Nuestro Bogotá,AV. Eldorado - KR 91
11488,K86,Portal ElDorado,#D5B079,10,Calle 26,K,,5:00 AM - 2:00 PM,46,52733,194A05,CIAC,AC 26 - KR 103
11488,K86,Portal ElDorado,#D5B079,10,Calle 26,K,,5:00 AM - 2:00 PM,47,53036,380A05,Puente Aéreo,AC 26 - KR 106
11488,K86,Portal ElDorado,#D5B079,10,Calle 26,K,,5:00 AM - 2:00 PM,48,53037,383A05,Puente Aéreo,AC 26 - KR 106
11488,K86,Portal ElDorado,#D5B079,10,Calle 26,K,,5:00 AM - 2:00 PM,49,53014,377B05,Aeropuerto Eldorado,Aeropuerto Eldorado
11488,K86,Portal ElDorado,#D5B079,10,Calle 26,K,,5:00 AM - 2:00 PM,50,73769,382A06,CAC,AC 26 - KR 106
11488,K86,Portal ElDorado,#D5B079,10,Calle 26,K,,5:00 AM - 2:00 PM,51,73770,383A06,Aeronáutica Civil,AC 26 - KR 103
11488,K86,Portal ElDorado,#D5B079,10,Calle 26,K,,5:00 AM - 2:00 PM,52,6000,TM0135,Portal El Dorado – C.C Nuestro Bogotá,AV. Eldorado - KR 91
315,L10,P. 20 DE JULIO,#009A9D,11,Carrera 10,L,5:00 AM - 11:00 PM,,1,6000,TM0135,Portal El Dorado – C.C Nuestro Bogotá,AV. Eldorado - KR 91
315,L10,P. 20 DE JULIO,#009A9D,11,Carrera 10,L,5:00 AM - 11:00 PM,,2,6001,TM0134,Modelia,AV. Eldorado - KR 82
315,L10,P. 20 DE JULIO,#009A9D,11,Carrera 10,L,5:00 AM - 11:00 PM,,3,6002,TM0133,Normandia,AV. Eldorado - KR 74
315,L10,P. 20 DE JULIO,#009A9D,11,Carrera 10,L,5:00 AM - 11:00 PM,,4,6102,TM0130,Salitre El Greco - Vive Claro,AV. Eldorado - KR 66
315,L10,P. 20 DE JULIO,#009A9D,11,Carrera 10,L,5:00 AM - 11:00 PM,,5,6103,TM0129,CAN - British Council,AV. Eldorado - KR 59
315,L10,P. 20 DE JULIO,#009A9D,11,Carrera 10,L,5:00 AM - 11:00 PM,,6,6104,TM0128,Gobernacion,AV. Eldorado - KR 54
315,L10,P. 20 DE JULIO,#009A9D,11,Carrera 10,L,5:00 AM - 11:00 PM,,7,6107,TM0125,Ciudad Universitaria- Lotería de Bogotá,AV. Eldorado - KR 33A
315,L10,P. 20 DE JULIO,#009A9D,11,Carrera 10,L,5:00 AM - 11:00 PM,,8,6109,TM0123,Centro Memoria,AV. Eldorado - KR 19B
315,L10,P. 20 DE JULIO,#009A9D,11,Carrera 10,L,5:00 AM - 11:00 PM,,9,10007,TM0137,Las Nieves,AK 10 - AC 19
315,L10,P. 20 DE JULIO,#009A9D,11,Carrera 10,L,5:00 AM - 11:00 PM,,10,10006,TM0138,San Victorino,AK 10 - CL 11
315,L10,P. 20 DE JULIO,#009A9D,11,Carrera 10,L,5:00 AM - 11:00 PM,,11,10005,TM0139,Bicentenario,AK 10 - CL 6
315,L10,P. 20 DE JULIO,#009A9D,11,Carrera 10,L,5:00 AM - 11:00 PM,,12,10010,TM0140,Estación San Bernardo,AK 10 - CL 1
315,L10,P. 20 DE JULIO,#009A9D,11,Carrera 10,L,5:00 AM - 11:00 PM,,13,10003,TM0142,Ciudad Jardín - UAN,AK 10 - CL 11 Sur
315,L10,P. 20 DE JULIO,#009A9D,11,Carrera 10,L,5:00 AM - 11:00 PM,,14,10002,TM0143,Av. Primero de Mayo,AK 10 - CL 17 Sur
315,L10,P. 20 DE JULIO,#009A9D,11,Carrera 10,L,5:00 AM - 11:00 PM,,15,10000,TM0145,Portal 20  de Julio,KR 5A - CL 30D Sur
319,L18,PORTAL 20 DE JULIO,#009A9D,11,Carrera 10,L,,4:30 AM - 10:00 PM,1,74261,Terminal B- 1 ó 5,,Terminal
319,L18,PORTAL 20 DE JULIO,#009A9D,11,Carrera 10,L,,4:30 AM - 10:00 PM,2,74257,Calle 187 B - 1 ó 5,,Calle 187
319,L18,PORTAL 20 DE JULIO,#009A9D,11,Carrera 10,L,,4:30 AM - 10:00 PM,3,2200,TM0023,Alcalá - Colegio S. Tomás Dominicos,Autopista Norte - CL 134
319,L18,PORTAL 20 DE JULIO,#009A9D,11,Carrera 10,L,,4:30 AM - 10:00 PM,4,2202,TM0021,Calle 127,Autopista Norte - CL 124
319,L18,PORTAL 20 DE JULIO,#009A9D,11,Carrera 10,L,,4:30 AM - 10:00 PM,5,2204,TM0020,Pepe Sierra - Utel Universidad,Autopista Norte - CL 114A
319,L18,PORTAL 20 DE JULIO,#009A9D,11,Carrera 10,L,,4:30 AM - 10:00 PM,6,2302,TM0017,Virrey,Autopista Norte - CL 89
319,L18,PORTAL 20 DE JULIO,#009A9D,11,Carrera 10,L,,4:30 AM - 10:00 PM,7,9123,TM0001,Calle 76,AV. Caracas - CL 76
319,L18,PORTAL 20 DE JULIO,#009A9D,11,Carrera 10,L,,4:30 AM - 10:00 PM,8,9116,TM0008,Av. 39,AV. Caracas - CL 39
319,L18,PORTAL 20 DE JULIO,#009A9D,11,Carrera 10,L,,4:30 AM - 10:00 PM,9,9115,TM0009,Calle 34,AV. Caracas - CL 33A
319,L18,PORTAL 20 DE JULIO,#009A9D,11,Carrera 10,L,,4:30 AM - 10:00 PM,10,9110,TM0013,Avenida Jiménez,AV. Caracas - CL 11
319,L18,PORTAL 20 DE JULIO,#009A9D,11,Carrera 10,L,,4:30 AM - 10:00 PM,11,10005,TM0139,Bicentenario,AK 10 - CL 6
319,L18,PORTAL 20 DE JULIO,#009A9D,11,Carrera 10,L,,4:30 AM - 10:00 PM,12,10010,TM0140,Estación San Bernardo,AK 10 - CL 1
319,L18,PORTAL 20 DE JULIO,#009A9D,11,Carrera 10,L,,4:30 AM - 10:00 PM,13,10004,TM0141,Policarpa,AK 10 - CL 2 Sur
319,L18,PORTAL 20 DE JULIO,#009A9D,11,Carrera 10,L,,4:30 AM - 10:00 PM,14,10002,TM0143,Av. Primero de Mayo,AK 10 - CL 17 Sur
319,L18,PORTAL 20 DE JULIO,#009A9D,11,Carrera 10,L,,4:30 AM - 10:00 PM,15,10001,TM0144,Country Sur,AK 10 - CL 27 Sur
319,L18,PORTAL 20 DE JULIO,#009A9D,11,Carrera 10,L,,4:30 AM - 10:00 PM,16,10000,TM0145,Portal 20  de Julio,KR 5A - CL 30D Sur
778,L25,Portal 20 de Julio,#009A9D,11,Carrera 10,L,,5:00 AM - 10:00 PM,1,3000,TM0045,Portal Suba,AV. Suba - AV. Ciudad de Cali
778,L25,Portal 20 de Julio,#009A9D,11,Carrera 10,L,,5:00 AM - 10:00 PM,2,3001,TM0044,La Campiña,AV. SUBA - KR 99A
778,L25,Portal 20 de Julio,#009A9D,11,Carrera 10,L,,5:00 AM - 10:00 PM,3,3002,TM0043,Suba - Tv. 91,AV. SUBA - KR 91D
778,L25,Portal 20 de Julio,#009A9D,11,Carrera 10,L,,5:00 AM - 10:00 PM,4,3003,TM0042,21 Ángeles,AV. SUBA - KR 83
778,L25,Portal 20 de Julio,#009A9D,11,Carrera 10,L,,5:00 AM - 10:00 PM,5,3005,TM0040,Suba - Av. Boyacá,AV. SUBA - AV. BOYACA
778,L25,Portal 20 de Julio,#009A9D,11,Carrera 10,L,,5:00 AM - 10:00 PM,6,3006,TM0039,Niza - Calle 127,AV. SUBA - CL 127D
778,L25,Portal 20 de Julio,#009A9D,11,Carrera 10,L,,5:00 AM - 10:00 PM,7,3012,TM0034,Suba - Calle 95,AV. SUBA - CL 95
778,L25,Portal 20 de Julio,#009A9D,11,Carrera 10,L,,5:00 AM - 10:00 PM,8,3014,TM0032,San Martín,AV. SUBA - CL 86A
778,L25,Portal 20 de Julio,#009A9D,11,Carrera 10,L,,5:00 AM - 10:00 PM,9,7102,TM0060,NQS Calle 75,AV. NQS - CL 75
778,L25,Portal 20 de Julio,#009A9D,11,Carrera 10,L,,5:00 AM - 10:00 PM,10,7103,TM0061,Avenida Chile,AV. NQS - CL 71
778,L25,Portal 20 de Julio,#009A9D,11,Carrera 10,L,,5:00 AM - 10:00 PM,11,7105,TM0063,Movistar Arena,AV. NQS - CL 63
778,L25,Portal 20 de Julio,#009A9D,11,Carrera 10,L,,5:00 AM - 10:00 PM,12,7106,TM0064,Campin - UAN,AV. NQS - CL 53 Bis
778,L25,Portal 20 de Julio,#009A9D,11,Carrera 10,L,,5:00 AM - 10:00 PM,13,7111,TM0069,Ricaurte,AV. NQS - CL 10
778,L25,Portal 20 de Julio,#009A9D,11,Carrera 10,L,,5:00 AM - 10:00 PM,14,7201,TM0147,Guatoque - Veraguas,AC 6 - KR 27
778,L25,Portal 20 de Julio,#009A9D,11,Carrera 10,L,,5:00 AM - 10:00 PM,15,7200,TM0148,Tygua-San José,AC 6 - KR 18
778,L25,Portal 20 de Julio,#009A9D,11,Carrera 10,L,,5:00 AM - 10:00 PM,16,10005,TM0139,Bicentenario,AK 10 - CL 6
778,L25,Portal 20 de Julio,#009A9D,11,Carrera 10,L,,5:00 AM - 10:00 PM,17,10010,TM0140,Estación San Bernardo,AK 10 - CL 1
778,L25,Portal 20 de Julio,#009A9D,11,Carrera 10,L,,5:00 AM - 10:00 PM,18,10002,TM0143,Av. Primero de Mayo,AK 10 - CL 17 Sur
778,L25,Portal 20 de Julio,#009A9D,11,Carrera 10,L,,5:00 AM - 10:00 PM,19,10001,TM0144,Country Sur,AK 10 - CL 27 Sur
778,L25,Portal 20 de Julio,#009A9D,11,Carrera 10,L,,5:00 AM - 10:00 PM,20,10000,TM0145,Portal 20  de Julio,KR 5A - CL 30D Sur
775,L41,Bicentenario,#009A9D,11,Carrera 10,L,,,1,7503,TM0103,San Mateo,KR 4 - CL 30 Soacha
775,L41,Bicentenario,#009A9D,11,Carrera 10,L,,,2,7504,TM0102,Terreros - H. Cardiovascular,KR 7 - CL 33 Soacha
775,L41,Bicentenario,#009A9D,11,Carrera 10,L,,,3,7010,TM0149,Bosa,Autopista Sur- 65A Sur
775,L41,Bicentenario,#009A9D,11,Carrera 10,L,,,4,7005,TM0094,Alquería,Autopista Sur - KR 52A
775,L41,Bicentenario,#009A9D,11,Carrera 10,L,,,5,7008,TM0091,NQS Calle 30 SUR,Autopista Sur - CL 30 Sur
775,L41,Bicentenario,#009A9D,11,Carrera 10,L,,,6,7201,TM0147,Guatoque - Veraguas,AC 6 - KR 27
775,L41,Bicentenario,#009A9D,11,Carrera 10,L,,,7,7200,TM0148,Tygua-San José,AC 6 - KR 18
775,L41,Bicentenario,#009A9D,11,Carrera 10,L,,,8,10005,TM0139,Bicentenario,AK 10 - CL 6
620,L81,Portal 20 de Julio,#009A9D,11,Carrera 10,L,,2:00 PM - 10:00 PM,1,51705,396A04,Puente de Guadua,AC 80 - KR 119
620,L81,Portal 20 de Julio,#009A9D,11,Carrera 10,L,,2:00 PM - 10:00 PM,2,51427,138A04,Br. El Cortijo,AC 80 - KR 114
620,L81,Portal 20 de Julio,#009A9D,11,Carrera 10,L,,2:00 PM - 10:00 PM,3,51468,159A04,Villas de Granada,AC 80 - KR 112BIS
620,L81,Portal 20 de Julio,#009A9D,11,Carrera 10,L,,2:00 PM - 10:00 PM,4,51431,143A04,Br. Garcés Navas,AC 80 - KR 110
620,L81,Portal 20 de Julio,#009A9D,11,Carrera 10,L,,2:00 PM - 10:00 PM,5,51433,145A04,Br. Garcés Navas Oriental,AC 80 - TV 106
620,L81,Portal 20 de Julio,#009A9D,11,Carrera 10,L,,2:00 PM - 10:00 PM,6,4104,TM0050,Avenida 68,AC 80 - KR 68G
620,L81,Portal 20 de Julio,#009A9D,11,Carrera 10,L,,2:00 PM - 10:00 PM,7,4106,TM0048,Carrera 47,AC 80 - KR 57
620,L81,Portal 20 de Julio,#009A9D,11,Carrera 10,L,,2:00 PM - 10:00 PM,8,4108,TM0046,Polo - FINCOMERCIO,AC 80 - KR 27
620,L81,Portal 20 de Julio,#009A9D,11,Carrera 10,L,,2:00 PM - 10:00 PM,9,57474,282A00,Pq. León de Greiff,AC 85 - KR 13
620,L81,Portal 20 de Julio,#009A9D,11,Carrera 10,L,,2:00 PM - 10:00 PM,10,71705,BD-067A,K11 - CL78,K11 - CL78
620,L81,Portal 20 de Julio,#009A9D,11,Carrera 10,L,,2:00 PM - 10:00 PM,11,71439,BD-050A,CL72 - K10,CL72 - K10
620,L81,Portal 20 de Julio,#009A9D,11,Carrera 10,L,,2:00 PM - 10:00 PM,12,73080,BD-018A,K7 - CL71 N/S A,K7 - CL71
620,L81,Portal 20 de Julio,#009A9D,11,Carrera 10,L,,2:00 PM - 10:00 PM,13,71409,BD-016A,K7- CL66 N/S A,K7- CL66
620,L81,Portal 20 de Julio,#009A9D,11,Carrera 10,L,,2:00 PM - 10:00 PM,14,73078,BD-014B,K7 - CL61 N/S B,K7 - CL61
620,L81,Portal 20 de Julio,#009A9D,11,Carrera 10,L,,2:00 PM - 10:00 PM,15,73077,BD-012B,K7 - CL56 N/S B,K7 - CL56
620,L81,Portal 20 de Julio,#009A9D,11,Carrera 10,L,,2:00 PM - 10:00 PM,16,71412,BD-010A,K7 - CL51,K7 - CL51
620,L81,Portal 20 de Julio,#009A9D,11,Carrera 10,L,,2:00 PM - 10:00 PM,17,71413,BD-008A,K7 - CL45,K7 - CL45
620,L81,Portal 20 de Julio,#009A9D,11,Carrera 10,L,,2:00 PM - 10:00 PM,18,71414,BD-006A,K7 - CL40 N/S A,K7 - CL40
620,L81,Portal 20 de Julio,#009A9D,11,Carrera 10,L,,2:00 PM - 10:00 PM,19,71415,BD-004A,K7 - CL36,K7 - CL36
620,L81,Portal 20 de Julio,#009A9D,11,Carrera 10,L,,2:00 PM - 10:00 PM,20,71416,BD-002A,K7 - CL33,K7 - CL33
620,L81,Portal 20 de Julio,#009A9D,11,Carrera 10,L,,2:00 PM - 10:00 PM,21,10009,TM0146,Museo Nacional,KR 7 - CL 29
620,L81,Portal 20 de Julio,#009A9D,11,Carrera 10,L,,2:00 PM - 10:00 PM,22,10006,TM0138,San Victorino,AK 10 - CL 11
620,L81,Portal 20 de Julio,#009A9D,11,Carrera 10,L,,2:00 PM - 10:00 PM,23,10005,TM0139,Bicentenario,AK 10 - CL 6
620,L81,Portal 20 de Julio,#009A9D,11,Carrera 10,L,,2:00 PM - 10:00 PM,24,10002,TM0143,Av. Primero de Mayo,AK 10 - CL 17 Sur
620,L81,Portal 20 de Julio,#009A9D,11,Carrera 10,L,,2:00 PM - 10:00 PM,25,10001,TM0144,Country Sur,AK 10 - CL 27 Sur
620,L81,Portal 20 de Julio,#009A9D,11,Carrera 10,L,,2:00 PM - 10:00 PM,26,10000,TM0145,Portal 20  de Julio,KR 5A - CL 30D Sur
622,L82,Portal 20 de Julio,#009A9D,11,Carrera 10,L,,2:00 PM - 10:00 PM,1,71692,BD-064A,K7 - CL132,K7 - CL132
622,L82,Portal 20 de Julio,#009A9D,11,Carrera 10,L,,2:00 PM - 10:00 PM,2,71694,BD-062A,K7  -  CL127B,K7 - CL127B
622,L82,Portal 20 de Julio,#009A9D,11,Carrera 10,L,,2:00 PM - 10:00 PM,3,71696,BD-060A,K7  -  CL124,K7 - CL124
622,L82,Portal 20 de Julio,#009A9D,11,Carrera 10,L,,2:00 PM - 10:00 PM,4,71697,BD-058B,K7 - CL118 N/S B,K7 - CL118
622,L82,Portal 20 de Julio,#009A9D,11,Carrera 10,L,,2:00 PM - 10:00 PM,5,73082,BD-056A,K7 - CL116 N/S A,K7 - CL116
622,L82,Portal 20 de Julio,#009A9D,11,Carrera 10,L,,2:00 PM - 10:00 PM,6,71701,BD-054A,K7  -  CL110,K7 - CL110
622,L82,Portal 20 de Julio,#009A9D,11,Carrera 10,L,,2:00 PM - 10:00 PM,7,71706,BD-048A,K7  - CL106,K7 - CL106
622,L82,Portal 20 de Julio,#009A9D,11,Carrera 10,L,,2:00 PM - 10:00 PM,8,71506,BD-049A,K7  -  CL 101,K7 - CL101
622,L82,Portal 20 de Julio,#009A9D,11,Carrera 10,L,,2:00 PM - 10:00 PM,9,71702,BD-040A,K7 - CL97A,K7 - CL97A
622,L82,Portal 20 de Julio,#009A9D,11,Carrera 10,L,,2:00 PM - 10:00 PM,10,71507,BD-038A,K7  -  CL94,K7 - CL94
622,L82,Portal 20 de Julio,#009A9D,11,Carrera 10,L,,2:00 PM - 10:00 PM,11,71508,BD-036A,K7 - CL90,K7 - CL90
622,L82,Portal 20 de Julio,#009A9D,11,Carrera 10,L,,2:00 PM - 10:00 PM,12,71704,BD-030A,K7 - CL79,K7 - CL79
622,L82,Portal 20 de Julio,#009A9D,11,Carrera 10,L,,2:00 PM - 10:00 PM,13,73081,BD-029A,K7 - CL74 N/S A,K7 - CL74
622,L82,Portal 20 de Julio,#009A9D,11,Carrera 10,L,,2:00 PM - 10:00 PM,14,10008,TM0136,San Diego,AK 10 - CL 23
622,L82,Portal 20 de Julio,#009A9D,11,Carrera 10,L,,2:00 PM - 10:00 PM,15,10005,TM0139,Bicentenario,AK 10 - CL 6
622,L82,Portal 20 de Julio,#009A9D,11,Carrera 10,L,,2:00 PM - 10:00 PM,16,10002,TM0143,Av. Primero de Mayo,AK 10 - CL 17 Sur
622,L82,Portal 20 de Julio,#009A9D,11,Carrera 10,L,,2:00 PM - 10:00 PM,17,10001,TM0144,Country Sur,AK 10 - CL 27 Sur
622,L82,Portal 20 de Julio,#009A9D,11,Carrera 10,L,,2:00 PM - 10:00 PM,18,10000,TM0145,Portal 20  de Julio,KR 5A - CL 30D Sur
2597,L820,Portal 20 de Julio,#009944,,,,,,1,56016,594A13,Br. Guacamayas,CL 37A Sur - KR 4
2597,L820,Portal 20 de Julio,#009944,,,,,,2,55229,030A13,Br. Villa de Los Alpes,KR 3B - CL 36 BIS Sur
2597,L820,Portal 20 de Julio,#009944,,,,,,3,55504,188A13,Br. Atenas I,DG 33 Sur - TV 1
2597,L820,Portal 20 de Julio,#009944,,,,,,4,59067,658A13,Comedor La Joyita,KR 1 - CL 32C Sur
2597,L820,Portal 20 de Julio,#009944,,,,,,5,10000,TM0145,Portal 20  de Julio,KR 5A - CL 30D Sur
1180,L820,San Isidro,#009944,,,,,,1,10000,TM0145,Portal 20  de Julio,KR 5A - CL 30D Sur
1180,L820,San Isidro,#009944,,,,,,2,59065,656A13,Colegio San Isidro Sede B,KR 7A - CL 35A Sur
1180,L820,San Isidro,#009944,,,,,,3,59066,657A13,Br. Ayacucho,CL 36B Sur - KR 5A
1180,L820,San Isidro,#009944,,,,,,4,55242,043A13,Br. Las Lomas,KR 4C - CL 36B Sur
384,M47,Museo Nacional,#009A9D,12,Carrera 7,M,4:30 AM - 11:00 PM,4:00 AM - 10:00 PM,1,7000,TM0099,Portal Sur - JFK Coop. Financiera,Autopista Sur - KR 73
384,M47,Museo Nacional,#009A9D,12,Carrera 7,M,4:30 AM - 11:00 PM,4:00 AM - 10:00 PM,2,7001,TM0098,Perdomo,Autopista Sur - KR 72 Sur
384,M47,Museo Nacional,#009A9D,12,Carrera 7,M,4:30 AM - 11:00 PM,4:00 AM - 10:00 PM,3,7002,TM0097,C.C Paseo Villa Del Rio - Madelena,Autopista Sur - KR 65
384,M47,Museo Nacional,#009A9D,12,Carrera 7,M,4:30 AM - 11:00 PM,4:00 AM - 10:00 PM,4,7003,TM0096,Sevillana,Autopista Sur - KRA 61
384,M47,Museo Nacional,#009A9D,12,Carrera 7,M,4:30 AM - 11:00 PM,4:00 AM - 10:00 PM,5,7007,TM0092,NQS Calle 38A Sur,Autopista Sur - CL 38 Sur
384,M47,Museo Nacional,#009A9D,12,Carrera 7,M,4:30 AM - 11:00 PM,4:00 AM - 10:00 PM,6,7112,TM0088,Comuneros,AV. NQS -  CL 5
384,M47,Museo Nacional,#009A9D,12,Carrera 7,M,4:30 AM - 11:00 PM,4:00 AM - 10:00 PM,7,7201,TM0147,Guatoque - Veraguas,AC 6 - KR 27
384,M47,Museo Nacional,#009A9D,12,Carrera 7,M,4:30 AM - 11:00 PM,4:00 AM - 10:00 PM,8,7200,TM0148,Tygua-San José,AC 6 - KR 18
384,M47,Museo Nacional,#009A9D,12,Carrera 7,M,4:30 AM - 11:00 PM,4:00 AM - 10:00 PM,9,10006,TM0138,San Victorino,AK 10 - CL 11
384,M47,Museo Nacional,#009A9D,12,Carrera 7,M,4:30 AM - 11:00 PM,4:00 AM - 10:00 PM,10,10007,TM0137,Las Nieves,AK 10 - AC 19
384,M47,Museo Nacional,#009A9D,12,Carrera 7,M,4:30 AM - 11:00 PM,4:00 AM - 10:00 PM,11,10008,TM0136,San Diego,AK 10 - CL 23
384,M47,Museo Nacional,#009A9D,12,Carrera 7,M,4:30 AM - 11:00 PM,4:00 AM - 10:00 PM,12,10009,TM0146,Museo Nacional,KR 7 - CL 29
398,M51,Museo Nacional,#009A9D,12,Carrera 7,M,4:30 AM - 11:00 PM,,1,5000,TM0087,Portal Américas,AV. Villavicencio - KR 86
398,M51,Museo Nacional,#009A9D,12,Carrera 7,M,4:30 AM - 11:00 PM,,2,5002,TM0085,Biblioteca Tintal,AV. Ciudad de Cali - 33 SUR
398,M51,Museo Nacional,#009A9D,12,Carrera 7,M,4:30 AM - 11:00 PM,,3,5100,TM0083,Banderas,AV. Américas - KR 78G
398,M51,Museo Nacional,#009A9D,12,Carrera 7,M,4:30 AM - 11:00 PM,,4,5101,TM0082,Mandalay,AV. Américas - KR 73
398,M51,Museo Nacional,#009A9D,12,Carrera 7,M,4:30 AM - 11:00 PM,,5,5102,TM0081,Av Américas - Av. Boyacá,AV. Américas - KR 71C
398,M51,Museo Nacional,#009A9D,12,Carrera 7,M,4:30 AM - 11:00 PM,,6,5103,TM0080,Marsella,AV. Américas - KR 69C
398,M51,Museo Nacional,#009A9D,12,Carrera 7,M,4:30 AM - 11:00 PM,,7,5105,TM0079,Pradera - Plaza Central,AV. Américas -  KR 63
398,M51,Museo Nacional,#009A9D,12,Carrera 7,M,4:30 AM - 11:00 PM,,8,5107,TM0078,Distrito Grafiti,AV. Américas -  KR 53
398,M51,Museo Nacional,#009A9D,12,Carrera 7,M,4:30 AM - 11:00 PM,,9,7111,TM0069,Ricaurte,AV. NQS - CL 10
398,M51,Museo Nacional,#009A9D,12,Carrera 7,M,4:30 AM - 11:00 PM,,10,9110,TM0013,Avenida Jiménez,AV. Caracas - CL 11
398,M51,Museo Nacional,#009A9D,12,Carrera 7,M,4:30 AM - 11:00 PM,,11,10007,TM0137,Las Nieves,AK 10 - AC 19
398,M51,Museo Nacional,#009A9D,12,Carrera 7,M,4:30 AM - 11:00 PM,,12,10008,TM0136,San Diego,AK 10 - CL 23
398,M51,Museo Nacional,#009A9D,12,Carrera 7,M,4:30 AM - 11:00 PM,,13,10009,TM0146,Museo Nacional,KR 7 - CL 29
12297,M82,CLL134 - KR 7,#009A9D,12,Carrera 7,M,4:00 AM - 11:00 PM,2:00 PM - 10:00 PM,1,10000,TM0145,Portal 20  de Julio,KR 5A - CL 30D Sur
12297,M82,CLL134 - KR 7,#009A9D,12,Carrera 7,M,4:00 AM - 11:00 PM,2:00 PM - 10:00 PM,2,10001,TM0144,Country Sur,AK 10 - CL 27 Sur
12297,M82,CLL134 - KR 7,#009A9D,12,Carrera 7,M,4:00 AM - 11:00 PM,2:00 PM - 10:00 PM,3,10002,TM0143,Av. Primero de Mayo,AK 10 - CL 17 Sur
12297,M82,CLL134 - KR 7,#009A9D,12,Carrera 7,M,4:00 AM - 11:00 PM,2:00 PM - 10:00 PM,4,10005,TM0139,Bicentenario,AK 10 - CL 6
12297,M82,CLL134 - KR 7,#009A9D,12,Carrera 7,M,4:00 AM - 11:00 PM,2:00 PM - 10:00 PM,5,10008,TM0136,San Diego,AK 10 - CL 23
12297,M82,CLL134 - KR 7,#009A9D,12,Carrera 7,M,4:00 AM - 11:00 PM,2:00 PM - 10:00 PM,6,71675,BD-031A,K7 - CL78,K7 - CL78
12297,M82,CLL134 - KR 7,#009A9D,12,Carrera 7,M,4:00 AM - 11:00 PM,2:00 PM - 10:00 PM,7,71596,BD-037A,K7 - CL92,K7 - CL92
12297,M82,CLL134 - KR 7,#009A9D,12,Carrera 7,M,4:00 AM - 11:00 PM,2:00 PM - 10:00 PM,8,71597,BD-039A,K7 - CL94,K7 - CL94
12297,M82,CLL134 - KR 7,#009A9D,12,Carrera 7,M,4:00 AM - 11:00 PM,2:00 PM - 10:00 PM,9,71598,BD-041A,K7 - CL100,K7 - CL100
12297,M82,CLL134 - KR 7,#009A9D,12,Carrera 7,M,4:00 AM - 11:00 PM,2:00 PM - 10:00 PM,10,71676,BD-052A,K7 - CL106,K7 - CL106
12297,M82,CLL134 - KR 7,#009A9D,12,Carrera 7,M,4:00 AM - 11:00 PM,2:00 PM - 10:00 PM,11,71678,BD-053A,K7 - CL110,K7 - CL110
12297,M82,CLL134 - KR 7,#009A9D,12,Carrera 7,M,4:00 AM - 11:00 PM,2:00 PM - 10:00 PM,12,71681,BD-055A,K7 - CL116,K7 - CL116
12297,M82,CLL134 - KR 7,#009A9D,12,Carrera 7,M,4:00 AM - 11:00 PM,2:00 PM - 10:00 PM,13,71683,BD-057A,K7 - CL119B,K7 - CL119B
12297,M82,CLL134 - KR 7,#009A9D,12,Carrera 7,M,4:00 AM - 11:00 PM,2:00 PM - 10:00 PM,14,71684,BD-059A,K7 - CL124,K7 - CL124
12297,M82,CLL134 - KR 7,#009A9D,12,Carrera 7,M,4:00 AM - 11:00 PM,2:00 PM - 10:00 PM,15,71686,BD-061A,K7 - CL127B,K7 - CL127B
12297,M82,CLL134 - KR 7,#009A9D,12,Carrera 7,M,4:00 AM - 11:00 PM,2:00 PM - 10:00 PM,16,71688,BD-063A,K7 - CL130B,K7 - CL130B
12297,M82,CLL134 - KR 7,#009A9D,12,Carrera 7,M,4:00 AM - 11:00 PM,2:00 PM - 10:00 PM,17,71690,BD-065A,CL134 - K7,CL134 - K7
646,M83,Museo Nacional,#009A9D,12,Carrera 7,M,,4:30 AM - 10:00 PM,1,90004,TM0118,Portal Usme,AV. Caracas - CL 65 Sur
646,M83,Museo Nacional,#009A9D,12,Carrera 7,M,,4:30 AM - 10:00 PM,2,90008,TM0190,Danubio,Danubio
646,M83,Museo Nacional,#009A9D,12,Carrera 7,M,,4:30 AM - 10:00 PM,3,9002,TM0114,Consuelo,CL 51 Sur - KR 11
646,M83,Museo Nacional,#009A9D,12,Carrera 7,M,,4:30 AM - 10:00 PM,4,9101,TM0110,Quiroga,AV. Caracas - CL 33 Sur
646,M83,Museo Nacional,#009A9D,12,Carrera 7,M,,4:30 AM - 10:00 PM,5,10002,TM0143,Av. Primero de Mayo,AK 10 - CL 17 Sur
646,M83,Museo Nacional,#009A9D,12,Carrera 7,M,,4:30 AM - 10:00 PM,6,10004,TM0141,Policarpa,AK 10 - CL 2 Sur
646,M83,Museo Nacional,#009A9D,12,Carrera 7,M,,4:30 AM - 10:00 PM,7,10005,TM0139,Bicentenario,AK 10 - CL 6
646,M83,Museo Nacional,#009A9D,12,Carrera 7,M,,4:30 AM - 10:00 PM,8,10006,TM0138,San Victorino,AK 10 - CL 11
646,M83,Museo Nacional,#009A9D,12,Carrera 7,M,,4:30 AM - 10:00 PM,9,10008,TM0136,San Diego,AK 10 - CL 23
646,M83,Museo Nacional,#009A9D,12,Carrera 7,M,,4:30 AM - 10:00 PM,10,10009,TM0146,Museo Nacional,KR 7 - CL 29
624,M84,KR 7 - CLL 73,#009A9D,12,Carrera 7,M,5:00 AM - 11:00 PM,6:00 AM - 10:00 PM,1,54677,193B03,ETB Tibabuyes,AV. Suba - KR 114D
624,M84,KR 7 - CLL 73,#009A9D,12,Carrera 7,M,5:00 AM - 11:00 PM,6:00 AM - 10:00 PM,2,54680,195B03,Br. Lombardía,AV. Suba - KR 110
624,M84,KR 7 - CLL 73,#009A9D,12,Carrera 7,M,5:00 AM - 11:00 PM,6:00 AM - 10:00 PM,3,3003,TM0042,21 Ángeles,AV. SUBA - KR 83
624,M84,KR 7 - CLL 73,#009A9D,12,Carrera 7,M,5:00 AM - 11:00 PM,6:00 AM - 10:00 PM,4,3010,TM0036,Puentelargo,AV. SUBA - CL 106
624,M84,KR 7 - CLL 73,#009A9D,12,Carrera 7,M,5:00 AM - 11:00 PM,6:00 AM - 10:00 PM,5,4108,TM0046,Polo - FINCOMERCIO,AC 80 - KR 27
624,M84,KR 7 - CLL 73,#009A9D,12,Carrera 7,M,5:00 AM - 11:00 PM,6:00 AM - 10:00 PM,6,56949,081A00,Br. Antiguo Country,AC 85 - KR 16A
624,M84,KR 7 - CLL 73,#009A9D,12,Carrera 7,M,5:00 AM - 11:00 PM,6:00 AM - 10:00 PM,7,57473,281A00,C.C. La Cabrera,AC 85 - AK 11
624,M84,KR 7 - CLL 73,#009A9D,12,Carrera 7,M,5:00 AM - 11:00 PM,6:00 AM - 10:00 PM,8,71705,BD-067A,K11 - CL78,K11 - CL78
624,M84,KR 7 - CLL 73,#009A9D,12,Carrera 7,M,5:00 AM - 11:00 PM,6:00 AM - 10:00 PM,9,71439,BD-050A,CL72 - K10,CL72 - K10
1315,M85,Museo Nacional,#009A9D,12,Carrera 7,M,,,1,4000,TM0058,Portal 80,Portal 80 - AC 80 - KR 96
1315,M85,Museo Nacional,#009A9D,12,Carrera 7,M,,,2,4002,TM0056,Carrera 90,AC 80 - KR 90
1315,M85,Museo Nacional,#009A9D,12,Carrera 7,M,,,3,4003,TM0055,Avenida Cali,AC 80 - KR 86
1315,M85,Museo Nacional,#009A9D,12,Carrera 7,M,,,4,4004,TM0054,Granja - cra 77,Granja - Carrera 77
1315,M85,Museo Nacional,#009A9D,12,Carrera 7,M,,,5,4101,TM0053,Minuto De Dios,AC 80 - KR 73A
1315,M85,Museo Nacional,#009A9D,12,Carrera 7,M,,,6,4104,TM0050,Avenida 68,AC 80 - KR 68G
1315,M85,Museo Nacional,#009A9D,12,Carrera 7,M,,,7,7104,TM0062,7 de Agosto,AV. NQS - CL 63G
1315,M85,Museo Nacional,#009A9D,12,Carrera 7,M,,,8,7105,TM0063,Movistar Arena,AV. NQS - CL 63
1315,M85,Museo Nacional,#009A9D,12,Carrera 7,M,,,9,7106,TM0064,Campin - UAN,AV. NQS - CL 53 Bis
1315,M85,Museo Nacional,#009A9D,12,Carrera 7,M,,,10,7111,TM0069,Ricaurte,AV. NQS - CL 10
1315,M85,Museo Nacional,#009A9D,12,Carrera 7,M,,,11,7201,TM0147,Guatoque - Veraguas,AC 6 - KR 27
1315,M85,Museo Nacional,#009A9D,12,Carrera 7,M,,,12,9105,TM0107,Fucha,AV. Caracas - CL 17A Sur
1315,M85,Museo Nacional,#009A9D,12,Carrera 7,M,,,13,9100,TM0111,Calle 40 Sur,AV. Caracas - CL 40 Sur
1315,M85,Museo Nacional,#009A9D,12,Carrera 7,M,,,14,9004,TM0112,Santa Lucía,AV. Caracas - CL 46 Sur
1315,M85,Museo Nacional,#009A9D,12,Carrera 7,M,,,15,8000,TM0119,Portal Tunal,AV. Boyacá -  AV. Villavicencio
628,M86,KR 7 - CLL 116,#009A9D,12,Carrera 7,M,4:30 AM - 11:00 PM,2:00 PM - 10:00 PM,1,6000,TM0135,Portal El Dorado – C.C Nuestro Bogotá,AV. Eldorado - KR 91
628,M86,KR 7 - CLL 116,#009A9D,12,Carrera 7,M,4:30 AM - 11:00 PM,2:00 PM - 10:00 PM,2,6100,TM0132,Av. Rojas - UNISALESIANA,AV. Eldorado - KR 69D
628,M86,KR 7 - CLL 116,#009A9D,12,Carrera 7,M,4:30 AM - 11:00 PM,2:00 PM - 10:00 PM,3,6101,TM0131,El Tiempo - Cámara De Comercio De Bogotá,AV. Eldorado - KR 69
628,M86,KR 7 - CLL 116,#009A9D,12,Carrera 7,M,4:30 AM - 11:00 PM,2:00 PM - 10:00 PM,4,6103,TM0129,CAN - British Council,AV. Eldorado - KR 59
628,M86,KR 7 - CLL 116,#009A9D,12,Carrera 7,M,4:30 AM - 11:00 PM,2:00 PM - 10:00 PM,5,6104,TM0128,Gobernacion,AV. Eldorado - KR 54
628,M86,KR 7 - CLL 116,#009A9D,12,Carrera 7,M,4:30 AM - 11:00 PM,2:00 PM - 10:00 PM,6,6106,TM0126,Corferias,AV. Eldorado - KR 40
628,M86,KR 7 - CLL 116,#009A9D,12,Carrera 7,M,4:30 AM - 11:00 PM,2:00 PM - 10:00 PM,7,6108,TM0124,Concejo de Bogotá,AV. Eldorado - KR 28
628,M86,KR 7 - CLL 116,#009A9D,12,Carrera 7,M,4:30 AM - 11:00 PM,2:00 PM - 10:00 PM,8,10008,TM0136,San Diego,AK 10 - CL 23
628,M86,KR 7 - CLL 116,#009A9D,12,Carrera 7,M,4:30 AM - 11:00 PM,2:00 PM - 10:00 PM,9,10009,TM0146,Museo Nacional,KR 7 - CL 29
628,M86,KR 7 - CLL 116,#009A9D,12,Carrera 7,M,4:30 AM - 11:00 PM,2:00 PM - 10:00 PM,10,73073,BD-005B,K7 - CL40 S/N B,K7 - CL40
628,M86,KR 7 - CLL 116,#009A9D,12,Carrera 7,M,4:30 AM - 11:00 PM,2:00 PM - 10:00 PM,11,71381,BD-009A,K7 - CL50,K7 - CL50
628,M86,KR 7 - CLL 116,#009A9D,12,Carrera 7,M,4:30 AM - 11:00 PM,2:00 PM - 10:00 PM,12,71382,BD-011A,K7 - CL57,K7 - CL57
628,M86,KR 7 - CLL 116,#009A9D,12,Carrera 7,M,4:30 AM - 11:00 PM,2:00 PM - 10:00 PM,13,71383,BD-013A,K7 - CL61,K7 - CL61
628,M86,KR 7 - CLL 116,#009A9D,12,Carrera 7,M,4:30 AM - 11:00 PM,2:00 PM - 10:00 PM,14,71384,BD-015A,K7 - CL66,K7 - CL66
628,M86,KR 7 - CLL 116,#009A9D,12,Carrera 7,M,4:30 AM - 11:00 PM,2:00 PM - 10:00 PM,15,71385,BD-017B,K7 - CL70A S/N B,K7 - CL70A
628,M86,KR 7 - CLL 116,#009A9D,12,Carrera 7,M,4:30 AM - 11:00 PM,2:00 PM - 10:00 PM,16,71802,BD-033A.,K7-CL82,K7 - CL82
628,M86,KR 7 - CLL 116,#009A9D,12,Carrera 7,M,4:30 AM - 11:00 PM,2:00 PM - 10:00 PM,17,71595,BD-035A,K7 - CL87,K7 - CL87
628,M86,KR 7 - CLL 116,#009A9D,12,Carrera 7,M,4:30 AM - 11:00 PM,2:00 PM - 10:00 PM,18,71596,BD-037A,K7 - CL92,K7 - CL92
628,M86,KR 7 - CLL 116,#009A9D,12,Carrera 7,M,4:30 AM - 11:00 PM,2:00 PM - 10:00 PM,19,71597,BD-039A,K7 - CL94,K7 - CL94
628,M86,KR 7 - CLL 116,#009A9D,12,Carrera 7,M,4:30 AM - 11:00 PM,2:00 PM - 10:00 PM,20,71598,BD-041A,K7 - CL100,K7 - CL100
628,M86,KR 7 - CLL 116,#009A9D,12,Carrera 7,M,4:30 AM - 11:00 PM,2:00 PM - 10:00 PM,21,71681,BD-055A,K7 - CL116,K7 - CL116
628,M86,KR 7 - CLL 116,#009A9D,12,Carrera 7,M,4:30 AM - 11:00 PM,2:00 PM - 10:00 PM,22,73083,BD-058A,K7 - CL118 N/S A,K7 - CL118
1316,P85,AV 68 Calle 9,#A80F79,14,Avenida 68,P,5:00 AM - 9:00 PM,2:00 PM - 9:00 PM,1,58690,514A06,Centro Emp. Muelle Industria,DG 24 C - AK 96 Aeropuerto
1316,P85,AV 68 Calle 9,#A80F79,14,Avenida 68,P,5:00 AM - 9:00 PM,2:00 PM - 9:00 PM,2,53423,330A06,Br. San José De Fontibón,DG 24C - KR 99
1316,P85,AV 68 Calle 9,#A80F79,14,Avenida 68,P,5:00 AM - 9:00 PM,2:00 PM - 9:00 PM,3,58051,151A06,Iglesia San José de Fontibón,AV. Esperanza - KR 99
1316,P85,AV 68 Calle 9,#A80F79,14,Avenida 68,P,5:00 AM - 9:00 PM,2:00 PM - 9:00 PM,4,58101,046A06,Pq. Empresarial La Cofradía,AV. Esperanza - KR 96H
1316,P85,AV 68 Calle 9,#A80F79,14,Avenida 68,P,5:00 AM - 9:00 PM,2:00 PM - 9:00 PM,5,58102,188A06,Br. Tierra Firme,AV. Esperanza - KR 95
1316,P85,AV 68 Calle 9,#A80F79,14,Avenida 68,P,5:00 AM - 9:00 PM,2:00 PM - 9:00 PM,6,58103,150A06,Br. Capellanía,AV. Esperanza - AV. C. de Cali
1316,P85,AV 68 Calle 9,#A80F79,14,Avenida 68,P,5:00 AM - 9:00 PM,2:00 PM - 9:00 PM,7,52916,027A06,Mallorca,AV. C. de Cali - CL 23 Bis
1316,P85,AV 68 Calle 9,#A80F79,14,Avenida 68,P,5:00 AM - 9:00 PM,2:00 PM - 9:00 PM,8,53270,191A06,Urb. Fuente Del Dorado,AV. C. de Cali - CL 22F
1316,P85,AV 68 Calle 9,#A80F79,14,Avenida 68,P,5:00 AM - 9:00 PM,2:00 PM - 9:00 PM,9,53170,154A06,Av. Ferrocarril,AV. C. de Cali - AC 22
1316,P85,AV 68 Calle 9,#A80F79,14,Avenida 68,P,5:00 AM - 9:00 PM,2:00 PM - 9:00 PM,10,53211,182A06,Urbanización Capellanía,AC 22 - KR 87C
1316,P85,AV 68 Calle 9,#A80F79,14,Avenida 68,P,5:00 AM - 9:00 PM,2:00 PM - 9:00 PM,11,57673,089A06,Servisalud Capellanía,AC 22 - KR 92
1316,P85,AV 68 Calle 9,#A80F79,14,Avenida 68,P,5:00 AM - 9:00 PM,2:00 PM - 9:00 PM,12,50418,402A06,Urb. Capellanía,KR 91 - CL 20A
1316,P85,AV 68 Calle 9,#A80F79,14,Avenida 68,P,5:00 AM - 9:00 PM,2:00 PM - 9:00 PM,13,53505,403A06,Urb. Prado Grande,CL 19A - KR 89 Urb. Prado Grande
1316,P85,AV 68 Calle 9,#A80F79,14,Avenida 68,P,5:00 AM - 9:00 PM,2:00 PM - 9:00 PM,14,56732,128A07,Ciudad Hayuelos,AV. C. de Cali - CL 18
1316,P85,AV 68 Calle 9,#A80F79,14,Avenida 68,P,5:00 AM - 9:00 PM,2:00 PM - 9:00 PM,15,56119,057A07,Br. El Vergel,AV. Centenario - KR 82
1316,P85,AV 68 Calle 9,#A80F79,14,Avenida 68,P,5:00 AM - 9:00 PM,2:00 PM - 9:00 PM,16,73849,452A07,Br. El Vergel,AV. Centenario - KR 81A
1316,P85,AV 68 Calle 9,#A80F79,14,Avenida 68,P,5:00 AM - 9:00 PM,2:00 PM - 9:00 PM,17,56054,019A07,Br. Interindustrial,AV. Centenario - KR 78G
1316,P85,AV 68 Calle 9,#A80F79,14,Avenida 68,P,5:00 AM - 9:00 PM,2:00 PM - 9:00 PM,18,56662,355A07,Br. Interindustrial,AV. Centenario - AV. Boyacá
1316,P85,AV 68 Calle 9,#A80F79,14,Avenida 68,P,5:00 AM - 9:00 PM,2:00 PM - 9:00 PM,19,56160,073A07,Br. Villa Alsacia,AV. Centenario - AV. Boyacá
1316,P85,AV 68 Calle 9,#A80F79,14,Avenida 68,P,5:00 AM - 9:00 PM,2:00 PM - 9:00 PM,20,56102,041A07,Br. Ciudad Alsacia,AV. Centenario - KR 69B
1316,P85,AV 68 Calle 9,#A80F79,14,Avenida 68,P,5:00 AM - 9:00 PM,2:00 PM - 9:00 PM,21,56055,020A07,Br. Lusitania,AV. Centenario - AK 68D
1316,P85,AV 68 Calle 9,#A80F79,14,Avenida 68,P,5:00 AM - 9:00 PM,2:00 PM - 9:00 PM,22,56620,340A07,Br. Lusitania,AV. Centenario - KR 68B
1316,P85,AV 68 Calle 9,#A80F79,14,Avenida 68,P,5:00 AM - 9:00 PM,2:00 PM - 9:00 PM,23,53296,235A06,Coodecafec,KR 65 - CL 14
1316,P85,AV 68 Calle 9,#A80F79,14,Avenida 68,P,5:00 AM - 9:00 PM,2:00 PM - 9:00 PM,24,53350,263A06,Carrera 68,AC 17 - KR 65B
1316,P85,AV 68 Calle 9,#A80F79,14,Avenida 68,P,5:00 AM - 9:00 PM,2:00 PM - 9:00 PM,25,53101,127A06,Br. Centro Industrial,AK 68 - CL 19
1316,P85,AV 68 Calle 9,#A80F79,14,Avenida 68,P,5:00 AM - 9:00 PM,2:00 PM - 9:00 PM,26,52992,068A06,Br. Centro Industrial,AK 68- CL 20
1316,P85,AV 68 Calle 9,#A80F79,14,Avenida 68,P,5:00 AM - 9:00 PM,2:00 PM - 9:00 PM,27,53105,128A06,Br. Ciudad Salitre Suroriental,AK 68 - CL 22A
1316,P85,AV 68 Calle 9,#A80F79,14,Avenida 68,P,5:00 AM - 9:00 PM,2:00 PM - 9:00 PM,28,53115,130C06,Imprenta Nacional de Colombia,AK 68 - AV. La Esperanza
1316,P85,AV 68 Calle 9,#A80F79,14,Avenida 68,P,5:00 AM - 9:00 PM,2:00 PM - 9:00 PM,29,53117,131A06,Bco de la Rep Cent de Efectivo,AK 68 - AC 26
1316,P85,AV 68 Calle 9,#A80F79,14,Avenida 68,P,5:00 AM - 9:00 PM,2:00 PM - 9:00 PM,30,52452,116A05,Br. Salitre Greco,AK 68 - CL 46
1316,P85,AV 68 Calle 9,#A80F79,14,Avenida 68,P,5:00 AM - 9:00 PM,2:00 PM - 9:00 PM,31,52480,118A05,Pq. Metropolitano Simón Bolívar,AK 68 - CL 51
1316,P85,AV 68 Calle 9,#A80F79,14,Avenida 68,P,5:00 AM - 9:00 PM,2:00 PM - 9:00 PM,32,53145,437A05,Pq. Metropolitano Simón Bolívar,AK 68 - AC 63
1316,P85,AV 68 Calle 9,#A80F79,14,Avenida 68,P,5:00 AM - 9:00 PM,2:00 PM - 9:00 PM,33,52492,121A05,Pq. El Salitre,AK 68 - AC 63
1316,P85,AV 68 Calle 9,#A80F79,14,Avenida 68,P,5:00 AM - 9:00 PM,2:00 PM - 9:00 PM,34,52518,122C05,Pq. Aquapark,AK 68 - AC 66
1316,P85,AV 68 Calle 9,#A80F79,14,Avenida 68,P,5:00 AM - 9:00 PM,2:00 PM - 9:00 PM,35,52524,124A05,Br. J.J. Vargas,AK 68 - CL 67G
1316,P85,AV 68 Calle 9,#A80F79,14,Avenida 68,P,5:00 AM - 9:00 PM,2:00 PM - 9:00 PM,36,51100,015A04,Pq. Metrópolis,AK 68 - CL 74A
1316,P85,AV 68 Calle 9,#A80F79,14,Avenida 68,P,5:00 AM - 9:00 PM,2:00 PM - 9:00 PM,37,51282,103A04,C.C. Metrópolis,AK 68 - CL 75A
1316,P85,AV 68 Calle 9,#A80F79,14,Avenida 68,P,5:00 AM - 9:00 PM,2:00 PM - 9:00 PM,38,51066,001A04,Avenida Calle 80,AK 68 - CL 79D
1316,P85,AV 68 Calle 9,#A80F79,14,Avenida 68,P,5:00 AM - 9:00 PM,2:00 PM - 9:00 PM,39,54716,209A03,Br. Entreríos,AK 68 - CL 90
1316,P85,AV 68 Calle 9,#A80F79,14,Avenida 68,P,5:00 AM - 9:00 PM,2:00 PM - 9:00 PM,40,54719,210A03,Cafam Floresta,AK 68 - CL 98
1316,P85,AV 68 Calle 9,#A80F79,14,Avenida 68,P,5:00 AM - 9:00 PM,2:00 PM - 9:00 PM,41,54621,170A03,Br. Los Andes,AC 100 - KR 65A
1316,P85,AV 68 Calle 9,#A80F79,14,Avenida 68,P,5:00 AM - 9:00 PM,2:00 PM - 9:00 PM,42,54624,171A03,Br. Los Andes,AC 100 - KR 64
1316,P85,AV 68 Calle 9,#A80F79,14,Avenida 68,P,5:00 AM - 9:00 PM,2:00 PM - 9:00 PM,43,54616,165A03,Estación Suba - Calle 100,AC 100 - KR 60
1316,P85,AV 68 Calle 9,#A80F79,14,Avenida 68,P,5:00 AM - 9:00 PM,2:00 PM - 9:00 PM,44,56824,001A00,C.C. Iserra 100,AC 100 - KR 54
1316,P85,AV 68 Calle 9,#A80F79,14,Avenida 68,P,5:00 AM - 9:00 PM,2:00 PM - 9:00 PM,45,57295,211A00,Br. La Castellana,AC 100 - KR 45
1316,P85,AV 68 Calle 9,#A80F79,14,Avenida 68,P,5:00 AM - 9:00 PM,2:00 PM - 9:00 PM,46,57300,212C00,Centro Empresarial Calle 100,AC 100 - TV 21
1316,P85,AV 68 Calle 9,#A80F79,14,Avenida 68,P,5:00 AM - 9:00 PM,2:00 PM - 9:00 PM,47,57301,213A00,Br. Chicó Norte III Sector,AC 100 - KR 17
1316,P85,AV 68 Calle 9,#A80F79,14,Avenida 68,P,5:00 AM - 9:00 PM,2:00 PM - 9:00 PM,48,56812,277A01,Br. Rincón del Chicó,AK 15 - CL 101
1316,P85,AV 68 Calle 9,#A80F79,14,Avenida 68,P,5:00 AM - 9:00 PM,2:00 PM - 9:00 PM,49,56814,278A01,Avenida Calle 106,AK 15 - CL 105A
1316,P85,AV 68 Calle 9,#A80F79,14,Avenida 68,P,5:00 AM - 9:00 PM,2:00 PM - 9:00 PM,50,56816,279A01,Br. Molinos Norte,AK 15 - CL 106
1316,P85,AV 68 Calle 9,#A80F79,14,Avenida 68,P,5:00 AM - 9:00 PM,2:00 PM - 9:00 PM,51,56818,280A01,Calle 112,AK 15 - CL 112
1316,P85,AV 68 Calle 9,#A80F79,14,Avenida 68,P,5:00 AM - 9:00 PM,2:00 PM - 9:00 PM,52,56820,281A01,Calle 119,AK 15 - CL 118A
1316,P85,AV 68 Calle 9,#A80F79,14,Avenida 68,P,5:00 AM - 9:00 PM,2:00 PM - 9:00 PM,53,56225,018A01,Br. Santa Bárbara Central,AK 15 - CL 122
1316,P85,AV 68 Calle 9,#A80F79,14,Avenida 68,P,5:00 AM - 9:00 PM,2:00 PM - 9:00 PM,54,56447,119A01,C.C. Unicentro,AK 15 - CL 124
1316,P85,AV 68 Calle 9,#A80F79,14,Avenida 68,P,5:00 AM - 9:00 PM,2:00 PM - 9:00 PM,55,57558,361A01,Br. La Carolina,AK 15 - CL 127A
1316,P85,AV 68 Calle 9,#A80F79,14,Avenida 68,P,5:00 AM - 9:00 PM,2:00 PM - 9:00 PM,56,57557,360A01,Br. Plenitud La Calleja,AK 15 - CL 127A
1316,P85,AV 68 Calle 9,#A80F79,14,Avenida 68,P,5:00 AM - 9:00 PM,2:00 PM - 9:00 PM,57,73795,900V06,Urb. Prado Grande,CL 19A - KR 89
